[    2358ms] [WARNING] [@sentry/nextjs] You have enabled `debug: true`, but Sentry debug logging was removed from your bundle (likely via `withSentryConfig({ disableLogger: true })` / `webpack.treeshake.removeDebugLogging: true`). Set that option to `false` to see Sentry debug output. @ https://partner.coingecko.com/_next/static/chunks/5342-7880a619b0351708.js:20
[    2360ms] [WARNING] [Sentry] Cannot initialize SDK with `debug` option using a non-debug bundle. @ https://partner.coingecko.com/_next/static/chunks/5342-7880a619b0351708.js:20
[    2754ms] [LOG] [autocapture] Initializing pageview tracking @ https://partner.coingecko.com/_next/static/chunks/5342-7880a619b0351708.js:13
[    2758ms] [LOG] [autocapture] Initializing click tracking @ https://partner.coingecko.com/_next/static/chunks/5342-7880a619b0351708.js:13
[    2758ms] [LOG] [autocapture] Initializing dead click tracking @ https://partner.coingecko.com/_next/static/chunks/5342-7880a619b0351708.js:13
[    2759ms] [LOG] [autocapture] Initializing input tracking @ https://partner.coingecko.com/_next/static/chunks/5342-7880a619b0351708.js:13
[    2760ms] [LOG] [autocapture] Initializing scroll tracking @ https://partner.coingecko.com/_next/static/chunks/5342-7880a619b0351708.js:13
[    2761ms] [LOG] [autocapture] Initializing submit tracking @ https://partner.coingecko.com/_next/static/chunks/5342-7880a619b0351708.js:13
[    2763ms] [LOG] [autocapture] Initializing rage click tracking @ https://partner.coingecko.com/_next/static/chunks/5342-7880a619b0351708.js:13
[    2765ms] [LOG] MIXPANEL PEOPLE REQUEST (QUEUED, PENDING IDENTIFY): @ https://partner.coingecko.com/_next/static/chunks/5342-7880a619b0351708.js:13
[    2765ms] [LOG] {$set_once: Object, $token: 4150c1290c5d421a020a9de94f47eb9f, $distinct_id: $device:58f1600a-8ff3-4ffa-a913-b6a2f221a964, $device_id: 58f1600a-8ff3-4ffa-a913-b6a2f221a964} @ https://partner.coingecko.com/_next/static/chunks/5342-7880a619b0351708.js:13
[    7780ms] [LOG] [batch] MIXPANEL REQUEST: [Object] @ https://partner.coingecko.com/_next/static/chunks/5342-7880a619b0351708.js:13
[    8356ms] [ERROR] Access to font at 'https://static.coingecko.com/s/Inter-Regular-c4c9320c39a0092165c38d7df54344dcaa2fa8a381dbb068d1ae1a4e098bb235.woff' from origin 'https://partner.coingecko.com' has been blocked by CORS policy: The 'Access-Control-Allow-Origin' header has a value 'https://www.coingecko.com' that is not equal to the supplied origin. @ https://partner.coingecko.com/request-form/new:0
[    8356ms] [ERROR] Failed to load resource: net::ERR_FAILED @ https://static.coingecko.com/s/Inter-Regular-c4c9320c39a0092165c38d7df54344dcaa2fa8a381dbb068d1ae1a4e098bb235.woff:0
[   13101ms] [LOG] [batch] MIXPANEL REQUEST: [Object] @ https://partner.coingecko.com/_next/static/chunks/5342-7880a619b0351708.js:13
[   18200ms] [LOG] [batch] MIXPANEL REQUEST: [Object] @ https://partner.coingecko.com/_next/static/chunks/5342-7880a619b0351708.js:13
[   32541ms] [LOG] [autocapture] Path change: re-initializing scroll depth checkpoints @ https://partner.coingecko.com/_next/static/chunks/5342-7880a619b0351708.js:13
[   33310ms] [LOG] [batch] MIXPANEL REQUEST: [Object, Object] @ https://partner.coingecko.com/_next/static/chunks/5342-7880a619b0351708.js:13
[   48395ms] [LOG] [batch] MIXPANEL REQUEST: [Object] @ https://partner.coingecko.com/_next/static/chunks/5342-7880a619b0351708.js:13
[   48519ms] [LOG] [autocapture] Path change: re-initializing scroll depth checkpoints @ https://partner.coingecko.com/_next/static/chunks/5342-7880a619b0351708.js:13
[   53483ms] [LOG] [batch] MIXPANEL REQUEST: [Object, Object, Object] @ https://partner.coingecko.com/_next/static/chunks/5342-7880a619b0351708.js:13
[   56543ms] [LOG] [batch] MIXPANEL REQUEST: [Object, Object, Object] @ https://partner.coingecko.com/_next/static/chunks/5342-7880a619b0351708.js:13
[   56569ms] [INFO] Executing inline script violates the following Content Security Policy directive 'script-src https://accounts.google.com/gsi/client'. Either the 'unsafe-inline' keyword, a hash ('sha256-Bvjd7UUJtZwH3c3N9YUnR/Y9mebgeUfCsngi1EtCZ84='), or a nonce ('nonce-...') is required to enable inline execution. The policy is report-only, so the violation has been logged but no further action has been taken. @ https://www.coingecko.com/account/sign_in:2
[   56569ms] [INFO] Executing inline script violates the following Content Security Policy directive 'script-src https://accounts.google.com/gsi/client'. Either the 'unsafe-inline' keyword, a hash ('sha256-GVGRYraf54EBppgsnlW+l/hSVmw3H1csr2K9zrCyUec='), or a nonce ('nonce-...') is required to enable inline execution. The policy is report-only, so the violation has been logged but no further action has been taken. @ https://www.coingecko.com/account/sign_in:3
[   56570ms] [INFO] Loading the script 'https://www.coingecko.com/tagmetrics/' violates the following Content Security Policy directive: "script-src https://accounts.google.com/gsi/client". Note that 'script-src-elem' was not explicitly set, so 'script-src' is used as a fallback. The policy is report-only, so the violation has been logged but no further action has been taken. @ https://www.coingecko.com/account/sign_in:6
[   56571ms] [INFO] Loading the script 'https://cdn-apac.onetrust.com/scripttemplates/otSDKStub.js' violates the following Content Security Policy directive: "script-src https://accounts.google.com/gsi/client". Note that 'script-src-elem' was not explicitly set, so 'script-src' is used as a fallback. The policy is report-only, so the violation has been logged but no further action has been taken. @ https://www.coingecko.com/account/sign_in:0
[   56571ms] [INFO] Executing inline script violates the following Content Security Policy directive 'script-src https://accounts.google.com/gsi/client'. Either the 'unsafe-inline' keyword, a hash ('sha256-dhE3t0rfyP2cYB9NxDMoZtVoOVoNReX28cgygNw/dYQ='), or a nonce ('nonce-...') is required to enable inline execution. The policy is report-only, so the violation has been logged but no further action has been taken. @ https://www.coingecko.com/account/sign_in:25
[   56581ms] [INFO] Loading the script 'https://challenges.cloudflare.com/turnstile/v0/api.js' violates the following Content Security Policy directive: "script-src https://accounts.google.com/gsi/client". Note that 'script-src-elem' was not explicitly set, so 'script-src' is used as a fallback. The policy is report-only, so the violation has been logged but no further action has been taken. @ https://www.coingecko.com/account/sign_in:0
[   56583ms] [INFO] Executing inline event handler violates the following Content Security Policy directive 'script-src https://accounts.google.com/gsi/client'. Either the 'unsafe-inline' keyword, a hash ('sha256-...'), or a nonce ('nonce-...') is required to enable inline execution. Note that hashes do not apply to event handlers, style attributes and javascript: navigations unless the 'unsafe-hashes' keyword is present. The policy is report-only, so the violation has been logged but no further action has been taken. @ https://www.coingecko.com/account/sign_in:343
[   56589ms] [INFO] Loading the script 'https://challenges.cloudflare.com/turnstile/v0/b/883a1f27d85f/api.js' violates the following Content Security Policy directive: "script-src https://accounts.google.com/gsi/client". Note that 'script-src-elem' was not explicitly set, so 'script-src' is used as a fallback. The policy is report-only, so the violation has been logged but no further action has been taken. @ https://www.coingecko.com/account/sign_in:0
[   56604ms] [INFO] Loading the script 'https://static.coingecko.com/packs/js/runtime-007e64bd8755c17dfc96.js' violates the following Content Security Policy directive: "script-src https://accounts.google.com/gsi/client". Note that 'script-src-elem' was not explicitly set, so 'script-src' is used as a fallback. The policy is report-only, so the violation has been logged but no further action has been taken. @ https://www.coingecko.com/account/sign_in:0
[   56604ms] [INFO] Loading the script 'https://static.coingecko.com/packs/js/2692-b6b29f07c373d136299b.js' violates the following Content Security Policy directive: "script-src https://accounts.google.com/gsi/client". Note that 'script-src-elem' was not explicitly set, so 'script-src' is used as a fallback. The policy is report-only, so the violation has been logged but no further action has been taken. @ https://www.coingecko.com/account/sign_in:0
[   56604ms] [INFO] Loading the script 'https://static.coingecko.com/packs/js/i18n-a7d3fff0ac743d8e7d9f.js' violates the following Content Security Policy directive: "script-src https://accounts.google.com/gsi/client". Note that 'script-src-elem' was not explicitly set, so 'script-src' is used as a fallback. The policy is report-only, so the violation has been logged but no further action has been taken. @ https://www.coingecko.com/account/sign_in:0
[   56604ms] [INFO] Loading the script 'https://static.coingecko.com/packs/js/translations/en-60e0743c703773a6d55c.js' violates the following Content Security Policy directive: "script-src https://accounts.google.com/gsi/client". Note that 'script-src-elem' was not explicitly set, so 'script-src' is used as a fallback. The policy is report-only, so the violation has been logged but no further action has been taken. @ https://www.coingecko.com/account/sign_in:0
[   56604ms] [INFO] Loading the script 'https://static.coingecko.com/packs/js/6234-ecff09f798c4afa44a78.js' violates the following Content Security Policy directive: "script-src https://accounts.google.com/gsi/client". Note that 'script-src-elem' was not explicitly set, so 'script-src' is used as a fallback. The policy is report-only, so the violation has been logged but no further action has been taken. @ https://www.coingecko.com/account/sign_in:0
[   56604ms] [INFO] Loading the script 'https://static.coingecko.com/packs/js/2386-f541811081397587585b.js' violates the following Content Security Policy directive: "script-src https://accounts.google.com/gsi/client". Note that 'script-src-elem' was not explicitly set, so 'script-src' is used as a fallback. The policy is report-only, so the violation has been logged but no further action has been taken. @ https://www.coingecko.com/account/sign_in:0
[   56605ms] [INFO] Loading the script 'https://static.coingecko.com/packs/js/5973-5e1a3da49a89ba298fb2.js' violates the following Content Security Policy directive: "script-src https://accounts.google.com/gsi/client". Note that 'script-src-elem' was not explicitly set, so 'script-src' is used as a fallback. The policy is report-only, so the violation has been logged but no further action has been taken. @ https://www.coingecko.com/account/sign_in:0
[   56605ms] [INFO] Loading the script 'https://static.coingecko.com/packs/js/5316-8f5a8ec3588fa6577425.js' violates the following Content Security Policy directive: "script-src https://accounts.google.com/gsi/client". Note that 'script-src-elem' was not explicitly set, so 'script-src' is used as a fallback. The policy is report-only, so the violation has been logged but no further action has been taken. @ https://www.coingecko.com/account/sign_in:0
[   56605ms] [INFO] Loading the script 'https://static.coingecko.com/packs/js/4052-6b094d4ef060a0ce058d.js' violates the following Content Security Policy directive: "script-src https://accounts.google.com/gsi/client". Note that 'script-src-elem' was not explicitly set, so 'script-src' is used as a fallback. The policy is report-only, so the violation has been logged but no further action has been taken. @ https://www.coingecko.com/account/sign_in:0
[   56606ms] [INFO] Loading the script 'https://static.coingecko.com/packs/js/4759-bb3da86498f0a5fd0910.js' violates the following Content Security Policy directive: "script-src https://accounts.google.com/gsi/client". Note that 'script-src-elem' was not explicitly set, so 'script-src' is used as a fallback. The policy is report-only, so the violation has been logged but no further action has been taken. @ https://www.coingecko.com/account/sign_in:0
[   56606ms] [INFO] Loading the script 'https://static.coingecko.com/packs/js/1374-20204fbbc4fa1b667b6f.js' violates the following Content Security Policy directive: "script-src https://accounts.google.com/gsi/client". Note that 'script-src-elem' was not explicitly set, so 'script-src' is used as a fallback. The policy is report-only, so the violation has been logged but no further action has been taken. @ https://www.coingecko.com/account/sign_in:0
[   56606ms] [INFO] Loading the script 'https://static.coingecko.com/packs/js/3337-b6dd051dee8afdfa1248.js' violates the following Content Security Policy directive: "script-src https://accounts.google.com/gsi/client". Note that 'script-src-elem' was not explicitly set, so 'script-src' is used as a fallback. The policy is report-only, so the violation has been logged but no further action has been taken. @ https://www.coingecko.com/account/sign_in:0
[   56607ms] [INFO] Loading the script 'https://static.coingecko.com/packs/js/4089-2d7a15cd0d9e343946fc.js' violates the following Content Security Policy directive: "script-src https://accounts.google.com/gsi/client". Note that 'script-src-elem' was not explicitly set, so 'script-src' is used as a fallback. The policy is report-only, so the violation has been logged but no further action has been taken. @ https://www.coingecko.com/account/sign_in:0
[   56607ms] [INFO] Loading the script 'https://static.coingecko.com/packs/js/1191-ab9c9b0a663f542b5cba.js' violates the following Content Security Policy directive: "script-src https://accounts.google.com/gsi/client". Note that 'script-src-elem' was not explicitly set, so 'script-src' is used as a fallback. The policy is report-only, so the violation has been logged but no further action has been taken. @ https://www.coingecko.com/account/sign_in:0
[   56607ms] [INFO] Loading the script 'https://static.coingecko.com/packs/js/3722-e74585e755b0c03bbab2.js' violates the following Content Security Policy directive: "script-src https://accounts.google.com/gsi/client". Note that 'script-src-elem' was not explicitly set, so 'script-src' is used as a fallback. The policy is report-only, so the violation has been logged but no further action has been taken. @ https://www.coingecko.com/account/sign_in:0
[   56608ms] [INFO] Loading the script 'https://static.coingecko.com/packs/js/7754-5554b85bb7d8b220f3d4.js' violates the following Content Security Policy directive: "script-src https://accounts.google.com/gsi/client". Note that 'script-src-elem' was not explicitly set, so 'script-src' is used as a fallback. The policy is report-only, so the violation has been logged but no further action has been taken. @ https://www.coingecko.com/account/sign_in:0
[   56608ms] [INFO] Loading the script 'https://static.coingecko.com/packs/js/1626-652e5ce588e3baabf234.js' violates the following Content Security Policy directive: "script-src https://accounts.google.com/gsi/client". Note that 'script-src-elem' was not explicitly set, so 'script-src' is used as a fallback. The policy is report-only, so the violation has been logged but no further action has been taken. @ https://www.coingecko.com/account/sign_in:0
[   56608ms] [INFO] Loading the script 'https://static.coingecko.com/packs/js/7815-97e81a7288b4e169337a.js' violates the following Content Security Policy directive: "script-src https://accounts.google.com/gsi/client". Note that 'script-src-elem' was not explicitly set, so 'script-src' is used as a fallback. The policy is report-only, so the violation has been logged but no further action has been taken. @ https://www.coingecko.com/account/sign_in:0
[   56609ms] [INFO] Loading the script 'https://static.coingecko.com/packs/js/v2/application-aa420b820e205c93eb1a.js' violates the following Content Security Policy directive: "script-src https://accounts.google.com/gsi/client". Note that 'script-src-elem' was not explicitly set, so 'script-src' is used as a fallback. The policy is report-only, so the violation has been logged but no further action has been taken. @ https://www.coingecko.com/account/sign_in:0
[   56609ms] [INFO] Loading the script 'https://static.coingecko.com/packs/js/6403-8d4dfed3d6ced3ed44ec.js' violates the following Content Security Policy directive: "script-src https://accounts.google.com/gsi/client". Note that 'script-src-elem' was not explicitly set, so 'script-src' is used as a fallback. The policy is report-only, so the violation has been logged but no further action has been taken. @ https://www.coingecko.com/account/sign_in:0
[   56609ms] [INFO] Loading the script 'https://static.coingecko.com/packs/js/v2/pages/account-ca5b765b9596d85b0410.js' violates the following Content Security Policy directive: "script-src https://accounts.google.com/gsi/client". Note that 'script-src-elem' was not explicitly set, so 'script-src' is used as a fallback. The policy is report-only, so the violation has been logged but no further action has been taken. @ https://www.coingecko.com/account/sign_in:0
[   56610ms] [INFO] Loading the script 'https://static.cloudflareinsights.com/beacon.min.js/v8c78df7c7c0f484497ecbca7046644da1771523124516' violates the following Content Security Policy directive: "script-src https://accounts.google.com/gsi/client". Note that 'script-src-elem' was not explicitly set, so 'script-src' is used as a fallback. The policy is report-only, so the violation has been logged but no further action has been taken. @ https://www.coingecko.com/account/sign_in:0
[   56628ms] [INFO] Connecting to 'https://cdn-apac.onetrust.com/consent/49e8a847-f2c7-4b58-a340-caf0924064fe/49e8a847-f2c7-4b58-a340-caf0924064fe.json' violates the following Content Security Policy directive: "connect-src https://accounts.google.com/gsi/". The policy is report-only, so the violation has been logged but no further action has been taken. @ https://cdn-apac.onetrust.com/scripttemplates/otSDKStub.js:0
[   56671ms] [INFO] Connecting to 'https://geolocation.onetrust.com/cookieconsentpub/v1/geo/location' violates the following Content Security Policy directive: "connect-src https://accounts.google.com/gsi/". The policy is report-only, so the violation has been logged but no further action has been taken. @ https://cdn-apac.onetrust.com/scripttemplates/otSDKStub.js:0
[   56730ms] [INFO] Evaluating a string as JavaScript violates the following Content Security Policy directive because 'unsafe-eval' is not an allowed source of script: "script-src https://accounts.google.com/gsi/client".
 The policy is report-only, so the violation has been logged but no further action has been taken. @ https://static.coingecko.com/packs/js/4759-bb3da86498f0a5fd0910.js:0
[   56731ms] [INFO] Evaluating a string as JavaScript violates the following Content Security Policy directive because 'unsafe-eval' is not an allowed source of script: "script-src https://accounts.google.com/gsi/client".
 The policy is report-only, so the violation has been logged but no further action has been taken. @ https://static.coingecko.com/packs/js/4759-bb3da86498f0a5fd0910.js:0
[   56747ms] [INFO] Connecting to 'wss://cables.coingecko.com/cable' violates the following Content Security Policy directive: "connect-src https://accounts.google.com/gsi/". The policy is report-only, so the violation has been logged but no further action has been taken. @ https://static.coingecko.com/packs/js/4089-2d7a15cd0d9e343946fc.js:0
[   56751ms] [INFO] Connecting to 'https://o4508323025911808.ingest.us.sentry.io/api/4508339685621761/envelope/?sentry_version=7&sentry_key=b9d74d9f9f5ffb2451d8883fe57f25c7&sentry_client=sentry.javascript.browser%2F8.55.0' violates the following Content Security Policy directive: "connect-src https://accounts.google.com/gsi/". The policy is report-only, so the violation has been logged but no further action has been taken. @ https://static.coingecko.com/packs/js/1191-ab9c9b0a663f542b5cba.js:1
[   56752ms] [INFO] Connecting to 'https://o4508323025911808.ingest.us.sentry.io/api/4508339685621761/envelope/?sentry_version=7&sentry_key=b9d74d9f9f5ffb2451d8883fe57f25c7&sentry_client=sentry.javascript.browser%2F8.55.0' violates the following Content Security Policy directive: "connect-src https://accounts.google.com/gsi/". The policy is report-only, so the violation has been logged but no further action has been taken. @ https://static.coingecko.com/packs/js/1191-ab9c9b0a663f542b5cba.js:1
[   56754ms] [ERROR] %s

%o

%o Error connecting controller Error: Missing target element "settings.darkModeButton"
    at t.get (https://static.coingecko.com/packs/js/6234-ecff09f798c4afa44a78.js:1:39082)
    at t._refreshDarkMode (https://static.coingecko.com/packs/js/v2/application-aa420b820e205c93eb1a.js:1:110372)
    at t.connect (https://static.coingecko.com/packs/js/v2/application-aa420b820e205c93eb1a.js:1:109853)
    at e.connect (https://static.coingecko.com/packs/js/6234-ecff09f798c4afa44a78.js:1:22308)
    at e.connectContextForScope (https://static.coingecko.com/packs/js/6234-ecff09f798c4afa44a78.js:1:26457)
    at e.scopeConnected (https://static.coingecko.com/packs/js/6234-ecff09f798c4afa44a78.js:1:34835)
    at e.elementMatchedValue (https://static.coingecko.com/packs/js/6234-ecff09f798c4afa44a78.js:1:32635)
    at e.tokenMatched (https://static.coingecko.com/packs/js/6234-ecff09f798c4afa44a78.js:1:18117)
    at e.tokenMatched (https://static.coingecko.com/packs/js/6234-ecff09f798c4afa44a78.js:1:16370)
    at https://static.coingecko.com/packs/js/6234-ecff09f798c4afa44a78.js:1:16194
    at Array.forEach (<anonymous>)
    at e.tokensMatched (https://static.coingecko.com/packs/js/6234-ecff09f798c4afa44a78.js:1:16164)
    at e.elementMatchedAttribute (https://static.coingecko.com/packs/js/6234-ecff09f798c4afa44a78.js:1:15803)
    at e.elementMatched (https://static.coingecko.com/packs/js/6234-ecff09f798c4afa44a78.js:1:10446)
    at e.addElement (https://static.coingecko.com/packs/js/6234-ecff09f798c4afa44a78.js:1:9276)
    at e.refresh (https://static.coingecko.com/packs/js/6234-ecff09f798c4afa44a78.js:1:7651)
    at e.start (https://static.coingecko.com/packs/js/6234-ecff09f798c4afa44a78.js:1:7266)
    at e.start (https://static.coingecko.com/packs/js/6234-ecff09f798c4afa44a78.js:1:9870)
    at e.start (https://static.coingecko.com/packs/js/6234-ecff09f798c4afa44a78.js:1:15343)
    at e.start (https://static.coingecko.com/packs/js/6234-ecff09f798c4afa44a78.js:1:17552)
    at e.start (https://static.coingecko.com/packs/js/6234-ecff09f798c4afa44a78.js:1:32068)
    at e.start (https://static.coingecko.com/packs/js/6234-ecff09f798c4afa44a78.js:1:34052)
    at e.<anonymous> (https://static.coingecko.com/packs/js/6234-ecff09f798c4afa44a78.js:1:37639)
    at https://static.coingecko.com/packs/js/6234-ecff09f798c4afa44a78.js:1:36785
    at Object.next (https://static.coingecko.com/packs/js/6234-ecff09f798c4afa44a78.js:1:36890)
    at s (https://static.coingecko.com/packs/js/6234-ecff09f798c4afa44a78.js:1:35627) {identifier: settings, controller: t, element: body.tw-bg-gray-50} @ https://static.coingecko.com/packs/js/1191-ab9c9b0a663f542b5cba.js:1
[   56755ms] [INFO] Connecting to 'https://www.coingecko.com/accounts/logged_in_user.json' violates the following Content Security Policy directive: "connect-src https://accounts.google.com/gsi/". The policy is report-only, so the violation has been logged but no further action has been taken. @ https://static.coingecko.com/packs/js/1191-ab9c9b0a663f542b5cba.js:1
[   56755ms] [INFO] Connecting to 'https://www.coingecko.com/accounts/logged_in_user.json' violates the following Content Security Policy directive: "connect-src https://accounts.google.com/gsi/". The policy is report-only, so the violation has been logged but no further action has been taken. @ https://static.coingecko.com/packs/js/1191-ab9c9b0a663f542b5cba.js:1
[   56755ms] [INFO] Connecting to 'https://www.coingecko.com/accounts/csrf_meta.json' violates the following Content Security Policy directive: "connect-src https://accounts.google.com/gsi/". The policy is report-only, so the violation has been logged but no further action has been taken. @ https://static.coingecko.com/packs/js/1191-ab9c9b0a663f542b5cba.js:1
[   56756ms] [INFO] Connecting to 'https://www.coingecko.com/accounts/csrf_meta.json' violates the following Content Security Policy directive: "connect-src https://accounts.google.com/gsi/". The policy is report-only, so the violation has been logged but no further action has been taken. @ https://static.coingecko.com/packs/js/1191-ab9c9b0a663f542b5cba.js:1
[   56772ms] [VERBOSE] [DOM] Password forms should have (optionally hidden) username fields for accessibility: (More info: https://goo.gl/9p2vKq) %o @ https://www.coingecko.com/account/sign_in:0
[   56772ms] [VERBOSE] [DOM] Input elements should have autocomplete attributes (suggested: "current-password"): (More info: https://goo.gl/9p2vKq) %o @ https://www.coingecko.com/account/sign_in:0
[   56774ms] [INFO] Loading the script 'https://cdn-apac.onetrust.com/scripttemplates/202601.2.0/otBannerSdk.js' violates the following Content Security Policy directive: "script-src https://accounts.google.com/gsi/client". Note that 'script-src-elem' was not explicitly set, so 'script-src' is used as a fallback. The policy is report-only, so the violation has been logged but no further action has been taken. @ https://cdn-apac.onetrust.com/scripttemplates/otSDKStub.js:0
[   56776ms] [ERROR] Framing 'https://challenges.cloudflare.com/' violates the following report-only Content Security Policy directive: "frame-src https://accounts.google.com/gsi/". The violation has been logged, but no further action has been taken.
 @ https://challenges.cloudflare.com/:0
[   56785ms] [INFO] Connecting to 'https://cdn-apac.onetrust.com/consent/49e8a847-f2c7-4b58-a340-caf0924064fe/019c9cde-a773-72b4-8c50-651e42514509/en.json' violates the following Content Security Policy directive: "connect-src https://accounts.google.com/gsi/". The policy is report-only, so the violation has been logged but no further action has been taken. @ https://static.coingecko.com/packs/js/1191-ab9c9b0a663f542b5cba.js:1
[   56785ms] [INFO] Connecting to 'https://cdn-apac.onetrust.com/consent/49e8a847-f2c7-4b58-a340-caf0924064fe/019c9cde-a773-72b4-8c50-651e42514509/en.json' violates the following Content Security Policy directive: "connect-src https://accounts.google.com/gsi/". The policy is report-only, so the violation has been logged but no further action has been taken. @ https://static.coingecko.com/packs/js/1191-ab9c9b0a663f542b5cba.js:1
[   56802ms] [INFO] Connecting to 'https://cdn-apac.onetrust.com/consent/49e8a847-f2c7-4b58-a340-caf0924064fe/019c9cde-a773-72b4-8c50-651e42514509/bLayout-en.json' violates the following Content Security Policy directive: "connect-src https://accounts.google.com/gsi/". The policy is report-only, so the violation has been logged but no further action has been taken. @ https://static.coingecko.com/packs/js/1191-ab9c9b0a663f542b5cba.js:1
[   56802ms] [INFO] Connecting to 'https://cdn-apac.onetrust.com/consent/49e8a847-f2c7-4b58-a340-caf0924064fe/019c9cde-a773-72b4-8c50-651e42514509/bLayout-en.json' violates the following Content Security Policy directive: "connect-src https://accounts.google.com/gsi/". The policy is report-only, so the violation has been logged but no further action has been taken. @ https://static.coingecko.com/packs/js/1191-ab9c9b0a663f542b5cba.js:1
[   56803ms] [INFO] Connecting to 'https://cdn-apac.onetrust.com/scripttemplates/202601.2.0/assets/v2/otPcCenter.json' violates the following Content Security Policy directive: "connect-src https://accounts.google.com/gsi/". The policy is report-only, so the violation has been logged but no further action has been taken. @ https://static.coingecko.com/packs/js/1191-ab9c9b0a663f542b5cba.js:1
[   56803ms] [INFO] Connecting to 'https://cdn-apac.onetrust.com/scripttemplates/202601.2.0/assets/v2/otPcCenter.json' violates the following Content Security Policy directive: "connect-src https://accounts.google.com/gsi/". The policy is report-only, so the violation has been logged but no further action has been taken. @ https://static.coingecko.com/packs/js/1191-ab9c9b0a663f542b5cba.js:1
[   56804ms] [INFO] Connecting to 'https://cdn-apac.onetrust.com/scripttemplates/202601.2.0/assets/otCommonStyles.css' violates the following Content Security Policy directive: "connect-src https://accounts.google.com/gsi/". The policy is report-only, so the violation has been logged but no further action has been taken. @ https://static.coingecko.com/packs/js/1191-ab9c9b0a663f542b5cba.js:1
[   56804ms] [INFO] Connecting to 'https://cdn-apac.onetrust.com/scripttemplates/202601.2.0/assets/otCommonStyles.css' violates the following Content Security Policy directive: "connect-src https://accounts.google.com/gsi/". The policy is report-only, so the violation has been logged but no further action has been taken. @ https://static.coingecko.com/packs/js/1191-ab9c9b0a663f542b5cba.js:1
[   56814ms] [INFO] Connecting to 'https://cdn-apac.onetrust.com/logos/static/ot_guard_logo.svg' violates the following Content Security Policy directive: "connect-src https://accounts.google.com/gsi/". The policy is report-only, so the violation has been logged but no further action has been taken. @ https://static.coingecko.com/packs/js/1191-ab9c9b0a663f542b5cba.js:1
[   56814ms] [INFO] Connecting to 'https://cdn-apac.onetrust.com/logos/static/ot_guard_logo.svg' violates the following Content Security Policy directive: "connect-src https://accounts.google.com/gsi/". The policy is report-only, so the violation has been logged but no further action has been taken. @ https://static.coingecko.com/packs/js/1191-ab9c9b0a663f542b5cba.js:1
[   56827ms] [WARNING] Error in Optanon wrapper, please review your code. TypeError: Cannot read properties of null (reading 'addEventListener') @ https://static.coingecko.com/packs/js/1191-ab9c9b0a663f542b5cba.js:1
[   56847ms] [ERROR] Framing 'https://challenges.cloudflare.com/' violates the following report-only Content Security Policy directive: "frame-src https://accounts.google.com/gsi/". The violation has been logged, but no further action has been taken.
 @ https://challenges.cloudflare.com/:0
[   57249ms] [INFO] Loading the script 'https://www.coingecko.com/tagmetrics/6neqGjS1Zb1oIKgu-djVD-JvVwnXTgW2gS72DYFtctTNpkTh' violates the following Content Security Policy directive: "script-src https://accounts.google.com/gsi/client". Note that 'script-src-elem' was not explicitly set, so 'script-src' is used as a fallback. The policy is report-only, so the violation has been logged but no further action has been taken. @ https://www.coingecko.com/tagmetrics/:339
[   57251ms] [INFO] Loading the script 'https://www.coingecko.com/tagmetrics/6neqGjS1Y8cJW80p-t_WZ4YcQluJEB6thXz8RNg1cISYo_ZDROE' violates the following Content Security Policy directive: "script-src https://accounts.google.com/gsi/client". Note that 'script-src-elem' was not explicitly set, so 'script-src' is used as a fallback. The policy is report-only, so the violation has been logged but no further action has been taken. @ https://www.coingecko.com/tagmetrics/:339
[   57253ms] [INFO] Loading the script 'https://www.coingecko.com/tagmetrics/6neqGjS1Y8cJW80p_9rTbYEVQ1mJEB6thXz8RNg1cISYo_ZDROE' violates the following Content Security Policy directive: "script-src https://accounts.google.com/gsi/client". Note that 'script-src-elem' was not explicitly set, so 'script-src' is used as a fallback. The policy is report-only, so the violation has been logged but no further action has been taken. @ https://www.coingecko.com/tagmetrics/:339
[   57255ms] [INFO] Loading the script 'https://www.googletagmanager.com/gtm.js?id=GTM-NP34MX7&gtg_health=1' violates the following Content Security Policy directive: "script-src https://accounts.google.com/gsi/client". Note that 'script-src-elem' was not explicitly set, so 'script-src' is used as a fallback. The policy is report-only, so the violation has been logged but no further action has been taken. @ https://www.coingecko.com/tagmetrics/:339
[   57864ms] [ERROR] Permissions policy violation: xr-spatial-tracking is not allowed in this document. @ https://challenges.cloudflare.com/cdn-cgi/challenge-platform/h/b/turnstile/f/ov2/av0/rch/kktyt/0x4AAAAAABkuQIhLBgY-YxvO/auto/fbE/new/normal?lang=auto:0
[   57865ms] [ERROR] Permissions policy violation: xr-spatial-tracking is not allowed in this document. @ https://challenges.cloudflare.com/cdn-cgi/challenge-platform/h/b/turnstile/f/ov2/av0/rch/kktyt/0x4AAAAAABkuQIhLBgY-YxvO/auto/fbE/new/normal?lang=auto:0
[   57865ms] [INFO] Connecting to 'https://www.coingecko.com/accounts/csrf_meta.json' violates the following Content Security Policy directive: "connect-src https://accounts.google.com/gsi/". The policy is report-only, so the violation has been logged but no further action has been taken. @ https://static.coingecko.com/packs/js/1191-ab9c9b0a663f542b5cba.js:1
[   57865ms] [INFO] Connecting to 'https://www.coingecko.com/accounts/csrf_meta.json' violates the following Content Security Policy directive: "connect-src https://accounts.google.com/gsi/". The policy is report-only, so the violation has been logged but no further action has been taken. @ https://static.coingecko.com/packs/js/1191-ab9c9b0a663f542b5cba.js:1
[   57879ms] [INFO] Connecting to 'https://www.coingecko.com/cdn-cgi/rum?' violates the following Content Security Policy directive: "connect-src https://accounts.google.com/gsi/". The policy is report-only, so the violation has been logged but no further action has been taken. @ https://static.coingecko.com/packs/js/1191-ab9c9b0a663f542b5cba.js:1
[   58243ms] Uncaught (in promise) TypeError: Cannot read properties of null (reading 'target')
    at push.23337.r.stopEverything (https://static.coingecko.com/packs/js/3337-b6dd051dee8afdfa1248.js:0:4173)
    at push.23337.r.handleMethod (https://static.coingecko.com/packs/js/3337-b6dd051dee8afdfa1248.js:0:10013)
    at navigateToUrl (https://static.coingecko.com/packs/js/1626-652e5ce588e3baabf234.js:0:7786)
[   58370ms] [WARNING] Failed to parse audio contentType: audio/mp4; codecs=ac-3 @ https://challenges.cloudflare.com/cdn-cgi/challenge-platform/h/b/turnstile/f/ov2/av0/rch/kktyt/0x4AAAAAABkuQIhLBgY-YxvO/auto/fbE/new/normal?lang=auto:0
[   58370ms] [WARNING] Failed to parse audio contentType: audio/mp4; codecs=ec-3 @ https://challenges.cloudflare.com/cdn-cgi/challenge-platform/h/b/turnstile/f/ov2/av0/rch/kktyt/0x4AAAAAABkuQIhLBgY-YxvO/auto/fbE/new/normal?lang=auto:0
[   58372ms] [WARNING] Invalid (ambiguous) video codec string: video/webm; codecs=vp9 @ https://challenges.cloudflare.com/cdn-cgi/challenge-platform/h/b/turnstile/f/ov2/av0/rch/kktyt/0x4AAAAAABkuQIhLBgY-YxvO/auto/fbE/new/normal?lang=auto:0
[   58372ms] [WARNING] Failed to parse video contentType: video/ogg; codecs=theora @ https://challenges.cloudflare.com/cdn-cgi/challenge-platform/h/b/turnstile/f/ov2/av0/rch/kktyt/0x4AAAAAABkuQIhLBgY-YxvO/auto/fbE/new/normal?lang=auto:0
[   58627ms] [LOG] /.*.*=.*/ @ https://challenges.cloudflare.com/cdn-cgi/challenge-platform/h/b/turnstile/f/ov2/av0/rch/kktyt/0x4AAAAAABkuQIhLBgY-YxvO/auto/fbE/new/normal?lang=auto:0
[   58627ms] [LOG] /.*.*=.*/ @ https://challenges.cloudflare.com/cdn-cgi/challenge-platform/h/b/turnstile/f/ov2/av0/rch/kktyt/0x4AAAAAABkuQIhLBgY-YxvO/auto/fbE/new/normal?lang=auto:0
[   58628ms] [LOG] function () { [native code] } @ https://challenges.cloudflare.com/cdn-cgi/challenge-platform/h/b/turnstile/f/ov2/av0/rch/kktyt/0x4AAAAAABkuQIhLBgY-YxvO/auto/fbE/new/normal?lang=auto:0
[   58628ms] [LOG] function () { [native code] } @ https://challenges.cloudflare.com/cdn-cgi/challenge-platform/h/b/turnstile/f/ov2/av0/rch/kktyt/0x4AAAAAABkuQIhLBgY-YxvO/auto/fbE/new/normal?lang=auto:0
[   58629ms] [LOG] JSHandle@node @ https://challenges.cloudflare.com/cdn-cgi/challenge-platform/h/b/turnstile/f/ov2/av0/rch/kktyt/0x4AAAAAABkuQIhLBgY-YxvO/auto/fbE/new/normal?lang=auto:0
[   58629ms] [LOG] JSHandle@node @ https://challenges.cloudflare.com/cdn-cgi/challenge-platform/h/b/turnstile/f/ov2/av0/rch/kktyt/0x4AAAAAABkuQIhLBgY-YxvO/auto/fbE/new/normal?lang=auto:0
[   58630ms] [COUNT]  : 1 @ https://challenges.cloudflare.com/cdn-cgi/challenge-platform/h/b/turnstile/f/ov2/av0/rch/kktyt/0x4AAAAAABkuQIhLBgY-YxvO/auto/fbE/new/normal?lang=auto:0
[   58630ms] [COUNT]  : 1 @ https://challenges.cloudflare.com/cdn-cgi/challenge-platform/h/b/turnstile/f/ov2/av0/rch/kktyt/0x4AAAAAABkuQIhLBgY-YxvO/auto/fbE/new/normal?lang=auto:0
[   58632ms] [DIR]  Error @ https://challenges.cloudflare.com/cdn-cgi/challenge-platform/h/b/turnstile/f/ov2/av0/rch/kktyt/0x4AAAAAABkuQIhLBgY-YxvO/auto/fbE/new/normal?lang=auto:0
[   58633ms] [DIR]  Error @ https://challenges.cloudflare.com/cdn-cgi/challenge-platform/h/b/turnstile/f/ov2/av0/rch/kktyt/0x4AAAAAABkuQIhLBgY-YxvO/auto/fbE/new/normal?lang=auto:0
[   58633ms] [DIRXML] %c%d font-size:0;color:transparent Error @ https://challenges.cloudflare.com/cdn-cgi/challenge-platform/h/b/turnstile/f/ov2/av0/rch/kktyt/0x4AAAAAABkuQIhLBgY-YxvO/auto/fbE/new/normal?lang=auto:0
[   58634ms] [DIRXML] %c%d font-size:0;color:transparent Error @ https://challenges.cloudflare.com/cdn-cgi/challenge-platform/h/b/turnstile/f/ov2/av0/rch/kktyt/0x4AAAAAABkuQIhLBgY-YxvO/auto/fbE/new/normal?lang=auto:0
[   58635ms] [ERROR] %c%d font-size:0;color:transparent NaN @ https://challenges.cloudflare.com/cdn-cgi/challenge-platform/h/b/turnstile/f/ov2/av0/rch/kktyt/0x4AAAAAABkuQIhLBgY-YxvO/auto/fbE/new/normal?lang=auto:0
[   58635ms] [ERROR] %c%d font-size:0;color:transparent NaN @ https://challenges.cloudflare.com/cdn-cgi/challenge-platform/h/b/turnstile/f/ov2/av0/rch/kktyt/0x4AAAAAABkuQIhLBgY-YxvO/auto/fbE/new/normal?lang=auto:0
[   58636ms] [INFO] %c%d font-size:0;color:transparent NaN @ https://challenges.cloudflare.com/cdn-cgi/challenge-platform/h/b/turnstile/f/ov2/av0/rch/kktyt/0x4AAAAAABkuQIhLBgY-YxvO/auto/fbE/new/normal?lang=auto:0
[   58636ms] [INFO] %c%d font-size:0;color:transparent NaN @ https://challenges.cloudflare.com/cdn-cgi/challenge-platform/h/b/turnstile/f/ov2/av0/rch/kktyt/0x4AAAAAABkuQIhLBgY-YxvO/auto/fbE/new/normal?lang=auto:0
[   58637ms] [LOG] %c%d font-size:0;color:transparent NaN @ https://challenges.cloudflare.com/cdn-cgi/challenge-platform/h/b/turnstile/f/ov2/av0/rch/kktyt/0x4AAAAAABkuQIhLBgY-YxvO/auto/fbE/new/normal?lang=auto:0
[   58637ms] [LOG] %c%d font-size:0;color:transparent NaN @ https://challenges.cloudflare.com/cdn-cgi/challenge-platform/h/b/turnstile/f/ov2/av0/rch/kktyt/0x4AAAAAABkuQIhLBgY-YxvO/auto/fbE/new/normal?lang=auto:0
[   58637ms] [TABLE] %c%d font-size:0;color:transparent Error @ https://challenges.cloudflare.com/cdn-cgi/challenge-platform/h/b/turnstile/f/ov2/av0/rch/kktyt/0x4AAAAAABkuQIhLBgY-YxvO/auto/fbE/new/normal?lang=auto:0
[   58638ms] [TABLE] %c%d font-size:0;color:transparent Error @ https://challenges.cloudflare.com/cdn-cgi/challenge-platform/h/b/turnstile/f/ov2/av0/rch/kktyt/0x4AAAAAABkuQIhLBgY-YxvO/auto/fbE/new/normal?lang=auto:0
[   58639ms] [WARNING] %c%d font-size:0;color:transparent NaN @ https://challenges.cloudflare.com/cdn-cgi/challenge-platform/h/b/turnstile/f/ov2/av0/rch/kktyt/0x4AAAAAABkuQIhLBgY-YxvO/auto/fbE/new/normal?lang=auto:0
[   58639ms] [WARNING] %c%d font-size:0;color:transparent NaN @ https://challenges.cloudflare.com/cdn-cgi/challenge-platform/h/b/turnstile/f/ov2/av0/rch/kktyt/0x4AAAAAABkuQIhLBgY-YxvO/auto/fbE/new/normal?lang=auto:0
[   59248ms] [VERBOSE] [DOM] Password field is not contained in a form: (More info: https://goo.gl/9p2vKq) %o @ https://accounts.google.com/v3/signin/identifier?opparams=%253F&dsh=S1778470392%3A1778743888022955&access_type=offline&client_id=781690111664-u986p33l0rppncjlus73o1ggd71303hu.apps.googleusercontent.com&o2v=1&redirect_uri=https%3A%2F%2Fwww.coingecko.com%2Fomniauth%2Fgoogle_oauth2%2Fcallback&response_type=code&scope=email+profile&service=lso&state=9dae1bff3bcb7f85fd0688895f25975313be4581a688d6c3&flowName=GeneralOAuthFlow&continue=https%3A%2F%2Faccounts.google.com%2Fsignin%2Foauth%2Fconsent%3Fauthuser%3Dunknown%26part%3DAJi8hAMrtinkzGXHPuh1ZYZbjbyxmpe6LtGXQMGk-E2Sd5SwVNdKbYzWlqinEQjCqie95Gb9XINjh_tpbz_2IM5-oth1tSIGer34kiBBE2MVlCiqPFcD7FaFHL5kIoMr8yDjcJLpGsP6CMS6SHlge6VcB-yQ07f_NhOFmddsXgSBmpMdLStDy4NPeLJNd5M4gU2ER6byKskjQ0dzmFtiZDctmO67-lisuM7YrTMz1u-Ao1SNp_svP_tsvid1Xs1YgPmZyJwCkZLh2w5780ujIPy4fEAWk2px1ZX4eqSiN-R7I0dfC1fnlN6pAeAry79n6QtrbGe7JXUdwlPmZrv2PyvMT4S--_oIAjKB_FtDGZYQ1UWntnupxxyEjC4OXvUo5-ftCQzioHhidPgN3mOUPADakgtPVW6lgXrtY06KVXe68BhCCLQ04pte2vr8KXmrRtepA5X8ugzst3NrZw0uB6obED7Eqh0IIw%26flowName%3DGeneralOAuthFlow%26as%3DS1778470392%253A1778743888022955%26client_id%3D781690111664-u986p33l0rppncjlus73o1ggd71303hu.apps.googleusercontent.com%26requestPath%3D%252Fsignin%252Foauth%252Fconsent%23&app_domain=https%3A%2F%2Fwww.coingecko.com&rart=ANgoxcf7_wazKFrJn4dhbWSIdnMMBuwv6s_cET0nWgpk0qXOFjECrNrv_v_Jae_Ye_HsgVNuBwyiaE8uTRBzX8rPK7jAWnaOYcyqumT-MKt5VEoDQIzspv0:0
[   59259ms] [LOG] %c%s color: red; background: yellow; font-size: 24px; WARNING! @ https://www.gstatic.com/_/mss/boq-identity/_/js/k=boq-identity.AccountsSignInUi.en_US.alsf3k9Xrdw.es5.O/am=iW8AAACE4hwhA4D3_38DAAggiA74ngVoAoQMAAAAAAAAAABYAAAAjQ/d=1/excm=_b,_tp,identifierview/ed=1/dg=0/wt=2/ujg=1/rs=AOaEmlEdrFlJ_Uqk2eYHZeP3SReAFhxOyQ/dti=1/m=_b,_tp:545
[   59259ms] [LOG] %c%s font-size: 18px; Using this console may allow attackers to impersonate you and steal your information using an attack called Self-XSS.
Do not enter or paste code that you do not understand. @ https://www.gstatic.com/_/mss/boq-identity/_/js/k=boq-identity.AccountsSignInUi.en_US.alsf3k9Xrdw.es5.O/am=iW8AAACE4hwhA4D3_38DAAggiA74ngVoAoQMAAAAAAAAAABYAAAAjQ/d=1/excm=_b,_tp,identifierview/ed=1/dg=0/wt=2/ujg=1/rs=AOaEmlEdrFlJ_Uqk2eYHZeP3SReAFhxOyQ/dti=1/m=_b,_tp:545
[   62096ms] [INFO] Executing inline script violates the following Content Security Policy directive 'script-src https://accounts.google.com/gsi/client'. Either the 'unsafe-inline' keyword, a hash ('sha256-Bvjd7UUJtZwH3c3N9YUnR/Y9mebgeUfCsngi1EtCZ84='), or a nonce ('nonce-...') is required to enable inline execution. The policy is report-only, so the violation has been logged but no further action has been taken. @ https://www.coingecko.com/account/sign_in:2
[   62096ms] [INFO] Executing inline script violates the following Content Security Policy directive 'script-src https://accounts.google.com/gsi/client'. Either the 'unsafe-inline' keyword, a hash ('sha256-GVGRYraf54EBppgsnlW+l/hSVmw3H1csr2K9zrCyUec='), or a nonce ('nonce-...') is required to enable inline execution. The policy is report-only, so the violation has been logged but no further action has been taken. @ https://www.coingecko.com/account/sign_in:3
[   62098ms] [INFO] Loading the script 'https://www.coingecko.com/tagmetrics/' violates the following Content Security Policy directive: "script-src https://accounts.google.com/gsi/client". Note that 'script-src-elem' was not explicitly set, so 'script-src' is used as a fallback. The policy is report-only, so the violation has been logged but no further action has been taken. @ https://www.coingecko.com/account/sign_in:6
[   62098ms] [INFO] Loading the script 'https://cdn-apac.onetrust.com/scripttemplates/otSDKStub.js' violates the following Content Security Policy directive: "script-src https://accounts.google.com/gsi/client". Note that 'script-src-elem' was not explicitly set, so 'script-src' is used as a fallback. The policy is report-only, so the violation has been logged but no further action has been taken. @ https://www.coingecko.com/account/sign_in:0
[   62099ms] [INFO] Executing inline script violates the following Content Security Policy directive 'script-src https://accounts.google.com/gsi/client'. Either the 'unsafe-inline' keyword, a hash ('sha256-dhE3t0rfyP2cYB9NxDMoZtVoOVoNReX28cgygNw/dYQ='), or a nonce ('nonce-...') is required to enable inline execution. The policy is report-only, so the violation has been logged but no further action has been taken. @ https://www.coingecko.com/account/sign_in:25
[   62109ms] [INFO] Loading the script 'https://challenges.cloudflare.com/turnstile/v0/api.js' violates the following Content Security Policy directive: "script-src https://accounts.google.com/gsi/client". Note that 'script-src-elem' was not explicitly set, so 'script-src' is used as a fallback. The policy is report-only, so the violation has been logged but no further action has been taken. @ https://www.coingecko.com/account/sign_in:0
[   62115ms] [INFO] Executing inline event handler violates the following Content Security Policy directive 'script-src https://accounts.google.com/gsi/client'. Either the 'unsafe-inline' keyword, a hash ('sha256-...'), or a nonce ('nonce-...') is required to enable inline execution. Note that hashes do not apply to event handlers, style attributes and javascript: navigations unless the 'unsafe-hashes' keyword is present. The policy is report-only, so the violation has been logged but no further action has been taken. @ https://www.coingecko.com/account/sign_in:343
[   62120ms] [INFO] Loading the script 'https://static.coingecko.com/packs/js/runtime-007e64bd8755c17dfc96.js' violates the following Content Security Policy directive: "script-src https://accounts.google.com/gsi/client". Note that 'script-src-elem' was not explicitly set, so 'script-src' is used as a fallback. The policy is report-only, so the violation has been logged but no further action has been taken. @ https://www.coingecko.com/account/sign_in:0
[   62120ms] [INFO] Loading the script 'https://static.coingecko.com/packs/js/2692-b6b29f07c373d136299b.js' violates the following Content Security Policy directive: "script-src https://accounts.google.com/gsi/client". Note that 'script-src-elem' was not explicitly set, so 'script-src' is used as a fallback. The policy is report-only, so the violation has been logged but no further action has been taken. @ https://www.coingecko.com/account/sign_in:0
[   62120ms] [INFO] Loading the script 'https://static.coingecko.com/packs/js/i18n-a7d3fff0ac743d8e7d9f.js' violates the following Content Security Policy directive: "script-src https://accounts.google.com/gsi/client". Note that 'script-src-elem' was not explicitly set, so 'script-src' is used as a fallback. The policy is report-only, so the violation has been logged but no further action has been taken. @ https://www.coingecko.com/account/sign_in:0
[   62120ms] [INFO] Loading the script 'https://static.coingecko.com/packs/js/translations/en-60e0743c703773a6d55c.js' violates the following Content Security Policy directive: "script-src https://accounts.google.com/gsi/client". Note that 'script-src-elem' was not explicitly set, so 'script-src' is used as a fallback. The policy is report-only, so the violation has been logged but no further action has been taken. @ https://www.coingecko.com/account/sign_in:0
[   62120ms] [INFO] Loading the script 'https://static.coingecko.com/packs/js/6234-ecff09f798c4afa44a78.js' violates the following Content Security Policy directive: "script-src https://accounts.google.com/gsi/client". Note that 'script-src-elem' was not explicitly set, so 'script-src' is used as a fallback. The policy is report-only, so the violation has been logged but no further action has been taken. @ https://www.coingecko.com/account/sign_in:0
[   62120ms] [INFO] Loading the script 'https://static.coingecko.com/packs/js/2386-f541811081397587585b.js' violates the following Content Security Policy directive: "script-src https://accounts.google.com/gsi/client". Note that 'script-src-elem' was not explicitly set, so 'script-src' is used as a fallback. The policy is report-only, so the violation has been logged but no further action has been taken. @ https://www.coingecko.com/account/sign_in:0
[   62120ms] [INFO] Loading the script 'https://static.coingecko.com/packs/js/5973-5e1a3da49a89ba298fb2.js' violates the following Content Security Policy directive: "script-src https://accounts.google.com/gsi/client". Note that 'script-src-elem' was not explicitly set, so 'script-src' is used as a fallback. The policy is report-only, so the violation has been logged but no further action has been taken. @ https://www.coingecko.com/account/sign_in:0
[   62121ms] [INFO] Loading the script 'https://static.coingecko.com/packs/js/5316-8f5a8ec3588fa6577425.js' violates the following Content Security Policy directive: "script-src https://accounts.google.com/gsi/client". Note that 'script-src-elem' was not explicitly set, so 'script-src' is used as a fallback. The policy is report-only, so the violation has been logged but no further action has been taken. @ https://www.coingecko.com/account/sign_in:0
[   62121ms] [INFO] Loading the script 'https://static.coingecko.com/packs/js/4052-6b094d4ef060a0ce058d.js' violates the following Content Security Policy directive: "script-src https://accounts.google.com/gsi/client". Note that 'script-src-elem' was not explicitly set, so 'script-src' is used as a fallback. The policy is report-only, so the violation has been logged but no further action has been taken. @ https://www.coingecko.com/account/sign_in:0
[   62121ms] [INFO] Loading the script 'https://static.coingecko.com/packs/js/4759-bb3da86498f0a5fd0910.js' violates the following Content Security Policy directive: "script-src https://accounts.google.com/gsi/client". Note that 'script-src-elem' was not explicitly set, so 'script-src' is used as a fallback. The policy is report-only, so the violation has been logged but no further action has been taken. @ https://www.coingecko.com/account/sign_in:0
[   62121ms] [INFO] Loading the script 'https://static.coingecko.com/packs/js/1374-20204fbbc4fa1b667b6f.js' violates the following Content Security Policy directive: "script-src https://accounts.google.com/gsi/client". Note that 'script-src-elem' was not explicitly set, so 'script-src' is used as a fallback. The policy is report-only, so the violation has been logged but no further action has been taken. @ https://www.coingecko.com/account/sign_in:0
[   62121ms] [INFO] Loading the script 'https://static.coingecko.com/packs/js/3337-b6dd051dee8afdfa1248.js' violates the following Content Security Policy directive: "script-src https://accounts.google.com/gsi/client". Note that 'script-src-elem' was not explicitly set, so 'script-src' is used as a fallback. The policy is report-only, so the violation has been logged but no further action has been taken. @ https://www.coingecko.com/account/sign_in:0
[   62121ms] [INFO] Loading the script 'https://static.coingecko.com/packs/js/4089-2d7a15cd0d9e343946fc.js' violates the following Content Security Policy directive: "script-src https://accounts.google.com/gsi/client". Note that 'script-src-elem' was not explicitly set, so 'script-src' is used as a fallback. The policy is report-only, so the violation has been logged but no further action has been taken. @ https://www.coingecko.com/account/sign_in:0
[   62122ms] [INFO] Loading the script 'https://static.coingecko.com/packs/js/1191-ab9c9b0a663f542b5cba.js' violates the following Content Security Policy directive: "script-src https://accounts.google.com/gsi/client". Note that 'script-src-elem' was not explicitly set, so 'script-src' is used as a fallback. The policy is report-only, so the violation has been logged but no further action has been taken. @ https://www.coingecko.com/account/sign_in:0
[   62122ms] [INFO] Loading the script 'https://static.coingecko.com/packs/js/3722-e74585e755b0c03bbab2.js' violates the following Content Security Policy directive: "script-src https://accounts.google.com/gsi/client". Note that 'script-src-elem' was not explicitly set, so 'script-src' is used as a fallback. The policy is report-only, so the violation has been logged but no further action has been taken. @ https://www.coingecko.com/account/sign_in:0
[   62122ms] [INFO] Loading the script 'https://static.coingecko.com/packs/js/7754-5554b85bb7d8b220f3d4.js' violates the following Content Security Policy directive: "script-src https://accounts.google.com/gsi/client". Note that 'script-src-elem' was not explicitly set, so 'script-src' is used as a fallback. The policy is report-only, so the violation has been logged but no further action has been taken. @ https://www.coingecko.com/account/sign_in:0
[   62122ms] [INFO] Loading the script 'https://static.coingecko.com/packs/js/1626-652e5ce588e3baabf234.js' violates the following Content Security Policy directive: "script-src https://accounts.google.com/gsi/client". Note that 'script-src-elem' was not explicitly set, so 'script-src' is used as a fallback. The policy is report-only, so the violation has been logged but no further action has been taken. @ https://www.coingecko.com/account/sign_in:0
[   62123ms] [INFO] Loading the script 'https://static.coingecko.com/packs/js/7815-97e81a7288b4e169337a.js' violates the following Content Security Policy directive: "script-src https://accounts.google.com/gsi/client". Note that 'script-src-elem' was not explicitly set, so 'script-src' is used as a fallback. The policy is report-only, so the violation has been logged but no further action has been taken. @ https://www.coingecko.com/account/sign_in:0
[   62123ms] [INFO] Loading the script 'https://static.coingecko.com/packs/js/v2/application-aa420b820e205c93eb1a.js' violates the following Content Security Policy directive: "script-src https://accounts.google.com/gsi/client". Note that 'script-src-elem' was not explicitly set, so 'script-src' is used as a fallback. The policy is report-only, so the violation has been logged but no further action has been taken. @ https://www.coingecko.com/account/sign_in:0
[   62123ms] [INFO] Loading the script 'https://static.coingecko.com/packs/js/6403-8d4dfed3d6ced3ed44ec.js' violates the following Content Security Policy directive: "script-src https://accounts.google.com/gsi/client". Note that 'script-src-elem' was not explicitly set, so 'script-src' is used as a fallback. The policy is report-only, so the violation has been logged but no further action has been taken. @ https://www.coingecko.com/account/sign_in:0
[   62123ms] [INFO] Loading the script 'https://static.coingecko.com/packs/js/v2/pages/account-ca5b765b9596d85b0410.js' violates the following Content Security Policy directive: "script-src https://accounts.google.com/gsi/client". Note that 'script-src-elem' was not explicitly set, so 'script-src' is used as a fallback. The policy is report-only, so the violation has been logged but no further action has been taken. @ https://www.coingecko.com/account/sign_in:0
[   62124ms] [INFO] Loading the script 'https://static.cloudflareinsights.com/beacon.min.js/v8c78df7c7c0f484497ecbca7046644da1771523124516' violates the following Content Security Policy directive: "script-src https://accounts.google.com/gsi/client". Note that 'script-src-elem' was not explicitly set, so 'script-src' is used as a fallback. The policy is report-only, so the violation has been logged but no further action has been taken. @ https://www.coingecko.com/account/sign_in:0
[   62178ms] [INFO] Connecting to 'https://cdn-apac.onetrust.com/consent/49e8a847-f2c7-4b58-a340-caf0924064fe/49e8a847-f2c7-4b58-a340-caf0924064fe.json' violates the following Content Security Policy directive: "connect-src https://accounts.google.com/gsi/". The policy is report-only, so the violation has been logged but no further action has been taken. @ https://cdn-apac.onetrust.com/scripttemplates/otSDKStub.js:0
[   62202ms] [INFO] Evaluating a string as JavaScript violates the following Content Security Policy directive because 'unsafe-eval' is not an allowed source of script: "script-src https://accounts.google.com/gsi/client".
 The policy is report-only, so the violation has been logged but no further action has been taken. @ https://static.coingecko.com/packs/js/4759-bb3da86498f0a5fd0910.js:0
[   62202ms] [INFO] Evaluating a string as JavaScript violates the following Content Security Policy directive because 'unsafe-eval' is not an allowed source of script: "script-src https://accounts.google.com/gsi/client".
 The policy is report-only, so the violation has been logged but no further action has been taken. @ https://static.coingecko.com/packs/js/4759-bb3da86498f0a5fd0910.js:0
[   62232ms] [INFO] Connecting to 'wss://cables.coingecko.com/cable' violates the following Content Security Policy directive: "connect-src https://accounts.google.com/gsi/". The policy is report-only, so the violation has been logged but no further action has been taken. @ https://static.coingecko.com/packs/js/4089-2d7a15cd0d9e343946fc.js:0
[   62237ms] [INFO] Connecting to 'https://o4508323025911808.ingest.us.sentry.io/api/4508339685621761/envelope/?sentry_version=7&sentry_key=b9d74d9f9f5ffb2451d8883fe57f25c7&sentry_client=sentry.javascript.browser%2F8.55.0' violates the following Content Security Policy directive: "connect-src https://accounts.google.com/gsi/". The policy is report-only, so the violation has been logged but no further action has been taken. @ https://static.coingecko.com/packs/js/1191-ab9c9b0a663f542b5cba.js:1
[   62237ms] [INFO] Connecting to 'https://o4508323025911808.ingest.us.sentry.io/api/4508339685621761/envelope/?sentry_version=7&sentry_key=b9d74d9f9f5ffb2451d8883fe57f25c7&sentry_client=sentry.javascript.browser%2F8.55.0' violates the following Content Security Policy directive: "connect-src https://accounts.google.com/gsi/". The policy is report-only, so the violation has been logged but no further action has been taken. @ https://static.coingecko.com/packs/js/1191-ab9c9b0a663f542b5cba.js:1
[   62240ms] [ERROR] %s

%o

%o Error connecting controller Error: Missing target element "settings.darkModeButton"
    at t.get (https://static.coingecko.com/packs/js/6234-ecff09f798c4afa44a78.js:1:39082)
    at t._refreshDarkMode (https://static.coingecko.com/packs/js/v2/application-aa420b820e205c93eb1a.js:1:110372)
    at t.connect (https://static.coingecko.com/packs/js/v2/application-aa420b820e205c93eb1a.js:1:109853)
    at e.connect (https://static.coingecko.com/packs/js/6234-ecff09f798c4afa44a78.js:1:22308)
    at e.connectContextForScope (https://static.coingecko.com/packs/js/6234-ecff09f798c4afa44a78.js:1:26457)
    at e.scopeConnected (https://static.coingecko.com/packs/js/6234-ecff09f798c4afa44a78.js:1:34835)
    at e.elementMatchedValue (https://static.coingecko.com/packs/js/6234-ecff09f798c4afa44a78.js:1:32635)
    at e.tokenMatched (https://static.coingecko.com/packs/js/6234-ecff09f798c4afa44a78.js:1:18117)
    at e.tokenMatched (https://static.coingecko.com/packs/js/6234-ecff09f798c4afa44a78.js:1:16370)
    at https://static.coingecko.com/packs/js/6234-ecff09f798c4afa44a78.js:1:16194
    at Array.forEach (<anonymous>)
    at e.tokensMatched (https://static.coingecko.com/packs/js/6234-ecff09f798c4afa44a78.js:1:16164)
    at e.elementMatchedAttribute (https://static.coingecko.com/packs/js/6234-ecff09f798c4afa44a78.js:1:15803)
    at e.elementMatched (https://static.coingecko.com/packs/js/6234-ecff09f798c4afa44a78.js:1:10446)
    at e.addElement (https://static.coingecko.com/packs/js/6234-ecff09f798c4afa44a78.js:1:9276)
    at e.refresh (https://static.coingecko.com/packs/js/6234-ecff09f798c4afa44a78.js:1:7651)
    at e.start (https://static.coingecko.com/packs/js/6234-ecff09f798c4afa44a78.js:1:7266)
    at e.start (https://static.coingecko.com/packs/js/6234-ecff09f798c4afa44a78.js:1:9870)
    at e.start (https://static.coingecko.com/packs/js/6234-ecff09f798c4afa44a78.js:1:15343)
    at e.start (https://static.coingecko.com/packs/js/6234-ecff09f798c4afa44a78.js:1:17552)
    at e.start (https://static.coingecko.com/packs/js/6234-ecff09f798c4afa44a78.js:1:32068)
    at e.start (https://static.coingecko.com/packs/js/6234-ecff09f798c4afa44a78.js:1:34052)
    at e.<anonymous> (https://static.coingecko.com/packs/js/6234-ecff09f798c4afa44a78.js:1:37639)
    at https://static.coingecko.com/packs/js/6234-ecff09f798c4afa44a78.js:1:36785
    at Object.next (https://static.coingecko.com/packs/js/6234-ecff09f798c4afa44a78.js:1:36890)
    at s (https://static.coingecko.com/packs/js/6234-ecff09f798c4afa44a78.js:1:35627) {identifier: settings, controller: t, element: body.tw-bg-gray-50} @ https://static.coingecko.com/packs/js/1191-ab9c9b0a663f542b5cba.js:1
[   62241ms] [INFO] Connecting to 'https://www.coingecko.com/accounts/logged_in_user.json' violates the following Content Security Policy directive: "connect-src https://accounts.google.com/gsi/". The policy is report-only, so the violation has been logged but no further action has been taken. @ https://static.coingecko.com/packs/js/1191-ab9c9b0a663f542b5cba.js:1
[   62242ms] [INFO] Connecting to 'https://www.coingecko.com/accounts/logged_in_user.json' violates the following Content Security Policy directive: "connect-src https://accounts.google.com/gsi/". The policy is report-only, so the violation has been logged but no further action has been taken. @ https://static.coingecko.com/packs/js/1191-ab9c9b0a663f542b5cba.js:1
[   62242ms] [INFO] Connecting to 'https://www.coingecko.com/accounts/csrf_meta.json' violates the following Content Security Policy directive: "connect-src https://accounts.google.com/gsi/". The policy is report-only, so the violation has been logged but no further action has been taken. @ https://static.coingecko.com/packs/js/1191-ab9c9b0a663f542b5cba.js:1
[   62243ms] [INFO] Connecting to 'https://www.coingecko.com/accounts/csrf_meta.json' violates the following Content Security Policy directive: "connect-src https://accounts.google.com/gsi/". The policy is report-only, so the violation has been logged but no further action has been taken. @ https://static.coingecko.com/packs/js/1191-ab9c9b0a663f542b5cba.js:1
[   62258ms] [VERBOSE] [DOM] Password forms should have (optionally hidden) username fields for accessibility: (More info: https://goo.gl/9p2vKq) %o @ https://www.coingecko.com/account/sign_in:0
[   62259ms] [VERBOSE] [DOM] Input elements should have autocomplete attributes (suggested: "current-password"): (More info: https://goo.gl/9p2vKq) %o @ https://www.coingecko.com/account/sign_in:0
[   62263ms] [INFO] Connecting to 'https://geolocation.onetrust.com/cookieconsentpub/v1/geo/location' violates the following Content Security Policy directive: "connect-src https://accounts.google.com/gsi/". The policy is report-only, so the violation has been logged but no further action has been taken. @ https://static.coingecko.com/packs/js/1191-ab9c9b0a663f542b5cba.js:1
[   62265ms] [ERROR] Framing 'https://challenges.cloudflare.com/' violates the following report-only Content Security Policy directive: "frame-src https://accounts.google.com/gsi/". The violation has been logged, but no further action has been taken.
 @ https://challenges.cloudflare.com/:0
[   62345ms] [INFO] Loading the script 'https://www.coingecko.com/tagmetrics/6neqGjS1Zb1oIKgu-djVD-JvVwnXTgW2gS72DYFtctTNpkTh' violates the following Content Security Policy directive: "script-src https://accounts.google.com/gsi/client". Note that 'script-src-elem' was not explicitly set, so 'script-src' is used as a fallback. The policy is report-only, so the violation has been logged but no further action has been taken. @ https://www.coingecko.com/tagmetrics/:339
[   62346ms] [INFO] Loading the script 'https://www.coingecko.com/tagmetrics/6neqGjS1Y8cJW80p-t_WZ4YcQluJEB6thXz8RNg1cISYo_ZDROE' violates the following Content Security Policy directive: "script-src https://accounts.google.com/gsi/client". Note that 'script-src-elem' was not explicitly set, so 'script-src' is used as a fallback. The policy is report-only, so the violation has been logged but no further action has been taken. @ https://www.coingecko.com/tagmetrics/:339
[   62348ms] [INFO] Loading the script 'https://www.coingecko.com/tagmetrics/6neqGjS1Y8cJW80p_9rTbYEVQ1mJEB6thXz8RNg1cISYo_ZDROE' violates the following Content Security Policy directive: "script-src https://accounts.google.com/gsi/client". Note that 'script-src-elem' was not explicitly set, so 'script-src' is used as a fallback. The policy is report-only, so the violation has been logged but no further action has been taken. @ https://www.coingecko.com/tagmetrics/:339
[   62355ms] [INFO] Loading the script 'https://cdn-apac.onetrust.com/scripttemplates/202601.2.0/otBannerSdk.js' violates the following Content Security Policy directive: "script-src https://accounts.google.com/gsi/client". Note that 'script-src-elem' was not explicitly set, so 'script-src' is used as a fallback. The policy is report-only, so the violation has been logged but no further action has been taken. @ https://cdn-apac.onetrust.com/scripttemplates/otSDKStub.js:0
[   62358ms] [ERROR] Framing 'https://challenges.cloudflare.com/' violates the following report-only Content Security Policy directive: "frame-src https://accounts.google.com/gsi/". The violation has been logged, but no further action has been taken.
 @ https://challenges.cloudflare.com/:0
[   62371ms] [INFO] Connecting to 'https://cdn-apac.onetrust.com/consent/49e8a847-f2c7-4b58-a340-caf0924064fe/019c9cde-a773-72b4-8c50-651e42514509/en.json' violates the following Content Security Policy directive: "connect-src https://accounts.google.com/gsi/". The policy is report-only, so the violation has been logged but no further action has been taken. @ https://static.coingecko.com/packs/js/1191-ab9c9b0a663f542b5cba.js:1
[   62371ms] [INFO] Connecting to 'https://cdn-apac.onetrust.com/consent/49e8a847-f2c7-4b58-a340-caf0924064fe/019c9cde-a773-72b4-8c50-651e42514509/en.json' violates the following Content Security Policy directive: "connect-src https://accounts.google.com/gsi/". The policy is report-only, so the violation has been logged but no further action has been taken. @ https://static.coingecko.com/packs/js/1191-ab9c9b0a663f542b5cba.js:1
[   62397ms] [INFO] Connecting to 'https://cdn-apac.onetrust.com/consent/49e8a847-f2c7-4b58-a340-caf0924064fe/019c9cde-a773-72b4-8c50-651e42514509/bLayout-en.json' violates the following Content Security Policy directive: "connect-src https://accounts.google.com/gsi/". The policy is report-only, so the violation has been logged but no further action has been taken. @ https://static.coingecko.com/packs/js/1191-ab9c9b0a663f542b5cba.js:1
[   62397ms] [INFO] Connecting to 'https://cdn-apac.onetrust.com/consent/49e8a847-f2c7-4b58-a340-caf0924064fe/019c9cde-a773-72b4-8c50-651e42514509/bLayout-en.json' violates the following Content Security Policy directive: "connect-src https://accounts.google.com/gsi/". The policy is report-only, so the violation has been logged but no further action has been taken. @ https://static.coingecko.com/packs/js/1191-ab9c9b0a663f542b5cba.js:1
[   62398ms] [INFO] Connecting to 'https://cdn-apac.onetrust.com/scripttemplates/202601.2.0/assets/v2/otPcCenter.json' violates the following Content Security Policy directive: "connect-src https://accounts.google.com/gsi/". The policy is report-only, so the violation has been logged but no further action has been taken. @ https://static.coingecko.com/packs/js/1191-ab9c9b0a663f542b5cba.js:1
[   62399ms] [INFO] Connecting to 'https://cdn-apac.onetrust.com/scripttemplates/202601.2.0/assets/v2/otPcCenter.json' violates the following Content Security Policy directive: "connect-src https://accounts.google.com/gsi/". The policy is report-only, so the violation has been logged but no further action has been taken. @ https://static.coingecko.com/packs/js/1191-ab9c9b0a663f542b5cba.js:1
[   62399ms] [INFO] Connecting to 'https://cdn-apac.onetrust.com/scripttemplates/202601.2.0/assets/otCommonStyles.css' violates the following Content Security Policy directive: "connect-src https://accounts.google.com/gsi/". The policy is report-only, so the violation has been logged but no further action has been taken. @ https://static.coingecko.com/packs/js/1191-ab9c9b0a663f542b5cba.js:1
[   62400ms] [INFO] Connecting to 'https://cdn-apac.onetrust.com/scripttemplates/202601.2.0/assets/otCommonStyles.css' violates the following Content Security Policy directive: "connect-src https://accounts.google.com/gsi/". The policy is report-only, so the violation has been logged but no further action has been taken. @ https://static.coingecko.com/packs/js/1191-ab9c9b0a663f542b5cba.js:1
[   62647ms] [INFO] Connecting to 'https://www.coingecko.com/cdn-cgi/rum?' violates the following Content Security Policy directive: "connect-src https://accounts.google.com/gsi/". The policy is report-only, so the violation has been logged but no further action has been taken. @ https://static.coingecko.com/packs/js/1191-ab9c9b0a663f542b5cba.js:1
[   62663ms] [INFO] Connecting to 'https://cdn-apac.onetrust.com/logos/static/ot_guard_logo.svg' violates the following Content Security Policy directive: "connect-src https://accounts.google.com/gsi/". The policy is report-only, so the violation has been logged but no further action has been taken. @ https://static.coingecko.com/packs/js/1191-ab9c9b0a663f542b5cba.js:1
[   62663ms] [INFO] Connecting to 'https://cdn-apac.onetrust.com/logos/static/ot_guard_logo.svg' violates the following Content Security Policy directive: "connect-src https://accounts.google.com/gsi/". The policy is report-only, so the violation has been logged but no further action has been taken. @ https://static.coingecko.com/packs/js/1191-ab9c9b0a663f542b5cba.js:1
[   62676ms] [WARNING] Error in Optanon wrapper, please review your code. TypeError: Cannot read properties of null (reading 'addEventListener') @ https://static.coingecko.com/packs/js/1191-ab9c9b0a663f542b5cba.js:1
[   63189ms] [WARNING] Failed to parse audio contentType: audio/mp4; codecs=ac-3 @ https://challenges.cloudflare.com/cdn-cgi/challenge-platform/h/b/turnstile/f/ov2/av0/rch/7aa49/0x4AAAAAABkuQIhLBgY-YxvO/auto/fbE/new/normal?lang=auto:0
[   63189ms] [WARNING] Failed to parse audio contentType: audio/mp4; codecs=ec-3 @ https://challenges.cloudflare.com/cdn-cgi/challenge-platform/h/b/turnstile/f/ov2/av0/rch/7aa49/0x4AAAAAABkuQIhLBgY-YxvO/auto/fbE/new/normal?lang=auto:0
[   63196ms] [WARNING] Invalid (ambiguous) video codec string: video/webm; codecs=vp9 @ https://challenges.cloudflare.com/cdn-cgi/challenge-platform/h/b/turnstile/f/ov2/av0/rch/7aa49/0x4AAAAAABkuQIhLBgY-YxvO/auto/fbE/new/normal?lang=auto:0
[   63197ms] [WARNING] Failed to parse video contentType: video/ogg; codecs=theora @ https://challenges.cloudflare.com/cdn-cgi/challenge-platform/h/b/turnstile/f/ov2/av0/rch/7aa49/0x4AAAAAABkuQIhLBgY-YxvO/auto/fbE/new/normal?lang=auto:0
[   63402ms] [LOG] The next request for the Private Access Token challenge may return a 401 and show a warning in console. @ https://challenges.cloudflare.com/cdn-cgi/challenge-platform/h/b/turnstile/f/ov2/av0/rch/7aa49/0x4AAAAAABkuQIhLBgY-YxvO/auto/fbE/new/normal?lang=auto:0
[   63453ms] [ERROR] Failed to load resource: the server responded with a status of 401 () @ https://challenges.cloudflare.com/cdn-cgi/challenge-platform/h/b/pat/9fb8342b0c98fd69/1778743892022/054922e5c5506a0745a2d3cc58b80f6815f463df1d11ff6c1bd3d69a54868df8/Wvd_iEXTab6jd1G:0
[   63828ms] [ERROR] Permissions policy violation: xr-spatial-tracking is not allowed in this document. @ https://challenges.cloudflare.com/cdn-cgi/challenge-platform/h/b/turnstile/f/ov2/av0/rch/7aa49/0x4AAAAAABkuQIhLBgY-YxvO/auto/fbE/new/normal?lang=auto:0
[   63829ms] [ERROR] Permissions policy violation: xr-spatial-tracking is not allowed in this document. @ https://challenges.cloudflare.com/cdn-cgi/challenge-platform/h/b/turnstile/f/ov2/av0/rch/7aa49/0x4AAAAAABkuQIhLBgY-YxvO/auto/fbE/new/normal?lang=auto:0
[   64403ms] [WARNING] Form submission canceled because the form is not connected @ https://challenges.cloudflare.com/cdn-cgi/challenge-platform/h/b/turnstile/f/ov2/av0/rch/7aa49/0x4AAAAAABkuQIhLBgY-YxvO/auto/fbE/new/normal?lang=auto:0
[   64428ms] [LOG] /.*.*=.*/ @ https://challenges.cloudflare.com/cdn-cgi/challenge-platform/h/b/turnstile/f/ov2/av0/rch/7aa49/0x4AAAAAABkuQIhLBgY-YxvO/auto/fbE/new/normal?lang=auto:0
[   64429ms] [LOG] /.*.*=.*/ @ https://challenges.cloudflare.com/cdn-cgi/challenge-platform/h/b/turnstile/f/ov2/av0/rch/7aa49/0x4AAAAAABkuQIhLBgY-YxvO/auto/fbE/new/normal?lang=auto:0
[   64429ms] [LOG] function () { [native code] } @ https://challenges.cloudflare.com/cdn-cgi/challenge-platform/h/b/turnstile/f/ov2/av0/rch/7aa49/0x4AAAAAABkuQIhLBgY-YxvO/auto/fbE/new/normal?lang=auto:0
[   64429ms] [LOG] function () { [native code] } @ https://challenges.cloudflare.com/cdn-cgi/challenge-platform/h/b/turnstile/f/ov2/av0/rch/7aa49/0x4AAAAAABkuQIhLBgY-YxvO/auto/fbE/new/normal?lang=auto:0
[   64431ms] [LOG] JSHandle@node @ https://challenges.cloudflare.com/cdn-cgi/challenge-platform/h/b/turnstile/f/ov2/av0/rch/7aa49/0x4AAAAAABkuQIhLBgY-YxvO/auto/fbE/new/normal?lang=auto:0
[   64433ms] [LOG] JSHandle@node @ https://challenges.cloudflare.com/cdn-cgi/challenge-platform/h/b/turnstile/f/ov2/av0/rch/7aa49/0x4AAAAAABkuQIhLBgY-YxvO/auto/fbE/new/normal?lang=auto:0
[   64433ms] [COUNT]  : 1 @ https://challenges.cloudflare.com/cdn-cgi/challenge-platform/h/b/turnstile/f/ov2/av0/rch/7aa49/0x4AAAAAABkuQIhLBgY-YxvO/auto/fbE/new/normal?lang=auto:0
[   64433ms] [COUNT]  : 1 @ https://challenges.cloudflare.com/cdn-cgi/challenge-platform/h/b/turnstile/f/ov2/av0/rch/7aa49/0x4AAAAAABkuQIhLBgY-YxvO/auto/fbE/new/normal?lang=auto:0
[   64434ms] [DIR]  Error @ https://challenges.cloudflare.com/cdn-cgi/challenge-platform/h/b/turnstile/f/ov2/av0/rch/7aa49/0x4AAAAAABkuQIhLBgY-YxvO/auto/fbE/new/normal?lang=auto:0
[   64435ms] [DIR]  Error @ https://challenges.cloudflare.com/cdn-cgi/challenge-platform/h/b/turnstile/f/ov2/av0/rch/7aa49/0x4AAAAAABkuQIhLBgY-YxvO/auto/fbE/new/normal?lang=auto:0
[   64435ms] [DIRXML] %c%d font-size:0;color:transparent Error @ https://challenges.cloudflare.com/cdn-cgi/challenge-platform/h/b/turnstile/f/ov2/av0/rch/7aa49/0x4AAAAAABkuQIhLBgY-YxvO/auto/fbE/new/normal?lang=auto:0
[   64435ms] [DIRXML] %c%d font-size:0;color:transparent Error @ https://challenges.cloudflare.com/cdn-cgi/challenge-platform/h/b/turnstile/f/ov2/av0/rch/7aa49/0x4AAAAAABkuQIhLBgY-YxvO/auto/fbE/new/normal?lang=auto:0
[   64436ms] [ERROR] %c%d font-size:0;color:transparent NaN @ https://challenges.cloudflare.com/cdn-cgi/challenge-platform/h/b/turnstile/f/ov2/av0/rch/7aa49/0x4AAAAAABkuQIhLBgY-YxvO/auto/fbE/new/normal?lang=auto:0
[   64436ms] [ERROR] %c%d font-size:0;color:transparent NaN @ https://challenges.cloudflare.com/cdn-cgi/challenge-platform/h/b/turnstile/f/ov2/av0/rch/7aa49/0x4AAAAAABkuQIhLBgY-YxvO/auto/fbE/new/normal?lang=auto:0
[   64436ms] [INFO] %c%d font-size:0;color:transparent NaN @ https://challenges.cloudflare.com/cdn-cgi/challenge-platform/h/b/turnstile/f/ov2/av0/rch/7aa49/0x4AAAAAABkuQIhLBgY-YxvO/auto/fbE/new/normal?lang=auto:0
[   64436ms] [INFO] %c%d font-size:0;color:transparent NaN @ https://challenges.cloudflare.com/cdn-cgi/challenge-platform/h/b/turnstile/f/ov2/av0/rch/7aa49/0x4AAAAAABkuQIhLBgY-YxvO/auto/fbE/new/normal?lang=auto:0
[   64436ms] [LOG] %c%d font-size:0;color:transparent NaN @ https://challenges.cloudflare.com/cdn-cgi/challenge-platform/h/b/turnstile/f/ov2/av0/rch/7aa49/0x4AAAAAABkuQIhLBgY-YxvO/auto/fbE/new/normal?lang=auto:0
[   64437ms] [LOG] %c%d font-size:0;color:transparent NaN @ https://challenges.cloudflare.com/cdn-cgi/challenge-platform/h/b/turnstile/f/ov2/av0/rch/7aa49/0x4AAAAAABkuQIhLBgY-YxvO/auto/fbE/new/normal?lang=auto:0
[   64437ms] [TABLE] %c%d font-size:0;color:transparent Error @ https://challenges.cloudflare.com/cdn-cgi/challenge-platform/h/b/turnstile/f/ov2/av0/rch/7aa49/0x4AAAAAABkuQIhLBgY-YxvO/auto/fbE/new/normal?lang=auto:0
[   64437ms] [TABLE] %c%d font-size:0;color:transparent Error @ https://challenges.cloudflare.com/cdn-cgi/challenge-platform/h/b/turnstile/f/ov2/av0/rch/7aa49/0x4AAAAAABkuQIhLBgY-YxvO/auto/fbE/new/normal?lang=auto:0
[   64438ms] [WARNING] %c%d font-size:0;color:transparent NaN @ https://challenges.cloudflare.com/cdn-cgi/challenge-platform/h/b/turnstile/f/ov2/av0/rch/7aa49/0x4AAAAAABkuQIhLBgY-YxvO/auto/fbE/new/normal?lang=auto:0
[   64439ms] [WARNING] %c%d font-size:0;color:transparent NaN @ https://challenges.cloudflare.com/cdn-cgi/challenge-platform/h/b/turnstile/f/ov2/av0/rch/7aa49/0x4AAAAAABkuQIhLBgY-YxvO/auto/fbE/new/normal?lang=auto:0
[   64484ms] [ERROR] This document requires 'TrustedHTML' assignment. The action has been blocked. @ https://challenges.cloudflare.com/cdn-cgi/challenge-platform/h/b/turnstile/f/ov2/av0/rch/7aa49/0x4AAAAAABkuQIhLBgY-YxvO/auto/fbE/new/normal?lang=auto:0
[   64485ms] [ERROR] This document requires 'TrustedHTML' assignment. The action has been blocked. @ https://challenges.cloudflare.com/cdn-cgi/challenge-platform/h/b/turnstile/f/ov2/av0/rch/7aa49/0x4AAAAAABkuQIhLBgY-YxvO/auto/fbE/new/normal?lang=auto:0
[   64485ms] [ERROR] This document requires 'TrustedScript' assignment. The action has been blocked. @ https://challenges.cloudflare.com/cdn-cgi/challenge-platform/h/b/turnstile/f/ov2/av0/rch/7aa49/0x4AAAAAABkuQIhLBgY-YxvO/auto/fbE/new/normal?lang=auto:0
[   64486ms] [ERROR] This document requires 'TrustedScript' assignment. The action has been blocked. @ https://challenges.cloudflare.com/cdn-cgi/challenge-platform/h/b/turnstile/f/ov2/av0/rch/7aa49/0x4AAAAAABkuQIhLBgY-YxvO/auto/fbE/new/normal?lang=auto:0
[   64486ms] [ERROR] This document requires 'TrustedScriptURL' assignment. The action has been blocked. @ https://challenges.cloudflare.com/cdn-cgi/challenge-platform/h/b/turnstile/f/ov2/av0/rch/7aa49/0x4AAAAAABkuQIhLBgY-YxvO/auto/fbE/new/normal?lang=auto:0
[   64486ms] [ERROR] This document requires 'TrustedScriptURL' assignment. The action has been blocked. @ https://challenges.cloudflare.com/cdn-cgi/challenge-platform/h/b/turnstile/f/ov2/av0/rch/7aa49/0x4AAAAAABkuQIhLBgY-YxvO/auto/fbE/new/normal?lang=auto:0
[   64495ms] [ERROR] Executing inline script violates the following Content Security Policy directive 'script-src 'nonce-MfsEHNnQWV7CLXfKvcG0wX' 'unsafe-eval''. Either the 'unsafe-inline' keyword, a hash ('sha256-eJGI0Ik4oYe/PKLDOt4wcN76wYs8h+Ew05pMzdY6xG8='), or a nonce ('nonce-...') is required to enable inline execution. The action has been blocked. @ about:srcdoc:0
[   64495ms] [ERROR] Executing inline script violates the following Content Security Policy directive 'script-src 'nonce-MfsEHNnQWV7CLXfKvcG0wX' 'unsafe-eval''. Either the 'unsafe-inline' keyword, a hash ('sha256-eJGI0Ik4oYe/PKLDOt4wcN76wYs8h+Ew05pMzdY6xG8='), or a nonce ('nonce-...') is required to enable inline execution. The action has been blocked. @ about:srcdoc:0
[   64495ms] [ERROR] This document requires 'TrustedScript' assignment. The action has been blocked. @ https://challenges.cloudflare.com/cdn-cgi/challenge-platform/h/b/turnstile/f/ov2/av0/rch/7aa49/0x4AAAAAABkuQIhLBgY-YxvO/auto/fbE/new/normal?lang=auto:0
[   64496ms] [ERROR] This document requires 'TrustedScript' assignment. The action has been blocked. @ https://challenges.cloudflare.com/cdn-cgi/challenge-platform/h/b/turnstile/f/ov2/av0/rch/7aa49/0x4AAAAAABkuQIhLBgY-YxvO/auto/fbE/new/normal?lang=auto:0
[   65570ms] [INFO] Connecting to 'https://www.coingecko.com/cdn-cgi/challenge-platform/h/b/rc/9fb8342b0c98fd69' violates the following Content Security Policy directive: "connect-src https://accounts.google.com/gsi/". The policy is report-only, so the violation has been logged but no further action has been taken. @ https://static.coingecko.com/packs/js/1191-ab9c9b0a663f542b5cba.js:1
[   65570ms] [INFO] Connecting to 'https://www.coingecko.com/cdn-cgi/challenge-platform/h/b/rc/9fb8342b0c98fd69' violates the following Content Security Policy directive: "connect-src https://accounts.google.com/gsi/". The policy is report-only, so the violation has been logged but no further action has been taken. @ https://static.coingecko.com/packs/js/1191-ab9c9b0a663f542b5cba.js:1
[   68567ms] [WARNING] The resource https://challenges.cloudflare.com/cdn-cgi/challenge-platform/h/b/cmg/1 was preloaded using link preload but not used within a few seconds from the window's load event. Please make sure it has an appropriate `as` value and it is preloaded intentionally. @ https://challenges.cloudflare.com/cdn-cgi/challenge-platform/h/b/turnstile/f/ov2/av0/rch/7aa49/0x4AAAAAABkuQIhLBgY-YxvO/auto/fbE/new/normal?lang=auto:0
[   77979ms] [INFO] Connecting to 'https://www.coingecko.com/accounts/csrf_meta.json' violates the following Content Security Policy directive: "connect-src https://accounts.google.com/gsi/". The policy is report-only, so the violation has been logged but no further action has been taken. @ https://static.coingecko.com/packs/js/1191-ab9c9b0a663f542b5cba.js:1
[   77979ms] [INFO] Connecting to 'https://www.coingecko.com/accounts/csrf_meta.json' violates the following Content Security Policy directive: "connect-src https://accounts.google.com/gsi/". The policy is report-only, so the violation has been logged but no further action has been taken. @ https://static.coingecko.com/packs/js/1191-ab9c9b0a663f542b5cba.js:1
[   78321ms] [INFO] Connecting to 'https://www.coingecko.com/accounts/cee' violates the following Content Security Policy directive: "connect-src https://accounts.google.com/gsi/". The policy is report-only, so the violation has been logged but no further action has been taken. @ https://static.coingecko.com/packs/js/1191-ab9c9b0a663f542b5cba.js:1
[   78321ms] [INFO] Connecting to 'https://www.coingecko.com/accounts/cee' violates the following Content Security Policy directive: "connect-src https://accounts.google.com/gsi/". The policy is report-only, so the violation has been logged but no further action has been taken. @ https://static.coingecko.com/packs/js/1191-ab9c9b0a663f542b5cba.js:1
[   81032ms] [INFO] Loading the script 'https://hcaptcha.com/1/api.js' violates the following Content Security Policy directive: "script-src https://accounts.google.com/gsi/client". Note that 'script-src-elem' was not explicitly set, so 'script-src' is used as a fallback. The policy is report-only, so the violation has been logged but no further action has been taken. @ https://static.coingecko.com/packs/js/1626-652e5ce588e3baabf234.js:0
[   81285ms] [INFO] Compiling or instantiating a WebAssembly module violates the following Content Security policy directive because 'unsafe-eval' is not an allowed source of script: "script-src https://accounts.google.com/gsi/client". The policy is report-only, so the violation has been logged but no further action has been taken. @ https://hcaptcha.com/1/api.js:3
[   81285ms] [INFO] Compiling or instantiating a WebAssembly module violates the following Content Security policy directive because 'unsafe-eval' is not an allowed source of script: "script-src https://accounts.google.com/gsi/client". The policy is report-only, so the violation has been logged but no further action has been taken. @ https://hcaptcha.com/1/api.js:3
[   81290ms] [WARNING] [hCaptcha] should not render before js api is fully loaded. `render=explicit` should be used in combination with `onload`. @ https://static.coingecko.com/packs/js/1191-ab9c9b0a663f542b5cba.js:1
[   81310ms] [ERROR] Framing 'https://newassets.hcaptcha.com/' violates the following report-only Content Security Policy directive: "frame-src https://accounts.google.com/gsi/". The violation has been logged, but no further action has been taken.
 @ https://hcaptcha.com/:0
[   81310ms] [ERROR] Framing 'https://newassets.hcaptcha.com/' violates the following report-only Content Security Policy directive: "frame-src https://accounts.google.com/gsi/". The violation has been logged, but no further action has been taken.
 @ https://hcaptcha.com/:0
[   81484ms] [ERROR] Framing 'https://newassets.hcaptcha.com/' violates the following report-only Content Security Policy directive: "frame-src https://accounts.google.com/gsi/". The violation has been logged, but no further action has been taken.
 @ https://hcaptcha.com/:0
[   81484ms] [ERROR] Framing 'https://newassets.hcaptcha.com/' violates the following report-only Content Security Policy directive: "frame-src https://accounts.google.com/gsi/". The violation has been logged, but no further action has been taken.
 @ https://hcaptcha.com/:0
[  105298ms] [INFO] Connecting to 'https://www.coingecko.com/cdn-cgi/rum?' violates the following Content Security Policy directive: "connect-src https://accounts.google.com/gsi/". The policy is report-only, so the violation has been logged but no further action has been taken. @ https://static.cloudflareinsights.com/beacon.min.js/v8c78df7c7c0f484497ecbca7046644da1771523124516:0
[  105299ms] [INFO] Connecting to 'https://www.coingecko.com/cdn-cgi/rum?' violates the following Content Security Policy directive: "connect-src https://accounts.google.com/gsi/". The policy is report-only, so the violation has been logged but no further action has been taken. @ https://static.cloudflareinsights.com/beacon.min.js/v8c78df7c7c0f484497ecbca7046644da1771523124516:0
[  105331ms] [INFO] Executing inline script violates the following Content Security Policy directive 'script-src https://accounts.google.com/gsi/client'. Either the 'unsafe-inline' keyword, a hash ('sha256-Bvjd7UUJtZwH3c3N9YUnR/Y9mebgeUfCsngi1EtCZ84='), or a nonce ('nonce-...') is required to enable inline execution. The policy is report-only, so the violation has been logged but no further action has been taken. @ https://www.coingecko.com/:2
[  105332ms] [INFO] Executing inline script violates the following Content Security Policy directive 'script-src https://accounts.google.com/gsi/client'. Either the 'unsafe-inline' keyword, a hash ('sha256-GVGRYraf54EBppgsnlW+l/hSVmw3H1csr2K9zrCyUec='), or a nonce ('nonce-...') is required to enable inline execution. The policy is report-only, so the violation has been logged but no further action has been taken. @ https://www.coingecko.com/:3
[  105332ms] [INFO] Loading the script 'https://www.coingecko.com/tagmetrics/' violates the following Content Security Policy directive: "script-src https://accounts.google.com/gsi/client". Note that 'script-src-elem' was not explicitly set, so 'script-src' is used as a fallback. The policy is report-only, so the violation has been logged but no further action has been taken. @ https://www.coingecko.com/:6
[  105333ms] [INFO] Loading the script 'https://cdn-apac.onetrust.com/scripttemplates/otSDKStub.js' violates the following Content Security Policy directive: "script-src https://accounts.google.com/gsi/client". Note that 'script-src-elem' was not explicitly set, so 'script-src' is used as a fallback. The policy is report-only, so the violation has been logged but no further action has been taken. @ https://www.coingecko.com/:0
[  105334ms] [INFO] Executing inline script violates the following Content Security Policy directive 'script-src https://accounts.google.com/gsi/client'. Either the 'unsafe-inline' keyword, a hash ('sha256-dhE3t0rfyP2cYB9NxDMoZtVoOVoNReX28cgygNw/dYQ='), or a nonce ('nonce-...') is required to enable inline execution. The policy is report-only, so the violation has been logged but no further action has been taken. @ https://www.coingecko.com/:29
[  105335ms] [INFO] Executing inline script violates the following Content Security Policy directive 'script-src https://accounts.google.com/gsi/client'. Either the 'unsafe-inline' keyword, a hash ('sha256-upmR/oRF+vS4i4WuonWH3V6ucaNDFnhXc64mwCByRXk='), or a nonce ('nonce-...') is required to enable inline execution. The policy is report-only, so the violation has been logged but no further action has been taken. @ https://www.coingecko.com/:373
[  105336ms] [INFO] Loading the script 'https://challenges.cloudflare.com/turnstile/v0/api.js' violates the following Content Security Policy directive: "script-src https://accounts.google.com/gsi/client". Note that 'script-src-elem' was not explicitly set, so 'script-src' is used as a fallback. The policy is report-only, so the violation has been logged but no further action has been taken. @ https://www.coingecko.com/:0
[  105340ms] [INFO] Executing inline script violates the following Content Security Policy directive 'script-src https://accounts.google.com/gsi/client'. Either the 'unsafe-inline' keyword, a hash ('sha256-4V+Tr+UeT10mHXndgmvs3E4ngoOJjpyCvYgF8ienz9E='), or a nonce ('nonce-...') is required to enable inline execution. The policy is report-only, so the violation has been logged but no further action has been taken. @ https://www.coingecko.com/:445
[  105354ms] [INFO] Loading the script 'https://html-load.cc/script/d3d3LmNvaW5nZWNrby5jb20.js' violates the following Content Security Policy directive: "script-src https://accounts.google.com/gsi/client". Note that 'script-src-elem' was not explicitly set, so 'script-src' is used as a fallback. The policy is report-only, so the violation has been logged but no further action has been taken. @ https://www.coingecko.com/:445
[  105354ms] [INFO] Loading the script 'https://cdn.confiant-integrations.net/9LK8Exe2khR_0lJTo07N1DnGdH8/gpt_and_prebid/config.js' violates the following Content Security Policy directive: "script-src https://accounts.google.com/gsi/client". Note that 'script-src-elem' was not explicitly set, so 'script-src' is used as a fallback. The policy is report-only, so the violation has been logged but no further action has been taken. @ https://www.coingecko.com/:0
[  105373ms] [INFO] Executing inline event handler violates the following Content Security Policy directive 'script-src https://accounts.google.com/gsi/client'. Either the 'unsafe-inline' keyword, a hash ('sha256-...'), or a nonce ('nonce-...') is required to enable inline execution. Note that hashes do not apply to event handlers, style attributes and javascript: navigations unless the 'unsafe-hashes' keyword is present. The policy is report-only, so the violation has been logged but no further action has been taken. @ https://www.coingecko.com/:410
[  105373ms] [INFO] Executing inline script violates the following Content Security Policy directive 'script-src https://accounts.google.com/gsi/client'. Either the 'unsafe-inline' keyword, a hash ('sha256-GBgFU3jEJ0M9wi4Keg88svXAX5SFfQUFc7hXHFbaiBk='), or a nonce ('nonce-...') is required to enable inline execution. The policy is report-only, so the violation has been logged but no further action has been taken. @ https://www.coingecko.com/:487
[  105374ms] [INFO] Executing inline script violates the following Content Security Policy directive 'script-src https://accounts.google.com/gsi/client'. Either the 'unsafe-inline' keyword, a hash ('sha256-q2iwj49xVKfEo1uN09rita6NJu69FeFA92jaykX3HIU='), or a nonce ('nonce-...') is required to enable inline execution. The policy is report-only, so the violation has been logged but no further action has been taken. @ https://www.coingecko.com/:507
[  105379ms] [INFO] Executing inline script violates the following Content Security Policy directive 'script-src https://accounts.google.com/gsi/client'. Either the 'unsafe-inline' keyword, a hash ('sha256-RfkkGjyyG75UPLaiioH2e0CHpWuikWUUxiFdYeHixYk='), or a nonce ('nonce-...') is required to enable inline execution. The policy is report-only, so the violation has been logged but no further action has been taken. @ https://www.coingecko.com/:2442
[  105594ms] [INFO] Loading the script 'https://static.coingecko.com/packs/js/runtime-007e64bd8755c17dfc96.js' violates the following Content Security Policy directive: "script-src https://accounts.google.com/gsi/client". Note that 'script-src-elem' was not explicitly set, so 'script-src' is used as a fallback. The policy is report-only, so the violation has been logged but no further action has been taken. @ https://www.coingecko.com/:0
[  105595ms] [INFO] Loading the script 'https://static.coingecko.com/packs/js/2692-b6b29f07c373d136299b.js' violates the following Content Security Policy directive: "script-src https://accounts.google.com/gsi/client". Note that 'script-src-elem' was not explicitly set, so 'script-src' is used as a fallback. The policy is report-only, so the violation has been logged but no further action has been taken. @ https://www.coingecko.com/:0
[  105595ms] [INFO] Loading the script 'https://static.coingecko.com/packs/js/i18n-a7d3fff0ac743d8e7d9f.js' violates the following Content Security Policy directive: "script-src https://accounts.google.com/gsi/client". Note that 'script-src-elem' was not explicitly set, so 'script-src' is used as a fallback. The policy is report-only, so the violation has been logged but no further action has been taken. @ https://www.coingecko.com/:0
[  105595ms] [INFO] Loading the script 'https://static.coingecko.com/packs/js/translations/en-60e0743c703773a6d55c.js' violates the following Content Security Policy directive: "script-src https://accounts.google.com/gsi/client". Note that 'script-src-elem' was not explicitly set, so 'script-src' is used as a fallback. The policy is report-only, so the violation has been logged but no further action has been taken. @ https://www.coingecko.com/:0
[  105595ms] [INFO] Loading the script 'https://static.coingecko.com/packs/js/6234-ecff09f798c4afa44a78.js' violates the following Content Security Policy directive: "script-src https://accounts.google.com/gsi/client". Note that 'script-src-elem' was not explicitly set, so 'script-src' is used as a fallback. The policy is report-only, so the violation has been logged but no further action has been taken. @ https://www.coingecko.com/:0
[  105595ms] [INFO] Loading the script 'https://static.coingecko.com/packs/js/2386-f541811081397587585b.js' violates the following Content Security Policy directive: "script-src https://accounts.google.com/gsi/client". Note that 'script-src-elem' was not explicitly set, so 'script-src' is used as a fallback. The policy is report-only, so the violation has been logged but no further action has been taken. @ https://www.coingecko.com/:0
[  105596ms] [INFO] Loading the script 'https://static.coingecko.com/packs/js/5973-5e1a3da49a89ba298fb2.js' violates the following Content Security Policy directive: "script-src https://accounts.google.com/gsi/client". Note that 'script-src-elem' was not explicitly set, so 'script-src' is used as a fallback. The policy is report-only, so the violation has been logged but no further action has been taken. @ https://www.coingecko.com/:0
[  105596ms] [INFO] Loading the script 'https://static.coingecko.com/packs/js/5316-8f5a8ec3588fa6577425.js' violates the following Content Security Policy directive: "script-src https://accounts.google.com/gsi/client". Note that 'script-src-elem' was not explicitly set, so 'script-src' is used as a fallback. The policy is report-only, so the violation has been logged but no further action has been taken. @ https://www.coingecko.com/:0
[  105596ms] [INFO] Loading the script 'https://static.coingecko.com/packs/js/4052-6b094d4ef060a0ce058d.js' violates the following Content Security Policy directive: "script-src https://accounts.google.com/gsi/client". Note that 'script-src-elem' was not explicitly set, so 'script-src' is used as a fallback. The policy is report-only, so the violation has been logged but no further action has been taken. @ https://www.coingecko.com/:0
[  105596ms] [INFO] Loading the script 'https://static.coingecko.com/packs/js/4759-bb3da86498f0a5fd0910.js' violates the following Content Security Policy directive: "script-src https://accounts.google.com/gsi/client". Note that 'script-src-elem' was not explicitly set, so 'script-src' is used as a fallback. The policy is report-only, so the violation has been logged but no further action has been taken. @ https://www.coingecko.com/:0
[  105597ms] [INFO] Loading the script 'https://static.coingecko.com/packs/js/1374-20204fbbc4fa1b667b6f.js' violates the following Content Security Policy directive: "script-src https://accounts.google.com/gsi/client". Note that 'script-src-elem' was not explicitly set, so 'script-src' is used as a fallback. The policy is report-only, so the violation has been logged but no further action has been taken. @ https://www.coingecko.com/:0
[  105597ms] [INFO] Loading the script 'https://static.coingecko.com/packs/js/3337-b6dd051dee8afdfa1248.js' violates the following Content Security Policy directive: "script-src https://accounts.google.com/gsi/client". Note that 'script-src-elem' was not explicitly set, so 'script-src' is used as a fallback. The policy is report-only, so the violation has been logged but no further action has been taken. @ https://www.coingecko.com/:0
[  105597ms] [INFO] Loading the script 'https://static.coingecko.com/packs/js/4089-2d7a15cd0d9e343946fc.js' violates the following Content Security Policy directive: "script-src https://accounts.google.com/gsi/client". Note that 'script-src-elem' was not explicitly set, so 'script-src' is used as a fallback. The policy is report-only, so the violation has been logged but no further action has been taken. @ https://www.coingecko.com/:0
[  105597ms] [INFO] Loading the script 'https://static.coingecko.com/packs/js/1191-ab9c9b0a663f542b5cba.js' violates the following Content Security Policy directive: "script-src https://accounts.google.com/gsi/client". Note that 'script-src-elem' was not explicitly set, so 'script-src' is used as a fallback. The policy is report-only, so the violation has been logged but no further action has been taken. @ https://www.coingecko.com/:0
[  105598ms] [INFO] Loading the script 'https://static.coingecko.com/packs/js/3722-e74585e755b0c03bbab2.js' violates the following Content Security Policy directive: "script-src https://accounts.google.com/gsi/client". Note that 'script-src-elem' was not explicitly set, so 'script-src' is used as a fallback. The policy is report-only, so the violation has been logged but no further action has been taken. @ https://www.coingecko.com/:0
[  105598ms] [INFO] Loading the script 'https://static.coingecko.com/packs/js/7754-5554b85bb7d8b220f3d4.js' violates the following Content Security Policy directive: "script-src https://accounts.google.com/gsi/client". Note that 'script-src-elem' was not explicitly set, so 'script-src' is used as a fallback. The policy is report-only, so the violation has been logged but no further action has been taken. @ https://www.coingecko.com/:0
[  105614ms] [INFO] Loading the script 'https://static.coingecko.com/packs/js/1626-652e5ce588e3baabf234.js' violates the following Content Security Policy directive: "script-src https://accounts.google.com/gsi/client". Note that 'script-src-elem' was not explicitly set, so 'script-src' is used as a fallback. The policy is report-only, so the violation has been logged but no further action has been taken. @ https://www.coingecko.com/:0
[  105614ms] [INFO] Loading the script 'https://static.coingecko.com/packs/js/7815-97e81a7288b4e169337a.js' violates the following Content Security Policy directive: "script-src https://accounts.google.com/gsi/client". Note that 'script-src-elem' was not explicitly set, so 'script-src' is used as a fallback. The policy is report-only, so the violation has been logged but no further action has been taken. @ https://www.coingecko.com/:0
[  105614ms] [INFO] Loading the script 'https://static.coingecko.com/packs/js/v2/application-aa420b820e205c93eb1a.js' violates the following Content Security Policy directive: "script-src https://accounts.google.com/gsi/client". Note that 'script-src-elem' was not explicitly set, so 'script-src' is used as a fallback. The policy is report-only, so the violation has been logged but no further action has been taken. @ https://www.coingecko.com/:0
[  105615ms] [INFO] Loading the script 'https://static.coingecko.com/packs/js/8828-10dd7376357aff14ae15.js' violates the following Content Security Policy directive: "script-src https://accounts.google.com/gsi/client". Note that 'script-src-elem' was not explicitly set, so 'script-src' is used as a fallback. The policy is report-only, so the violation has been logged but no further action has been taken. @ https://www.coingecko.com/:0
[  105615ms] [INFO] Loading the script 'https://static.coingecko.com/packs/js/v2/pages/coins-a3ff70dcc863c6c6c983.js' violates the following Content Security Policy directive: "script-src https://accounts.google.com/gsi/client". Note that 'script-src-elem' was not explicitly set, so 'script-src' is used as a fallback. The policy is report-only, so the violation has been logged but no further action has been taken. @ https://www.coingecko.com/:0
[  105615ms] [INFO] Loading the script 'https://static.coingecko.com/packs/js/v2/pages/user_onboarding-a344fd50c6b4430767ad.js' violates the following Content Security Policy directive: "script-src https://accounts.google.com/gsi/client". Note that 'script-src-elem' was not explicitly set, so 'script-src' is used as a fallback. The policy is report-only, so the violation has been logged but no further action has been taken. @ https://www.coingecko.com/:0
[  105615ms] [INFO] Loading the script 'https://static.cloudflareinsights.com/beacon.min.js/v8c78df7c7c0f484497ecbca7046644da1771523124516' violates the following Content Security Policy directive: "script-src https://accounts.google.com/gsi/client". Note that 'script-src-elem' was not explicitly set, so 'script-src' is used as a fallback. The policy is report-only, so the violation has been logged but no further action has been taken. @ https://www.coingecko.com/:0
[  105616ms] [INFO] Connecting to 'https://cdn-apac.onetrust.com/consent/49e8a847-f2c7-4b58-a340-caf0924064fe/49e8a847-f2c7-4b58-a340-caf0924064fe.json' violates the following Content Security Policy directive: "connect-src https://accounts.google.com/gsi/". The policy is report-only, so the violation has been logged but no further action has been taken. @ https://cdn-apac.onetrust.com/scripttemplates/otSDKStub.js:0
[  105630ms] [INFO] Evaluating a string as JavaScript violates the following Content Security Policy directive because 'unsafe-eval' is not an allowed source of script: "script-src https://accounts.google.com/gsi/client".
 The policy is report-only, so the violation has been logged but no further action has been taken. @ https://static.coingecko.com/packs/js/4759-bb3da86498f0a5fd0910.js:0
[  105631ms] [INFO] Evaluating a string as JavaScript violates the following Content Security Policy directive because 'unsafe-eval' is not an allowed source of script: "script-src https://accounts.google.com/gsi/client".
 The policy is report-only, so the violation has been logged but no further action has been taken. @ https://static.coingecko.com/packs/js/4759-bb3da86498f0a5fd0910.js:0
[  105631ms] [INFO] Evaluating a string as JavaScript violates the following Content Security Policy directive because 'unsafe-eval' is not an allowed source of script: "script-src https://accounts.google.com/gsi/client".
 The policy is report-only, so the violation has been logged but no further action has been taken. @ https://static.coingecko.com/packs/js/4759-bb3da86498f0a5fd0910.js:0
[  105631ms] [INFO] Evaluating a string as JavaScript violates the following Content Security Policy directive because 'unsafe-eval' is not an allowed source of script: "script-src https://accounts.google.com/gsi/client".
 The policy is report-only, so the violation has been logged but no further action has been taken. @ https://static.coingecko.com/packs/js/4759-bb3da86498f0a5fd0910.js:0
[  105632ms] [INFO] Evaluating a string as JavaScript violates the following Content Security Policy directive because 'unsafe-eval' is not an allowed source of script: "script-src https://accounts.google.com/gsi/client".
 The policy is report-only, so the violation has been logged but no further action has been taken. @ https://static.coingecko.com/packs/js/4759-bb3da86498f0a5fd0910.js:0
[  105633ms] [INFO] Evaluating a string as JavaScript violates the following Content Security Policy directive because 'unsafe-eval' is not an allowed source of script: "script-src https://accounts.google.com/gsi/client".
 The policy is report-only, so the violation has been logged but no further action has been taken. @ https://static.coingecko.com/packs/js/4759-bb3da86498f0a5fd0910.js:0
[  105633ms] [INFO] Evaluating a string as JavaScript violates the following Content Security Policy directive because 'unsafe-eval' is not an allowed source of script: "script-src https://accounts.google.com/gsi/client".
 The policy is report-only, so the violation has been logged but no further action has been taken. @ https://static.coingecko.com/packs/js/4759-bb3da86498f0a5fd0910.js:0
[  105634ms] [INFO] Evaluating a string as JavaScript violates the following Content Security Policy directive because 'unsafe-eval' is not an allowed source of script: "script-src https://accounts.google.com/gsi/client".
 The policy is report-only, so the violation has been logged but no further action has been taken. @ https://static.coingecko.com/packs/js/4759-bb3da86498f0a5fd0910.js:0
[  105634ms] [INFO] Evaluating a string as JavaScript violates the following Content Security Policy directive because 'unsafe-eval' is not an allowed source of script: "script-src https://accounts.google.com/gsi/client".
 The policy is report-only, so the violation has been logged but no further action has been taken. @ https://static.coingecko.com/packs/js/4759-bb3da86498f0a5fd0910.js:0
[  105635ms] [INFO] Evaluating a string as JavaScript violates the following Content Security Policy directive because 'unsafe-eval' is not an allowed source of script: "script-src https://accounts.google.com/gsi/client".
 The policy is report-only, so the violation has been logged but no further action has been taken. @ https://static.coingecko.com/packs/js/4759-bb3da86498f0a5fd0910.js:0
[  105635ms] [INFO] Evaluating a string as JavaScript violates the following Content Security Policy directive because 'unsafe-eval' is not an allowed source of script: "script-src https://accounts.google.com/gsi/client".
 The policy is report-only, so the violation has been logged but no further action has been taken. @ https://static.coingecko.com/packs/js/4759-bb3da86498f0a5fd0910.js:0
[  105635ms] [INFO] Evaluating a string as JavaScript violates the following Content Security Policy directive because 'unsafe-eval' is not an allowed source of script: "script-src https://accounts.google.com/gsi/client".
 The policy is report-only, so the violation has been logged but no further action has been taken. @ https://static.coingecko.com/packs/js/4759-bb3da86498f0a5fd0910.js:0
[  105635ms] [INFO] Evaluating a string as JavaScript violates the following Content Security Policy directive because 'unsafe-eval' is not an allowed source of script: "script-src https://accounts.google.com/gsi/client".
 The policy is report-only, so the violation has been logged but no further action has been taken. @ https://static.coingecko.com/packs/js/4759-bb3da86498f0a5fd0910.js:0
[  105637ms] [INFO] Evaluating a string as JavaScript violates the following Content Security Policy directive because 'unsafe-eval' is not an allowed source of script: "script-src https://accounts.google.com/gsi/client".
 The policy is report-only, so the violation has been logged but no further action has been taken. @ https://static.coingecko.com/packs/js/4759-bb3da86498f0a5fd0910.js:0
[  105637ms] [INFO] Evaluating a string as JavaScript violates the following Content Security Policy directive because 'unsafe-eval' is not an allowed source of script: "script-src https://accounts.google.com/gsi/client".
 The policy is report-only, so the violation has been logged but no further action has been taken. @ https://static.coingecko.com/packs/js/4759-bb3da86498f0a5fd0910.js:0
[  105637ms] [INFO] Evaluating a string as JavaScript violates the following Content Security Policy directive because 'unsafe-eval' is not an allowed source of script: "script-src https://accounts.google.com/gsi/client".
 The policy is report-only, so the violation has been logged but no further action has been taken. @ https://static.coingecko.com/packs/js/4759-bb3da86498f0a5fd0910.js:0
[  105637ms] [INFO] Evaluating a string as JavaScript violates the following Content Security Policy directive because 'unsafe-eval' is not an allowed source of script: "script-src https://accounts.google.com/gsi/client".
 The policy is report-only, so the violation has been logged but no further action has been taken. @ https://static.coingecko.com/packs/js/4759-bb3da86498f0a5fd0910.js:0
[  105638ms] [INFO] Evaluating a string as JavaScript violates the following Content Security Policy directive because 'unsafe-eval' is not an allowed source of script: "script-src https://accounts.google.com/gsi/client".
 The policy is report-only, so the violation has been logged but no further action has been taken. @ https://static.coingecko.com/packs/js/4759-bb3da86498f0a5fd0910.js:0
[  105638ms] [INFO] Evaluating a string as JavaScript violates the following Content Security Policy directive because 'unsafe-eval' is not an allowed source of script: "script-src https://accounts.google.com/gsi/client".
 The policy is report-only, so the violation has been logged but no further action has been taken. @ https://static.coingecko.com/packs/js/4759-bb3da86498f0a5fd0910.js:0
[  105639ms] [INFO] Evaluating a string as JavaScript violates the following Content Security Policy directive because 'unsafe-eval' is not an allowed source of script: "script-src https://accounts.google.com/gsi/client".
 The policy is report-only, so the violation has been logged but no further action has been taken. @ https://static.coingecko.com/packs/js/4759-bb3da86498f0a5fd0910.js:0
[  105639ms] [INFO] Evaluating a string as JavaScript violates the following Content Security Policy directive because 'unsafe-eval' is not an allowed source of script: "script-src https://accounts.google.com/gsi/client".
 The policy is report-only, so the violation has been logged but no further action has been taken. @ https://static.coingecko.com/packs/js/4759-bb3da86498f0a5fd0910.js:0
[  105639ms] [INFO] Evaluating a string as JavaScript violates the following Content Security Policy directive because 'unsafe-eval' is not an allowed source of script: "script-src https://accounts.google.com/gsi/client".
 The policy is report-only, so the violation has been logged but no further action has been taken. @ https://static.coingecko.com/packs/js/4759-bb3da86498f0a5fd0910.js:0
[  105640ms] [INFO] Evaluating a string as JavaScript violates the following Content Security Policy directive because 'unsafe-eval' is not an allowed source of script: "script-src https://accounts.google.com/gsi/client".
 The policy is report-only, so the violation has been logged but no further action has been taken. @ https://static.coingecko.com/packs/js/4759-bb3da86498f0a5fd0910.js:0
[  105641ms] [INFO] Evaluating a string as JavaScript violates the following Content Security Policy directive because 'unsafe-eval' is not an allowed source of script: "script-src https://accounts.google.com/gsi/client".
 The policy is report-only, so the violation has been logged but no further action has been taken. @ https://static.coingecko.com/packs/js/4759-bb3da86498f0a5fd0910.js:0
[  105641ms] [INFO] Evaluating a string as JavaScript violates the following Content Security Policy directive because 'unsafe-eval' is not an allowed source of script: "script-src https://accounts.google.com/gsi/client".
 The policy is report-only, so the violation has been logged but no further action has been taken. @ https://static.coingecko.com/packs/js/4759-bb3da86498f0a5fd0910.js:0
[  105641ms] [INFO] Evaluating a string as JavaScript violates the following Content Security Policy directive because 'unsafe-eval' is not an allowed source of script: "script-src https://accounts.google.com/gsi/client".
 The policy is report-only, so the violation has been logged but no further action has been taken. @ https://static.coingecko.com/packs/js/4759-bb3da86498f0a5fd0910.js:0
[  105641ms] [INFO] Evaluating a string as JavaScript violates the following Content Security Policy directive because 'unsafe-eval' is not an allowed source of script: "script-src https://accounts.google.com/gsi/client".
 The policy is report-only, so the violation has been logged but no further action has been taken. @ https://static.coingecko.com/packs/js/4759-bb3da86498f0a5fd0910.js:0
[  105641ms] [INFO] Evaluating a string as JavaScript violates the following Content Security Policy directive because 'unsafe-eval' is not an allowed source of script: "script-src https://accounts.google.com/gsi/client".
 The policy is report-only, so the violation has been logged but no further action has been taken. @ https://static.coingecko.com/packs/js/4759-bb3da86498f0a5fd0910.js:0
[  105642ms] [INFO] Evaluating a string as JavaScript violates the following Content Security Policy directive because 'unsafe-eval' is not an allowed source of script: "script-src https://accounts.google.com/gsi/client".
 The policy is report-only, so the violation has been logged but no further action has been taken. @ https://static.coingecko.com/packs/js/4759-bb3da86498f0a5fd0910.js:0
[  105642ms] [INFO] Evaluating a string as JavaScript violates the following Content Security Policy directive because 'unsafe-eval' is not an allowed source of script: "script-src https://accounts.google.com/gsi/client".
 The policy is report-only, so the violation has been logged but no further action has been taken. @ https://static.coingecko.com/packs/js/4759-bb3da86498f0a5fd0910.js:0
[  105642ms] [INFO] Evaluating a string as JavaScript violates the following Content Security Policy directive because 'unsafe-eval' is not an allowed source of script: "script-src https://accounts.google.com/gsi/client".
 The policy is report-only, so the violation has been logged but no further action has been taken. @ https://static.coingecko.com/packs/js/4759-bb3da86498f0a5fd0910.js:0
[  105642ms] [INFO] Evaluating a string as JavaScript violates the following Content Security Policy directive because 'unsafe-eval' is not an allowed source of script: "script-src https://accounts.google.com/gsi/client".
 The policy is report-only, so the violation has been logged but no further action has been taken. @ https://static.coingecko.com/packs/js/4759-bb3da86498f0a5fd0910.js:0
[  105643ms] [INFO] Evaluating a string as JavaScript violates the following Content Security Policy directive because 'unsafe-eval' is not an allowed source of script: "script-src https://accounts.google.com/gsi/client".
 The policy is report-only, so the violation has been logged but no further action has been taken. @ https://static.coingecko.com/packs/js/4759-bb3da86498f0a5fd0910.js:0
[  105643ms] [INFO] Evaluating a string as JavaScript violates the following Content Security Policy directive because 'unsafe-eval' is not an allowed source of script: "script-src https://accounts.google.com/gsi/client".
 The policy is report-only, so the violation has been logged but no further action has been taken. @ https://static.coingecko.com/packs/js/4759-bb3da86498f0a5fd0910.js:0
[  105643ms] [INFO] Evaluating a string as JavaScript violates the following Content Security Policy directive because 'unsafe-eval' is not an allowed source of script: "script-src https://accounts.google.com/gsi/client".
 The policy is report-only, so the violation has been logged but no further action has been taken. @ https://static.coingecko.com/packs/js/4759-bb3da86498f0a5fd0910.js:0
[  105643ms] [INFO] Evaluating a string as JavaScript violates the following Content Security Policy directive because 'unsafe-eval' is not an allowed source of script: "script-src https://accounts.google.com/gsi/client".
 The policy is report-only, so the violation has been logged but no further action has been taken. @ https://static.coingecko.com/packs/js/4759-bb3da86498f0a5fd0910.js:0
[  105643ms] [INFO] Evaluating a string as JavaScript violates the following Content Security Policy directive because 'unsafe-eval' is not an allowed source of script: "script-src https://accounts.google.com/gsi/client".
 The policy is report-only, so the violation has been logged but no further action has been taken. @ https://static.coingecko.com/packs/js/4759-bb3da86498f0a5fd0910.js:0
[  105643ms] [INFO] Evaluating a string as JavaScript violates the following Content Security Policy directive because 'unsafe-eval' is not an allowed source of script: "script-src https://accounts.google.com/gsi/client".
 The policy is report-only, so the violation has been logged but no further action has been taken. @ https://static.coingecko.com/packs/js/4759-bb3da86498f0a5fd0910.js:0
[  105644ms] [INFO] Evaluating a string as JavaScript violates the following Content Security Policy directive because 'unsafe-eval' is not an allowed source of script: "script-src https://accounts.google.com/gsi/client".
 The policy is report-only, so the violation has been logged but no further action has been taken. @ https://static.coingecko.com/packs/js/4759-bb3da86498f0a5fd0910.js:0
[  105644ms] [INFO] Evaluating a string as JavaScript violates the following Content Security Policy directive because 'unsafe-eval' is not an allowed source of script: "script-src https://accounts.google.com/gsi/client".
 The policy is report-only, so the violation has been logged but no further action has been taken. @ https://static.coingecko.com/packs/js/4759-bb3da86498f0a5fd0910.js:0
[  105644ms] [INFO] Evaluating a string as JavaScript violates the following Content Security Policy directive because 'unsafe-eval' is not an allowed source of script: "script-src https://accounts.google.com/gsi/client".
 The policy is report-only, so the violation has been logged but no further action has been taken. @ https://static.coingecko.com/packs/js/4759-bb3da86498f0a5fd0910.js:0
[  105644ms] [INFO] Evaluating a string as JavaScript violates the following Content Security Policy directive because 'unsafe-eval' is not an allowed source of script: "script-src https://accounts.google.com/gsi/client".
 The policy is report-only, so the violation has been logged but no further action has been taken. @ https://static.coingecko.com/packs/js/4759-bb3da86498f0a5fd0910.js:0
[  105644ms] [INFO] Evaluating a string as JavaScript violates the following Content Security Policy directive because 'unsafe-eval' is not an allowed source of script: "script-src https://accounts.google.com/gsi/client".
 The policy is report-only, so the violation has been logged but no further action has been taken. @ https://static.coingecko.com/packs/js/4759-bb3da86498f0a5fd0910.js:0
[  105644ms] [INFO] Evaluating a string as JavaScript violates the following Content Security Policy directive because 'unsafe-eval' is not an allowed source of script: "script-src https://accounts.google.com/gsi/client".
 The policy is report-only, so the violation has been logged but no further action has been taken. @ https://static.coingecko.com/packs/js/4759-bb3da86498f0a5fd0910.js:0
[  105644ms] [INFO] Evaluating a string as JavaScript violates the following Content Security Policy directive because 'unsafe-eval' is not an allowed source of script: "script-src https://accounts.google.com/gsi/client".
 The policy is report-only, so the violation has been logged but no further action has been taken. @ https://static.coingecko.com/packs/js/4759-bb3da86498f0a5fd0910.js:0
[  105645ms] [INFO] Evaluating a string as JavaScript violates the following Content Security Policy directive because 'unsafe-eval' is not an allowed source of script: "script-src https://accounts.google.com/gsi/client".
 The policy is report-only, so the violation has been logged but no further action has been taken. @ https://static.coingecko.com/packs/js/4759-bb3da86498f0a5fd0910.js:0
[  105645ms] [INFO] Evaluating a string as JavaScript violates the following Content Security Policy directive because 'unsafe-eval' is not an allowed source of script: "script-src https://accounts.google.com/gsi/client".
 The policy is report-only, so the violation has been logged but no further action has been taken. @ https://static.coingecko.com/packs/js/4759-bb3da86498f0a5fd0910.js:0
[  105646ms] [INFO] Evaluating a string as JavaScript violates the following Content Security Policy directive because 'unsafe-eval' is not an allowed source of script: "script-src https://accounts.google.com/gsi/client".
 The policy is report-only, so the violation has been logged but no further action has been taken. @ https://static.coingecko.com/packs/js/4759-bb3da86498f0a5fd0910.js:0
[  105646ms] [INFO] Evaluating a string as JavaScript violates the following Content Security Policy directive because 'unsafe-eval' is not an allowed source of script: "script-src https://accounts.google.com/gsi/client".
 The policy is report-only, so the violation has been logged but no further action has been taken. @ https://static.coingecko.com/packs/js/4759-bb3da86498f0a5fd0910.js:0
[  105647ms] [INFO] Evaluating a string as JavaScript violates the following Content Security Policy directive because 'unsafe-eval' is not an allowed source of script: "script-src https://accounts.google.com/gsi/client".
 The policy is report-only, so the violation has been logged but no further action has been taken. @ https://static.coingecko.com/packs/js/4759-bb3da86498f0a5fd0910.js:0
[  105647ms] [INFO] Evaluating a string as JavaScript violates the following Content Security Policy directive because 'unsafe-eval' is not an allowed source of script: "script-src https://accounts.google.com/gsi/client".
 The policy is report-only, so the violation has been logged but no further action has been taken. @ https://static.coingecko.com/packs/js/4759-bb3da86498f0a5fd0910.js:0
[  105647ms] [INFO] Evaluating a string as JavaScript violates the following Content Security Policy directive because 'unsafe-eval' is not an allowed source of script: "script-src https://accounts.google.com/gsi/client".
 The policy is report-only, so the violation has been logged but no further action has been taken. @ https://static.coingecko.com/packs/js/4759-bb3da86498f0a5fd0910.js:0
[  105647ms] [INFO] Evaluating a string as JavaScript violates the following Content Security Policy directive because 'unsafe-eval' is not an allowed source of script: "script-src https://accounts.google.com/gsi/client".
 The policy is report-only, so the violation has been logged but no further action has been taken. @ https://static.coingecko.com/packs/js/4759-bb3da86498f0a5fd0910.js:0
[  105647ms] [INFO] Evaluating a string as JavaScript violates the following Content Security Policy directive because 'unsafe-eval' is not an allowed source of script: "script-src https://accounts.google.com/gsi/client".
 The policy is report-only, so the violation has been logged but no further action has been taken. @ https://static.coingecko.com/packs/js/4759-bb3da86498f0a5fd0910.js:0
[  105647ms] [INFO] Evaluating a string as JavaScript violates the following Content Security Policy directive because 'unsafe-eval' is not an allowed source of script: "script-src https://accounts.google.com/gsi/client".
 The policy is report-only, so the violation has been logged but no further action has been taken. @ https://static.coingecko.com/packs/js/4759-bb3da86498f0a5fd0910.js:0
[  105647ms] [INFO] Evaluating a string as JavaScript violates the following Content Security Policy directive because 'unsafe-eval' is not an allowed source of script: "script-src https://accounts.google.com/gsi/client".
 The policy is report-only, so the violation has been logged but no further action has been taken. @ https://static.coingecko.com/packs/js/4759-bb3da86498f0a5fd0910.js:0
[  105648ms] [INFO] Evaluating a string as JavaScript violates the following Content Security Policy directive because 'unsafe-eval' is not an allowed source of script: "script-src https://accounts.google.com/gsi/client".
 The policy is report-only, so the violation has been logged but no further action has been taken. @ https://static.coingecko.com/packs/js/4759-bb3da86498f0a5fd0910.js:0
[  105648ms] [INFO] Evaluating a string as JavaScript violates the following Content Security Policy directive because 'unsafe-eval' is not an allowed source of script: "script-src https://accounts.google.com/gsi/client".
 The policy is report-only, so the violation has been logged but no further action has been taken. @ https://static.coingecko.com/packs/js/4759-bb3da86498f0a5fd0910.js:0
[  105648ms] [INFO] Evaluating a string as JavaScript violates the following Content Security Policy directive because 'unsafe-eval' is not an allowed source of script: "script-src https://accounts.google.com/gsi/client".
 The policy is report-only, so the violation has been logged but no further action has been taken. @ https://static.coingecko.com/packs/js/4759-bb3da86498f0a5fd0910.js:0
[  105648ms] [INFO] Evaluating a string as JavaScript violates the following Content Security Policy directive because 'unsafe-eval' is not an allowed source of script: "script-src https://accounts.google.com/gsi/client".
 The policy is report-only, so the violation has been logged but no further action has been taken. @ https://static.coingecko.com/packs/js/4759-bb3da86498f0a5fd0910.js:0
[  105648ms] [INFO] Evaluating a string as JavaScript violates the following Content Security Policy directive because 'unsafe-eval' is not an allowed source of script: "script-src https://accounts.google.com/gsi/client".
 The policy is report-only, so the violation has been logged but no further action has been taken. @ https://static.coingecko.com/packs/js/4759-bb3da86498f0a5fd0910.js:0
[  105648ms] [INFO] Evaluating a string as JavaScript violates the following Content Security Policy directive because 'unsafe-eval' is not an allowed source of script: "script-src https://accounts.google.com/gsi/client".
 The policy is report-only, so the violation has been logged but no further action has been taken. @ https://static.coingecko.com/packs/js/4759-bb3da86498f0a5fd0910.js:0
[  105649ms] [INFO] Evaluating a string as JavaScript violates the following Content Security Policy directive because 'unsafe-eval' is not an allowed source of script: "script-src https://accounts.google.com/gsi/client".
 The policy is report-only, so the violation has been logged but no further action has been taken. @ https://static.coingecko.com/packs/js/4759-bb3da86498f0a5fd0910.js:0
[  105649ms] [INFO] Evaluating a string as JavaScript violates the following Content Security Policy directive because 'unsafe-eval' is not an allowed source of script: "script-src https://accounts.google.com/gsi/client".
 The policy is report-only, so the violation has been logged but no further action has been taken. @ https://static.coingecko.com/packs/js/4759-bb3da86498f0a5fd0910.js:0
[  105649ms] [INFO] Evaluating a string as JavaScript violates the following Content Security Policy directive because 'unsafe-eval' is not an allowed source of script: "script-src https://accounts.google.com/gsi/client".
 The policy is report-only, so the violation has been logged but no further action has been taken. @ https://static.coingecko.com/packs/js/4759-bb3da86498f0a5fd0910.js:0
[  105649ms] [INFO] Evaluating a string as JavaScript violates the following Content Security Policy directive because 'unsafe-eval' is not an allowed source of script: "script-src https://accounts.google.com/gsi/client".
 The policy is report-only, so the violation has been logged but no further action has been taken. @ https://static.coingecko.com/packs/js/4759-bb3da86498f0a5fd0910.js:0
[  105650ms] [INFO] Evaluating a string as JavaScript violates the following Content Security Policy directive because 'unsafe-eval' is not an allowed source of script: "script-src https://accounts.google.com/gsi/client".
 The policy is report-only, so the violation has been logged but no further action has been taken. @ https://static.coingecko.com/packs/js/4759-bb3da86498f0a5fd0910.js:0
[  105650ms] [INFO] Evaluating a string as JavaScript violates the following Content Security Policy directive because 'unsafe-eval' is not an allowed source of script: "script-src https://accounts.google.com/gsi/client".
 The policy is report-only, so the violation has been logged but no further action has been taken. @ https://static.coingecko.com/packs/js/4759-bb3da86498f0a5fd0910.js:0
[  105650ms] [INFO] Evaluating a string as JavaScript violates the following Content Security Policy directive because 'unsafe-eval' is not an allowed source of script: "script-src https://accounts.google.com/gsi/client".
 The policy is report-only, so the violation has been logged but no further action has been taken. @ https://static.coingecko.com/packs/js/4759-bb3da86498f0a5fd0910.js:0
[  105650ms] [INFO] Evaluating a string as JavaScript violates the following Content Security Policy directive because 'unsafe-eval' is not an allowed source of script: "script-src https://accounts.google.com/gsi/client".
 The policy is report-only, so the violation has been logged but no further action has been taken. @ https://static.coingecko.com/packs/js/4759-bb3da86498f0a5fd0910.js:0
[  105650ms] [INFO] Evaluating a string as JavaScript violates the following Content Security Policy directive because 'unsafe-eval' is not an allowed source of script: "script-src https://accounts.google.com/gsi/client".
 The policy is report-only, so the violation has been logged but no further action has been taken. @ https://static.coingecko.com/packs/js/4759-bb3da86498f0a5fd0910.js:0
[  105651ms] [INFO] Evaluating a string as JavaScript violates the following Content Security Policy directive because 'unsafe-eval' is not an allowed source of script: "script-src https://accounts.google.com/gsi/client".
 The policy is report-only, so the violation has been logged but no further action has been taken. @ https://static.coingecko.com/packs/js/4759-bb3da86498f0a5fd0910.js:0
[  105651ms] [INFO] Evaluating a string as JavaScript violates the following Content Security Policy directive because 'unsafe-eval' is not an allowed source of script: "script-src https://accounts.google.com/gsi/client".
 The policy is report-only, so the violation has been logged but no further action has been taken. @ https://static.coingecko.com/packs/js/4759-bb3da86498f0a5fd0910.js:0
[  105651ms] [INFO] Evaluating a string as JavaScript violates the following Content Security Policy directive because 'unsafe-eval' is not an allowed source of script: "script-src https://accounts.google.com/gsi/client".
 The policy is report-only, so the violation has been logged but no further action has been taken. @ https://static.coingecko.com/packs/js/4759-bb3da86498f0a5fd0910.js:0
[  105651ms] [INFO] Evaluating a string as JavaScript violates the following Content Security Policy directive because 'unsafe-eval' is not an allowed source of script: "script-src https://accounts.google.com/gsi/client".
 The policy is report-only, so the violation has been logged but no further action has been taken. @ https://static.coingecko.com/packs/js/4759-bb3da86498f0a5fd0910.js:0
[  105653ms] [INFO] Evaluating a string as JavaScript violates the following Content Security Policy directive because 'unsafe-eval' is not an allowed source of script: "script-src https://accounts.google.com/gsi/client".
 The policy is report-only, so the violation has been logged but no further action has been taken. @ https://static.coingecko.com/packs/js/4759-bb3da86498f0a5fd0910.js:0
[  105653ms] [INFO] Evaluating a string as JavaScript violates the following Content Security Policy directive because 'unsafe-eval' is not an allowed source of script: "script-src https://accounts.google.com/gsi/client".
 The policy is report-only, so the violation has been logged but no further action has been taken. @ https://static.coingecko.com/packs/js/4759-bb3da86498f0a5fd0910.js:0
[  105653ms] [INFO] Evaluating a string as JavaScript violates the following Content Security Policy directive because 'unsafe-eval' is not an allowed source of script: "script-src https://accounts.google.com/gsi/client".
 The policy is report-only, so the violation has been logged but no further action has been taken. @ https://static.coingecko.com/packs/js/4759-bb3da86498f0a5fd0910.js:0
[  105653ms] [INFO] Evaluating a string as JavaScript violates the following Content Security Policy directive because 'unsafe-eval' is not an allowed source of script: "script-src https://accounts.google.com/gsi/client".
 The policy is report-only, so the violation has been logged but no further action has been taken. @ https://static.coingecko.com/packs/js/4759-bb3da86498f0a5fd0910.js:0
[  105653ms] [INFO] Evaluating a string as JavaScript violates the following Content Security Policy directive because 'unsafe-eval' is not an allowed source of script: "script-src https://accounts.google.com/gsi/client".
 The policy is report-only, so the violation has been logged but no further action has been taken. @ https://static.coingecko.com/packs/js/4759-bb3da86498f0a5fd0910.js:0
[  105654ms] [INFO] Evaluating a string as JavaScript violates the following Content Security Policy directive because 'unsafe-eval' is not an allowed source of script: "script-src https://accounts.google.com/gsi/client".
 The policy is report-only, so the violation has been logged but no further action has been taken. @ https://static.coingecko.com/packs/js/4759-bb3da86498f0a5fd0910.js:0
[  105654ms] [INFO] Evaluating a string as JavaScript violates the following Content Security Policy directive because 'unsafe-eval' is not an allowed source of script: "script-src https://accounts.google.com/gsi/client".
 The policy is report-only, so the violation has been logged but no further action has been taken. @ https://static.coingecko.com/packs/js/4759-bb3da86498f0a5fd0910.js:0
[  105654ms] [INFO] Evaluating a string as JavaScript violates the following Content Security Policy directive because 'unsafe-eval' is not an allowed source of script: "script-src https://accounts.google.com/gsi/client".
 The policy is report-only, so the violation has been logged but no further action has been taken. @ https://static.coingecko.com/packs/js/4759-bb3da86498f0a5fd0910.js:0
[  105680ms] [INFO] Evaluating a string as JavaScript violates the following Content Security Policy directive because 'unsafe-eval' is not an allowed source of script: "script-src https://accounts.google.com/gsi/client".
 The policy is report-only, so the violation has been logged but no further action has been taken. @ https://static.coingecko.com/packs/js/4759-bb3da86498f0a5fd0910.js:0
[  105681ms] [INFO] Evaluating a string as JavaScript violates the following Content Security Policy directive because 'unsafe-eval' is not an allowed source of script: "script-src https://accounts.google.com/gsi/client".
 The policy is report-only, so the violation has been logged but no further action has been taken. @ https://static.coingecko.com/packs/js/4759-bb3da86498f0a5fd0910.js:0
[  105710ms] [INFO] Evaluating a string as JavaScript violates the following Content Security Policy directive because 'unsafe-eval' is not an allowed source of script: "script-src https://accounts.google.com/gsi/client".
 The policy is report-only, so the violation has been logged but no further action has been taken. @ https://static.coingecko.com/packs/js/4759-bb3da86498f0a5fd0910.js:0
[  105713ms] [INFO] Evaluating a string as JavaScript violates the following Content Security Policy directive because 'unsafe-eval' is not an allowed source of script: "script-src https://accounts.google.com/gsi/client".
 The policy is report-only, so the violation has been logged but no further action has been taken. @ https://static.coingecko.com/packs/js/4759-bb3da86498f0a5fd0910.js:0
[  105714ms] [INFO] Evaluating a string as JavaScript violates the following Content Security Policy directive because 'unsafe-eval' is not an allowed source of script: "script-src https://accounts.google.com/gsi/client".
 The policy is report-only, so the violation has been logged but no further action has been taken. @ https://static.coingecko.com/packs/js/4759-bb3da86498f0a5fd0910.js:0
[  105714ms] [INFO] Evaluating a string as JavaScript violates the following Content Security Policy directive because 'unsafe-eval' is not an allowed source of script: "script-src https://accounts.google.com/gsi/client".
 The policy is report-only, so the violation has been logged but no further action has been taken. @ https://static.coingecko.com/packs/js/4759-bb3da86498f0a5fd0910.js:0
[  105714ms] [INFO] Evaluating a string as JavaScript violates the following Content Security Policy directive because 'unsafe-eval' is not an allowed source of script: "script-src https://accounts.google.com/gsi/client".
 The policy is report-only, so the violation has been logged but no further action has been taken. @ https://static.coingecko.com/packs/js/4759-bb3da86498f0a5fd0910.js:0
[  105714ms] [INFO] Evaluating a string as JavaScript violates the following Content Security Policy directive because 'unsafe-eval' is not an allowed source of script: "script-src https://accounts.google.com/gsi/client".
 The policy is report-only, so the violation has been logged but no further action has been taken. @ https://static.coingecko.com/packs/js/4759-bb3da86498f0a5fd0910.js:0
[  105714ms] [INFO] Evaluating a string as JavaScript violates the following Content Security Policy directive because 'unsafe-eval' is not an allowed source of script: "script-src https://accounts.google.com/gsi/client".
 The policy is report-only, so the violation has been logged but no further action has been taken. @ https://static.coingecko.com/packs/js/4759-bb3da86498f0a5fd0910.js:0
[  105715ms] [INFO] Evaluating a string as JavaScript violates the following Content Security Policy directive because 'unsafe-eval' is not an allowed source of script: "script-src https://accounts.google.com/gsi/client".
 The policy is report-only, so the violation has been logged but no further action has been taken. @ https://static.coingecko.com/packs/js/4759-bb3da86498f0a5fd0910.js:0
[  105715ms] [INFO] Evaluating a string as JavaScript violates the following Content Security Policy directive because 'unsafe-eval' is not an allowed source of script: "script-src https://accounts.google.com/gsi/client".
 The policy is report-only, so the violation has been logged but no further action has been taken. @ https://static.coingecko.com/packs/js/4759-bb3da86498f0a5fd0910.js:0
[  105715ms] [INFO] Evaluating a string as JavaScript violates the following Content Security Policy directive because 'unsafe-eval' is not an allowed source of script: "script-src https://accounts.google.com/gsi/client".
 The policy is report-only, so the violation has been logged but no further action has been taken. @ https://static.coingecko.com/packs/js/4759-bb3da86498f0a5fd0910.js:0
[  105715ms] [INFO] Evaluating a string as JavaScript violates the following Content Security Policy directive because 'unsafe-eval' is not an allowed source of script: "script-src https://accounts.google.com/gsi/client".
 The policy is report-only, so the violation has been logged but no further action has been taken. @ https://static.coingecko.com/packs/js/4759-bb3da86498f0a5fd0910.js:0
[  105715ms] [INFO] Evaluating a string as JavaScript violates the following Content Security Policy directive because 'unsafe-eval' is not an allowed source of script: "script-src https://accounts.google.com/gsi/client".
 The policy is report-only, so the violation has been logged but no further action has been taken. @ https://static.coingecko.com/packs/js/4759-bb3da86498f0a5fd0910.js:0
[  105715ms] [INFO] Evaluating a string as JavaScript violates the following Content Security Policy directive because 'unsafe-eval' is not an allowed source of script: "script-src https://accounts.google.com/gsi/client".
 The policy is report-only, so the violation has been logged but no further action has been taken. @ https://static.coingecko.com/packs/js/4759-bb3da86498f0a5fd0910.js:0
[  105716ms] [INFO] Evaluating a string as JavaScript violates the following Content Security Policy directive because 'unsafe-eval' is not an allowed source of script: "script-src https://accounts.google.com/gsi/client".
 The policy is report-only, so the violation has been logged but no further action has been taken. @ https://static.coingecko.com/packs/js/4759-bb3da86498f0a5fd0910.js:0
[  105716ms] [INFO] Evaluating a string as JavaScript violates the following Content Security Policy directive because 'unsafe-eval' is not an allowed source of script: "script-src https://accounts.google.com/gsi/client".
 The policy is report-only, so the violation has been logged but no further action has been taken. @ https://static.coingecko.com/packs/js/4759-bb3da86498f0a5fd0910.js:0
[  105716ms] [INFO] Evaluating a string as JavaScript violates the following Content Security Policy directive because 'unsafe-eval' is not an allowed source of script: "script-src https://accounts.google.com/gsi/client".
 The policy is report-only, so the violation has been logged but no further action has been taken. @ https://static.coingecko.com/packs/js/4759-bb3da86498f0a5fd0910.js:0
[  105717ms] [INFO] Evaluating a string as JavaScript violates the following Content Security Policy directive because 'unsafe-eval' is not an allowed source of script: "script-src https://accounts.google.com/gsi/client".
 The policy is report-only, so the violation has been logged but no further action has been taken. @ https://static.coingecko.com/packs/js/4759-bb3da86498f0a5fd0910.js:0
[  105717ms] [INFO] Evaluating a string as JavaScript violates the following Content Security Policy directive because 'unsafe-eval' is not an allowed source of script: "script-src https://accounts.google.com/gsi/client".
 The policy is report-only, so the violation has been logged but no further action has been taken. @ https://static.coingecko.com/packs/js/4759-bb3da86498f0a5fd0910.js:0
[  105717ms] [INFO] Evaluating a string as JavaScript violates the following Content Security Policy directive because 'unsafe-eval' is not an allowed source of script: "script-src https://accounts.google.com/gsi/client".
 The policy is report-only, so the violation has been logged but no further action has been taken. @ https://static.coingecko.com/packs/js/4759-bb3da86498f0a5fd0910.js:0
[  105717ms] [INFO] Evaluating a string as JavaScript violates the following Content Security Policy directive because 'unsafe-eval' is not an allowed source of script: "script-src https://accounts.google.com/gsi/client".
 The policy is report-only, so the violation has been logged but no further action has been taken. @ https://static.coingecko.com/packs/js/4759-bb3da86498f0a5fd0910.js:0
[  105717ms] [INFO] Evaluating a string as JavaScript violates the following Content Security Policy directive because 'unsafe-eval' is not an allowed source of script: "script-src https://accounts.google.com/gsi/client".
 The policy is report-only, so the violation has been logged but no further action has been taken. @ https://static.coingecko.com/packs/js/4759-bb3da86498f0a5fd0910.js:0
[  105717ms] [INFO] Evaluating a string as JavaScript violates the following Content Security Policy directive because 'unsafe-eval' is not an allowed source of script: "script-src https://accounts.google.com/gsi/client".
 The policy is report-only, so the violation has been logged but no further action has been taken. @ https://static.coingecko.com/packs/js/4759-bb3da86498f0a5fd0910.js:0
[  105717ms] [INFO] Evaluating a string as JavaScript violates the following Content Security Policy directive because 'unsafe-eval' is not an allowed source of script: "script-src https://accounts.google.com/gsi/client".
 The policy is report-only, so the violation has been logged but no further action has been taken. @ https://static.coingecko.com/packs/js/4759-bb3da86498f0a5fd0910.js:0
[  105718ms] [INFO] Evaluating a string as JavaScript violates the following Content Security Policy directive because 'unsafe-eval' is not an allowed source of script: "script-src https://accounts.google.com/gsi/client".
 The policy is report-only, so the violation has been logged but no further action has been taken. @ https://static.coingecko.com/packs/js/4759-bb3da86498f0a5fd0910.js:0
[  105718ms] [INFO] Evaluating a string as JavaScript violates the following Content Security Policy directive because 'unsafe-eval' is not an allowed source of script: "script-src https://accounts.google.com/gsi/client".
 The policy is report-only, so the violation has been logged but no further action has been taken. @ https://static.coingecko.com/packs/js/4759-bb3da86498f0a5fd0910.js:0
[  105718ms] [INFO] Evaluating a string as JavaScript violates the following Content Security Policy directive because 'unsafe-eval' is not an allowed source of script: "script-src https://accounts.google.com/gsi/client".
 The policy is report-only, so the violation has been logged but no further action has been taken. @ https://static.coingecko.com/packs/js/4759-bb3da86498f0a5fd0910.js:0
[  105720ms] [INFO] Evaluating a string as JavaScript violates the following Content Security Policy directive because 'unsafe-eval' is not an allowed source of script: "script-src https://accounts.google.com/gsi/client".
 The policy is report-only, so the violation has been logged but no further action has been taken. @ https://static.coingecko.com/packs/js/4759-bb3da86498f0a5fd0910.js:0
[  105721ms] [INFO] Evaluating a string as JavaScript violates the following Content Security Policy directive because 'unsafe-eval' is not an allowed source of script: "script-src https://accounts.google.com/gsi/client".
 The policy is report-only, so the violation has been logged but no further action has been taken. @ https://static.coingecko.com/packs/js/4759-bb3da86498f0a5fd0910.js:0
[  105721ms] [INFO] Evaluating a string as JavaScript violates the following Content Security Policy directive because 'unsafe-eval' is not an allowed source of script: "script-src https://accounts.google.com/gsi/client".
 The policy is report-only, so the violation has been logged but no further action has been taken. @ https://static.coingecko.com/packs/js/4759-bb3da86498f0a5fd0910.js:0
[  105721ms] [INFO] Evaluating a string as JavaScript violates the following Content Security Policy directive because 'unsafe-eval' is not an allowed source of script: "script-src https://accounts.google.com/gsi/client".
 The policy is report-only, so the violation has been logged but no further action has been taken. @ https://static.coingecko.com/packs/js/4759-bb3da86498f0a5fd0910.js:0
[  105722ms] [INFO] Evaluating a string as JavaScript violates the following Content Security Policy directive because 'unsafe-eval' is not an allowed source of script: "script-src https://accounts.google.com/gsi/client".
 The policy is report-only, so the violation has been logged but no further action has been taken. @ https://static.coingecko.com/packs/js/4759-bb3da86498f0a5fd0910.js:0
[  105722ms] [INFO] Evaluating a string as JavaScript violates the following Content Security Policy directive because 'unsafe-eval' is not an allowed source of script: "script-src https://accounts.google.com/gsi/client".
 The policy is report-only, so the violation has been logged but no further action has been taken. @ https://static.coingecko.com/packs/js/4759-bb3da86498f0a5fd0910.js:0
[  105722ms] [INFO] Evaluating a string as JavaScript violates the following Content Security Policy directive because 'unsafe-eval' is not an allowed source of script: "script-src https://accounts.google.com/gsi/client".
 The policy is report-only, so the violation has been logged but no further action has been taken. @ https://static.coingecko.com/packs/js/4759-bb3da86498f0a5fd0910.js:0
[  105723ms] [INFO] Evaluating a string as JavaScript violates the following Content Security Policy directive because 'unsafe-eval' is not an allowed source of script: "script-src https://accounts.google.com/gsi/client".
 The policy is report-only, so the violation has been logged but no further action has been taken. @ https://static.coingecko.com/packs/js/4759-bb3da86498f0a5fd0910.js:0
[  105724ms] [INFO] Evaluating a string as JavaScript violates the following Content Security Policy directive because 'unsafe-eval' is not an allowed source of script: "script-src https://accounts.google.com/gsi/client".
 The policy is report-only, so the violation has been logged but no further action has been taken. @ https://static.coingecko.com/packs/js/4759-bb3da86498f0a5fd0910.js:0
[  105727ms] [INFO] Evaluating a string as JavaScript violates the following Content Security Policy directive because 'unsafe-eval' is not an allowed source of script: "script-src https://accounts.google.com/gsi/client".
 The policy is report-only, so the violation has been logged but no further action has been taken. @ https://static.coingecko.com/packs/js/4759-bb3da86498f0a5fd0910.js:0
[  105727ms] [INFO] Evaluating a string as JavaScript violates the following Content Security Policy directive because 'unsafe-eval' is not an allowed source of script: "script-src https://accounts.google.com/gsi/client".
 The policy is report-only, so the violation has been logged but no further action has been taken. @ https://static.coingecko.com/packs/js/4759-bb3da86498f0a5fd0910.js:0
[  105728ms] [INFO] Evaluating a string as JavaScript violates the following Content Security Policy directive because 'unsafe-eval' is not an allowed source of script: "script-src https://accounts.google.com/gsi/client".
 The policy is report-only, so the violation has been logged but no further action has been taken. @ https://static.coingecko.com/packs/js/4759-bb3da86498f0a5fd0910.js:0
[  105728ms] [INFO] Evaluating a string as JavaScript violates the following Content Security Policy directive because 'unsafe-eval' is not an allowed source of script: "script-src https://accounts.google.com/gsi/client".
 The policy is report-only, so the violation has been logged but no further action has been taken. @ https://static.coingecko.com/packs/js/4759-bb3da86498f0a5fd0910.js:0
[  105728ms] [INFO] Evaluating a string as JavaScript violates the following Content Security Policy directive because 'unsafe-eval' is not an allowed source of script: "script-src https://accounts.google.com/gsi/client".
 The policy is report-only, so the violation has been logged but no further action has been taken. @ https://static.coingecko.com/packs/js/4759-bb3da86498f0a5fd0910.js:0
[  105728ms] [INFO] Evaluating a string as JavaScript violates the following Content Security Policy directive because 'unsafe-eval' is not an allowed source of script: "script-src https://accounts.google.com/gsi/client".
 The policy is report-only, so the violation has been logged but no further action has been taken. @ https://static.coingecko.com/packs/js/4759-bb3da86498f0a5fd0910.js:0
[  105728ms] [INFO] Evaluating a string as JavaScript violates the following Content Security Policy directive because 'unsafe-eval' is not an allowed source of script: "script-src https://accounts.google.com/gsi/client".
 The policy is report-only, so the violation has been logged but no further action has been taken. @ https://static.coingecko.com/packs/js/4759-bb3da86498f0a5fd0910.js:0
[  105729ms] [INFO] Evaluating a string as JavaScript violates the following Content Security Policy directive because 'unsafe-eval' is not an allowed source of script: "script-src https://accounts.google.com/gsi/client".
 The policy is report-only, so the violation has been logged but no further action has been taken. @ https://static.coingecko.com/packs/js/4759-bb3da86498f0a5fd0910.js:0
[  105729ms] [INFO] Evaluating a string as JavaScript violates the following Content Security Policy directive because 'unsafe-eval' is not an allowed source of script: "script-src https://accounts.google.com/gsi/client".
 The policy is report-only, so the violation has been logged but no further action has been taken. @ https://static.coingecko.com/packs/js/4759-bb3da86498f0a5fd0910.js:0
[  105729ms] [INFO] Evaluating a string as JavaScript violates the following Content Security Policy directive because 'unsafe-eval' is not an allowed source of script: "script-src https://accounts.google.com/gsi/client".
 The policy is report-only, so the violation has been logged but no further action has been taken. @ https://static.coingecko.com/packs/js/4759-bb3da86498f0a5fd0910.js:0
[  105729ms] [INFO] Evaluating a string as JavaScript violates the following Content Security Policy directive because 'unsafe-eval' is not an allowed source of script: "script-src https://accounts.google.com/gsi/client".
 The policy is report-only, so the violation has been logged but no further action has been taken. @ https://static.coingecko.com/packs/js/4759-bb3da86498f0a5fd0910.js:0
[  105729ms] [INFO] Evaluating a string as JavaScript violates the following Content Security Policy directive because 'unsafe-eval' is not an allowed source of script: "script-src https://accounts.google.com/gsi/client".
 The policy is report-only, so the violation has been logged but no further action has been taken. @ https://static.coingecko.com/packs/js/4759-bb3da86498f0a5fd0910.js:0
[  105729ms] [INFO] Evaluating a string as JavaScript violates the following Content Security Policy directive because 'unsafe-eval' is not an allowed source of script: "script-src https://accounts.google.com/gsi/client".
 The policy is report-only, so the violation has been logged but no further action has been taken. @ https://static.coingecko.com/packs/js/4759-bb3da86498f0a5fd0910.js:0
[  105730ms] [INFO] Evaluating a string as JavaScript violates the following Content Security Policy directive because 'unsafe-eval' is not an allowed source of script: "script-src https://accounts.google.com/gsi/client".
 The policy is report-only, so the violation has been logged but no further action has been taken. @ https://static.coingecko.com/packs/js/4759-bb3da86498f0a5fd0910.js:0
[  105731ms] [INFO] Evaluating a string as JavaScript violates the following Content Security Policy directive because 'unsafe-eval' is not an allowed source of script: "script-src https://accounts.google.com/gsi/client".
 The policy is report-only, so the violation has been logged but no further action has been taken. @ https://static.coingecko.com/packs/js/4759-bb3da86498f0a5fd0910.js:0
[  105731ms] [INFO] Evaluating a string as JavaScript violates the following Content Security Policy directive because 'unsafe-eval' is not an allowed source of script: "script-src https://accounts.google.com/gsi/client".
 The policy is report-only, so the violation has been logged but no further action has been taken. @ https://static.coingecko.com/packs/js/4759-bb3da86498f0a5fd0910.js:0
[  105731ms] [INFO] Evaluating a string as JavaScript violates the following Content Security Policy directive because 'unsafe-eval' is not an allowed source of script: "script-src https://accounts.google.com/gsi/client".
 The policy is report-only, so the violation has been logged but no further action has been taken. @ https://static.coingecko.com/packs/js/4759-bb3da86498f0a5fd0910.js:0
[  105731ms] [INFO] Evaluating a string as JavaScript violates the following Content Security Policy directive because 'unsafe-eval' is not an allowed source of script: "script-src https://accounts.google.com/gsi/client".
 The policy is report-only, so the violation has been logged but no further action has been taken. @ https://static.coingecko.com/packs/js/4759-bb3da86498f0a5fd0910.js:0
[  105732ms] [INFO] Evaluating a string as JavaScript violates the following Content Security Policy directive because 'unsafe-eval' is not an allowed source of script: "script-src https://accounts.google.com/gsi/client".
 The policy is report-only, so the violation has been logged but no further action has been taken. @ https://static.coingecko.com/packs/js/4759-bb3da86498f0a5fd0910.js:0
[  105732ms] [INFO] Evaluating a string as JavaScript violates the following Content Security Policy directive because 'unsafe-eval' is not an allowed source of script: "script-src https://accounts.google.com/gsi/client".
 The policy is report-only, so the violation has been logged but no further action has been taken. @ https://static.coingecko.com/packs/js/4759-bb3da86498f0a5fd0910.js:0
[  105732ms] [INFO] Evaluating a string as JavaScript violates the following Content Security Policy directive because 'unsafe-eval' is not an allowed source of script: "script-src https://accounts.google.com/gsi/client".
 The policy is report-only, so the violation has been logged but no further action has been taken. @ https://static.coingecko.com/packs/js/4759-bb3da86498f0a5fd0910.js:0
[  105732ms] [INFO] Evaluating a string as JavaScript violates the following Content Security Policy directive because 'unsafe-eval' is not an allowed source of script: "script-src https://accounts.google.com/gsi/client".
 The policy is report-only, so the violation has been logged but no further action has been taken. @ https://static.coingecko.com/packs/js/4759-bb3da86498f0a5fd0910.js:0
[  105732ms] [INFO] Evaluating a string as JavaScript violates the following Content Security Policy directive because 'unsafe-eval' is not an allowed source of script: "script-src https://accounts.google.com/gsi/client".
 The policy is report-only, so the violation has been logged but no further action has been taken. @ https://static.coingecko.com/packs/js/4759-bb3da86498f0a5fd0910.js:0
[  105732ms] [INFO] Evaluating a string as JavaScript violates the following Content Security Policy directive because 'unsafe-eval' is not an allowed source of script: "script-src https://accounts.google.com/gsi/client".
 The policy is report-only, so the violation has been logged but no further action has been taken. @ https://static.coingecko.com/packs/js/4759-bb3da86498f0a5fd0910.js:0
[  105733ms] [INFO] Evaluating a string as JavaScript violates the following Content Security Policy directive because 'unsafe-eval' is not an allowed source of script: "script-src https://accounts.google.com/gsi/client".
 The policy is report-only, so the violation has been logged but no further action has been taken. @ https://static.coingecko.com/packs/js/4759-bb3da86498f0a5fd0910.js:0
[  105733ms] [INFO] Evaluating a string as JavaScript violates the following Content Security Policy directive because 'unsafe-eval' is not an allowed source of script: "script-src https://accounts.google.com/gsi/client".
 The policy is report-only, so the violation has been logged but no further action has been taken. @ https://static.coingecko.com/packs/js/4759-bb3da86498f0a5fd0910.js:0
[  105733ms] [INFO] Evaluating a string as JavaScript violates the following Content Security Policy directive because 'unsafe-eval' is not an allowed source of script: "script-src https://accounts.google.com/gsi/client".
 The policy is report-only, so the violation has been logged but no further action has been taken. @ https://static.coingecko.com/packs/js/4759-bb3da86498f0a5fd0910.js:0
[  105733ms] [INFO] Evaluating a string as JavaScript violates the following Content Security Policy directive because 'unsafe-eval' is not an allowed source of script: "script-src https://accounts.google.com/gsi/client".
 The policy is report-only, so the violation has been logged but no further action has been taken. @ https://static.coingecko.com/packs/js/4759-bb3da86498f0a5fd0910.js:0
[  105733ms] [INFO] Evaluating a string as JavaScript violates the following Content Security Policy directive because 'unsafe-eval' is not an allowed source of script: "script-src https://accounts.google.com/gsi/client".
 The policy is report-only, so the violation has been logged but no further action has been taken. @ https://static.coingecko.com/packs/js/4759-bb3da86498f0a5fd0910.js:0
[  105733ms] [INFO] Evaluating a string as JavaScript violates the following Content Security Policy directive because 'unsafe-eval' is not an allowed source of script: "script-src https://accounts.google.com/gsi/client".
 The policy is report-only, so the violation has been logged but no further action has been taken. @ https://static.coingecko.com/packs/js/4759-bb3da86498f0a5fd0910.js:0
[  105734ms] [INFO] Evaluating a string as JavaScript violates the following Content Security Policy directive because 'unsafe-eval' is not an allowed source of script: "script-src https://accounts.google.com/gsi/client".
 The policy is report-only, so the violation has been logged but no further action has been taken. @ https://static.coingecko.com/packs/js/4759-bb3da86498f0a5fd0910.js:0
[  105734ms] [INFO] Evaluating a string as JavaScript violates the following Content Security Policy directive because 'unsafe-eval' is not an allowed source of script: "script-src https://accounts.google.com/gsi/client".
 The policy is report-only, so the violation has been logged but no further action has been taken. @ https://static.coingecko.com/packs/js/4759-bb3da86498f0a5fd0910.js:0
[  105734ms] [INFO] Evaluating a string as JavaScript violates the following Content Security Policy directive because 'unsafe-eval' is not an allowed source of script: "script-src https://accounts.google.com/gsi/client".
 The policy is report-only, so the violation has been logged but no further action has been taken. @ https://static.coingecko.com/packs/js/4759-bb3da86498f0a5fd0910.js:0
[  105734ms] [INFO] Evaluating a string as JavaScript violates the following Content Security Policy directive because 'unsafe-eval' is not an allowed source of script: "script-src https://accounts.google.com/gsi/client".
 The policy is report-only, so the violation has been logged but no further action has been taken. @ https://static.coingecko.com/packs/js/4759-bb3da86498f0a5fd0910.js:0
[  105734ms] [INFO] Evaluating a string as JavaScript violates the following Content Security Policy directive because 'unsafe-eval' is not an allowed source of script: "script-src https://accounts.google.com/gsi/client".
 The policy is report-only, so the violation has been logged but no further action has been taken. @ https://static.coingecko.com/packs/js/4759-bb3da86498f0a5fd0910.js:0
[  105734ms] [INFO] Evaluating a string as JavaScript violates the following Content Security Policy directive because 'unsafe-eval' is not an allowed source of script: "script-src https://accounts.google.com/gsi/client".
 The policy is report-only, so the violation has been logged but no further action has been taken. @ https://static.coingecko.com/packs/js/4759-bb3da86498f0a5fd0910.js:0
[  105734ms] [INFO] Evaluating a string as JavaScript violates the following Content Security Policy directive because 'unsafe-eval' is not an allowed source of script: "script-src https://accounts.google.com/gsi/client".
 The policy is report-only, so the violation has been logged but no further action has been taken. @ https://static.coingecko.com/packs/js/4759-bb3da86498f0a5fd0910.js:0
[  105734ms] [INFO] Evaluating a string as JavaScript violates the following Content Security Policy directive because 'unsafe-eval' is not an allowed source of script: "script-src https://accounts.google.com/gsi/client".
 The policy is report-only, so the violation has been logged but no further action has been taken. @ https://static.coingecko.com/packs/js/4759-bb3da86498f0a5fd0910.js:0
[  105735ms] [INFO] Evaluating a string as JavaScript violates the following Content Security Policy directive because 'unsafe-eval' is not an allowed source of script: "script-src https://accounts.google.com/gsi/client".
 The policy is report-only, so the violation has been logged but no further action has been taken. @ https://static.coingecko.com/packs/js/4759-bb3da86498f0a5fd0910.js:0
[  105735ms] [INFO] Evaluating a string as JavaScript violates the following Content Security Policy directive because 'unsafe-eval' is not an allowed source of script: "script-src https://accounts.google.com/gsi/client".
 The policy is report-only, so the violation has been logged but no further action has been taken. @ https://static.coingecko.com/packs/js/4759-bb3da86498f0a5fd0910.js:0
[  105735ms] [INFO] Evaluating a string as JavaScript violates the following Content Security Policy directive because 'unsafe-eval' is not an allowed source of script: "script-src https://accounts.google.com/gsi/client".
 The policy is report-only, so the violation has been logged but no further action has been taken. @ https://static.coingecko.com/packs/js/4759-bb3da86498f0a5fd0910.js:0
[  105735ms] [INFO] Evaluating a string as JavaScript violates the following Content Security Policy directive because 'unsafe-eval' is not an allowed source of script: "script-src https://accounts.google.com/gsi/client".
 The policy is report-only, so the violation has been logged but no further action has been taken. @ https://static.coingecko.com/packs/js/4759-bb3da86498f0a5fd0910.js:0
[  105735ms] [INFO] Evaluating a string as JavaScript violates the following Content Security Policy directive because 'unsafe-eval' is not an allowed source of script: "script-src https://accounts.google.com/gsi/client".
 The policy is report-only, so the violation has been logged but no further action has been taken. @ https://static.coingecko.com/packs/js/4759-bb3da86498f0a5fd0910.js:0
[  105735ms] [INFO] Evaluating a string as JavaScript violates the following Content Security Policy directive because 'unsafe-eval' is not an allowed source of script: "script-src https://accounts.google.com/gsi/client".
 The policy is report-only, so the violation has been logged but no further action has been taken. @ https://static.coingecko.com/packs/js/4759-bb3da86498f0a5fd0910.js:0
[  105735ms] [INFO] Evaluating a string as JavaScript violates the following Content Security Policy directive because 'unsafe-eval' is not an allowed source of script: "script-src https://accounts.google.com/gsi/client".
 The policy is report-only, so the violation has been logged but no further action has been taken. @ https://static.coingecko.com/packs/js/4759-bb3da86498f0a5fd0910.js:0
[  105735ms] [INFO] Evaluating a string as JavaScript violates the following Content Security Policy directive because 'unsafe-eval' is not an allowed source of script: "script-src https://accounts.google.com/gsi/client".
 The policy is report-only, so the violation has been logged but no further action has been taken. @ https://static.coingecko.com/packs/js/4759-bb3da86498f0a5fd0910.js:0
[  105736ms] [INFO] Evaluating a string as JavaScript violates the following Content Security Policy directive because 'unsafe-eval' is not an allowed source of script: "script-src https://accounts.google.com/gsi/client".
 The policy is report-only, so the violation has been logged but no further action has been taken. @ https://static.coingecko.com/packs/js/4759-bb3da86498f0a5fd0910.js:0
[  105736ms] [INFO] Evaluating a string as JavaScript violates the following Content Security Policy directive because 'unsafe-eval' is not an allowed source of script: "script-src https://accounts.google.com/gsi/client".
 The policy is report-only, so the violation has been logged but no further action has been taken. @ https://static.coingecko.com/packs/js/4759-bb3da86498f0a5fd0910.js:0
[  105736ms] [INFO] Evaluating a string as JavaScript violates the following Content Security Policy directive because 'unsafe-eval' is not an allowed source of script: "script-src https://accounts.google.com/gsi/client".
 The policy is report-only, so the violation has been logged but no further action has been taken. @ https://static.coingecko.com/packs/js/4759-bb3da86498f0a5fd0910.js:0
[  105736ms] [INFO] Evaluating a string as JavaScript violates the following Content Security Policy directive because 'unsafe-eval' is not an allowed source of script: "script-src https://accounts.google.com/gsi/client".
 The policy is report-only, so the violation has been logged but no further action has been taken. @ https://static.coingecko.com/packs/js/4759-bb3da86498f0a5fd0910.js:0
[  105736ms] [INFO] Evaluating a string as JavaScript violates the following Content Security Policy directive because 'unsafe-eval' is not an allowed source of script: "script-src https://accounts.google.com/gsi/client".
 The policy is report-only, so the violation has been logged but no further action has been taken. @ https://static.coingecko.com/packs/js/4759-bb3da86498f0a5fd0910.js:0
[  105736ms] [INFO] Evaluating a string as JavaScript violates the following Content Security Policy directive because 'unsafe-eval' is not an allowed source of script: "script-src https://accounts.google.com/gsi/client".
 The policy is report-only, so the violation has been logged but no further action has been taken. @ https://static.coingecko.com/packs/js/4759-bb3da86498f0a5fd0910.js:0
[  105736ms] [INFO] Evaluating a string as JavaScript violates the following Content Security Policy directive because 'unsafe-eval' is not an allowed source of script: "script-src https://accounts.google.com/gsi/client".
 The policy is report-only, so the violation has been logged but no further action has been taken. @ https://static.coingecko.com/packs/js/4759-bb3da86498f0a5fd0910.js:0
[  105737ms] [INFO] Evaluating a string as JavaScript violates the following Content Security Policy directive because 'unsafe-eval' is not an allowed source of script: "script-src https://accounts.google.com/gsi/client".
 The policy is report-only, so the violation has been logged but no further action has been taken. @ https://static.coingecko.com/packs/js/4759-bb3da86498f0a5fd0910.js:0
[  105737ms] [INFO] Evaluating a string as JavaScript violates the following Content Security Policy directive because 'unsafe-eval' is not an allowed source of script: "script-src https://accounts.google.com/gsi/client".
 The policy is report-only, so the violation has been logged but no further action has been taken. @ https://static.coingecko.com/packs/js/4759-bb3da86498f0a5fd0910.js:0
[  105737ms] [INFO] Evaluating a string as JavaScript violates the following Content Security Policy directive because 'unsafe-eval' is not an allowed source of script: "script-src https://accounts.google.com/gsi/client".
 The policy is report-only, so the violation has been logged but no further action has been taken. @ https://static.coingecko.com/packs/js/4759-bb3da86498f0a5fd0910.js:0
[  105737ms] [INFO] Evaluating a string as JavaScript violates the following Content Security Policy directive because 'unsafe-eval' is not an allowed source of script: "script-src https://accounts.google.com/gsi/client".
 The policy is report-only, so the violation has been logged but no further action has been taken. @ https://static.coingecko.com/packs/js/4759-bb3da86498f0a5fd0910.js:0
[  105737ms] [INFO] Evaluating a string as JavaScript violates the following Content Security Policy directive because 'unsafe-eval' is not an allowed source of script: "script-src https://accounts.google.com/gsi/client".
 The policy is report-only, so the violation has been logged but no further action has been taken. @ https://static.coingecko.com/packs/js/4759-bb3da86498f0a5fd0910.js:0
[  105737ms] [INFO] Evaluating a string as JavaScript violates the following Content Security Policy directive because 'unsafe-eval' is not an allowed source of script: "script-src https://accounts.google.com/gsi/client".
 The policy is report-only, so the violation has been logged but no further action has been taken. @ https://static.coingecko.com/packs/js/4759-bb3da86498f0a5fd0910.js:0
[  105738ms] [INFO] Evaluating a string as JavaScript violates the following Content Security Policy directive because 'unsafe-eval' is not an allowed source of script: "script-src https://accounts.google.com/gsi/client".
 The policy is report-only, so the violation has been logged but no further action has been taken. @ https://static.coingecko.com/packs/js/4759-bb3da86498f0a5fd0910.js:0
[  105738ms] [INFO] Evaluating a string as JavaScript violates the following Content Security Policy directive because 'unsafe-eval' is not an allowed source of script: "script-src https://accounts.google.com/gsi/client".
 The policy is report-only, so the violation has been logged but no further action has been taken. @ https://static.coingecko.com/packs/js/4759-bb3da86498f0a5fd0910.js:0
[  105738ms] [INFO] Evaluating a string as JavaScript violates the following Content Security Policy directive because 'unsafe-eval' is not an allowed source of script: "script-src https://accounts.google.com/gsi/client".
 The policy is report-only, so the violation has been logged but no further action has been taken. @ https://static.coingecko.com/packs/js/4759-bb3da86498f0a5fd0910.js:0
[  105738ms] [INFO] Evaluating a string as JavaScript violates the following Content Security Policy directive because 'unsafe-eval' is not an allowed source of script: "script-src https://accounts.google.com/gsi/client".
 The policy is report-only, so the violation has been logged but no further action has been taken. @ https://static.coingecko.com/packs/js/4759-bb3da86498f0a5fd0910.js:0
[  105741ms] [INFO] Evaluating a string as JavaScript violates the following Content Security Policy directive because 'unsafe-eval' is not an allowed source of script: "script-src https://accounts.google.com/gsi/client".
 The policy is report-only, so the violation has been logged but no further action has been taken. @ https://static.coingecko.com/packs/js/4759-bb3da86498f0a5fd0910.js:0
[  105741ms] [INFO] Evaluating a string as JavaScript violates the following Content Security Policy directive because 'unsafe-eval' is not an allowed source of script: "script-src https://accounts.google.com/gsi/client".
 The policy is report-only, so the violation has been logged but no further action has been taken. @ https://static.coingecko.com/packs/js/4759-bb3da86498f0a5fd0910.js:0
[  105741ms] [INFO] Evaluating a string as JavaScript violates the following Content Security Policy directive because 'unsafe-eval' is not an allowed source of script: "script-src https://accounts.google.com/gsi/client".
 The policy is report-only, so the violation has been logged but no further action has been taken. @ https://static.coingecko.com/packs/js/4759-bb3da86498f0a5fd0910.js:0
[  105742ms] [INFO] Evaluating a string as JavaScript violates the following Content Security Policy directive because 'unsafe-eval' is not an allowed source of script: "script-src https://accounts.google.com/gsi/client".
 The policy is report-only, so the violation has been logged but no further action has been taken. @ https://static.coingecko.com/packs/js/4759-bb3da86498f0a5fd0910.js:0
[  105742ms] [INFO] Evaluating a string as JavaScript violates the following Content Security Policy directive because 'unsafe-eval' is not an allowed source of script: "script-src https://accounts.google.com/gsi/client".
 The policy is report-only, so the violation has been logged but no further action has been taken. @ https://static.coingecko.com/packs/js/4759-bb3da86498f0a5fd0910.js:0
[  105742ms] [INFO] Evaluating a string as JavaScript violates the following Content Security Policy directive because 'unsafe-eval' is not an allowed source of script: "script-src https://accounts.google.com/gsi/client".
 The policy is report-only, so the violation has been logged but no further action has been taken. @ https://static.coingecko.com/packs/js/4759-bb3da86498f0a5fd0910.js:0
[  105743ms] [INFO] Evaluating a string as JavaScript violates the following Content Security Policy directive because 'unsafe-eval' is not an allowed source of script: "script-src https://accounts.google.com/gsi/client".
 The policy is report-only, so the violation has been logged but no further action has been taken. @ https://static.coingecko.com/packs/js/4759-bb3da86498f0a5fd0910.js:0
[  105743ms] [INFO] Evaluating a string as JavaScript violates the following Content Security Policy directive because 'unsafe-eval' is not an allowed source of script: "script-src https://accounts.google.com/gsi/client".
 The policy is report-only, so the violation has been logged but no further action has been taken. @ https://static.coingecko.com/packs/js/4759-bb3da86498f0a5fd0910.js:0
[  105744ms] [INFO] Evaluating a string as JavaScript violates the following Content Security Policy directive because 'unsafe-eval' is not an allowed source of script: "script-src https://accounts.google.com/gsi/client".
 The policy is report-only, so the violation has been logged but no further action has been taken. @ https://static.coingecko.com/packs/js/4759-bb3da86498f0a5fd0910.js:0
[  105744ms] [INFO] Evaluating a string as JavaScript violates the following Content Security Policy directive because 'unsafe-eval' is not an allowed source of script: "script-src https://accounts.google.com/gsi/client".
 The policy is report-only, so the violation has been logged but no further action has been taken. @ https://static.coingecko.com/packs/js/4759-bb3da86498f0a5fd0910.js:0
[  105744ms] [INFO] Evaluating a string as JavaScript violates the following Content Security Policy directive because 'unsafe-eval' is not an allowed source of script: "script-src https://accounts.google.com/gsi/client".
 The policy is report-only, so the violation has been logged but no further action has been taken. @ https://static.coingecko.com/packs/js/4759-bb3da86498f0a5fd0910.js:0
[  105745ms] [INFO] Evaluating a string as JavaScript violates the following Content Security Policy directive because 'unsafe-eval' is not an allowed source of script: "script-src https://accounts.google.com/gsi/client".
 The policy is report-only, so the violation has been logged but no further action has been taken. @ https://static.coingecko.com/packs/js/4759-bb3da86498f0a5fd0910.js:0
[  105745ms] [INFO] Evaluating a string as JavaScript violates the following Content Security Policy directive because 'unsafe-eval' is not an allowed source of script: "script-src https://accounts.google.com/gsi/client".
 The policy is report-only, so the violation has been logged but no further action has been taken. @ https://static.coingecko.com/packs/js/4759-bb3da86498f0a5fd0910.js:0
[  105745ms] [INFO] Evaluating a string as JavaScript violates the following Content Security Policy directive because 'unsafe-eval' is not an allowed source of script: "script-src https://accounts.google.com/gsi/client".
 The policy is report-only, so the violation has been logged but no further action has been taken. @ https://static.coingecko.com/packs/js/4759-bb3da86498f0a5fd0910.js:0
[  105746ms] [INFO] Evaluating a string as JavaScript violates the following Content Security Policy directive because 'unsafe-eval' is not an allowed source of script: "script-src https://accounts.google.com/gsi/client".
 The policy is report-only, so the violation has been logged but no further action has been taken. @ https://static.coingecko.com/packs/js/4759-bb3da86498f0a5fd0910.js:0
[  105746ms] [INFO] Evaluating a string as JavaScript violates the following Content Security Policy directive because 'unsafe-eval' is not an allowed source of script: "script-src https://accounts.google.com/gsi/client".
 The policy is report-only, so the violation has been logged but no further action has been taken. @ https://static.coingecko.com/packs/js/4759-bb3da86498f0a5fd0910.js:0
[  105746ms] [INFO] Evaluating a string as JavaScript violates the following Content Security Policy directive because 'unsafe-eval' is not an allowed source of script: "script-src https://accounts.google.com/gsi/client".
 The policy is report-only, so the violation has been logged but no further action has been taken. @ https://static.coingecko.com/packs/js/4759-bb3da86498f0a5fd0910.js:0
[  105746ms] [INFO] Evaluating a string as JavaScript violates the following Content Security Policy directive because 'unsafe-eval' is not an allowed source of script: "script-src https://accounts.google.com/gsi/client".
 The policy is report-only, so the violation has been logged but no further action has been taken. @ https://static.coingecko.com/packs/js/4759-bb3da86498f0a5fd0910.js:0
[  105746ms] [INFO] Evaluating a string as JavaScript violates the following Content Security Policy directive because 'unsafe-eval' is not an allowed source of script: "script-src https://accounts.google.com/gsi/client".
 The policy is report-only, so the violation has been logged but no further action has been taken. @ https://static.coingecko.com/packs/js/4759-bb3da86498f0a5fd0910.js:0
[  105747ms] [INFO] Evaluating a string as JavaScript violates the following Content Security Policy directive because 'unsafe-eval' is not an allowed source of script: "script-src https://accounts.google.com/gsi/client".
 The policy is report-only, so the violation has been logged but no further action has been taken. @ https://static.coingecko.com/packs/js/4759-bb3da86498f0a5fd0910.js:0
[  105747ms] [INFO] Evaluating a string as JavaScript violates the following Content Security Policy directive because 'unsafe-eval' is not an allowed source of script: "script-src https://accounts.google.com/gsi/client".
 The policy is report-only, so the violation has been logged but no further action has been taken. @ https://static.coingecko.com/packs/js/4759-bb3da86498f0a5fd0910.js:0
[  105747ms] [INFO] Evaluating a string as JavaScript violates the following Content Security Policy directive because 'unsafe-eval' is not an allowed source of script: "script-src https://accounts.google.com/gsi/client".
 The policy is report-only, so the violation has been logged but no further action has been taken. @ https://static.coingecko.com/packs/js/4759-bb3da86498f0a5fd0910.js:0
[  105747ms] [INFO] Evaluating a string as JavaScript violates the following Content Security Policy directive because 'unsafe-eval' is not an allowed source of script: "script-src https://accounts.google.com/gsi/client".
 The policy is report-only, so the violation has been logged but no further action has been taken. @ https://static.coingecko.com/packs/js/4759-bb3da86498f0a5fd0910.js:0
[  105748ms] [INFO] Evaluating a string as JavaScript violates the following Content Security Policy directive because 'unsafe-eval' is not an allowed source of script: "script-src https://accounts.google.com/gsi/client".
 The policy is report-only, so the violation has been logged but no further action has been taken. @ https://static.coingecko.com/packs/js/4759-bb3da86498f0a5fd0910.js:0
[  105750ms] [INFO] Evaluating a string as JavaScript violates the following Content Security Policy directive because 'unsafe-eval' is not an allowed source of script: "script-src https://accounts.google.com/gsi/client".
 The policy is report-only, so the violation has been logged but no further action has been taken. @ https://static.coingecko.com/packs/js/4759-bb3da86498f0a5fd0910.js:0
[  105750ms] [INFO] Evaluating a string as JavaScript violates the following Content Security Policy directive because 'unsafe-eval' is not an allowed source of script: "script-src https://accounts.google.com/gsi/client".
 The policy is report-only, so the violation has been logged but no further action has been taken. @ https://static.coingecko.com/packs/js/4759-bb3da86498f0a5fd0910.js:0
[  105751ms] [INFO] Evaluating a string as JavaScript violates the following Content Security Policy directive because 'unsafe-eval' is not an allowed source of script: "script-src https://accounts.google.com/gsi/client".
 The policy is report-only, so the violation has been logged but no further action has been taken. @ https://static.coingecko.com/packs/js/4759-bb3da86498f0a5fd0910.js:0
[  105751ms] [INFO] Evaluating a string as JavaScript violates the following Content Security Policy directive because 'unsafe-eval' is not an allowed source of script: "script-src https://accounts.google.com/gsi/client".
 The policy is report-only, so the violation has been logged but no further action has been taken. @ https://static.coingecko.com/packs/js/4759-bb3da86498f0a5fd0910.js:0
[  105751ms] [INFO] Evaluating a string as JavaScript violates the following Content Security Policy directive because 'unsafe-eval' is not an allowed source of script: "script-src https://accounts.google.com/gsi/client".
 The policy is report-only, so the violation has been logged but no further action has been taken. @ https://static.coingecko.com/packs/js/4759-bb3da86498f0a5fd0910.js:0
[  105752ms] [INFO] Evaluating a string as JavaScript violates the following Content Security Policy directive because 'unsafe-eval' is not an allowed source of script: "script-src https://accounts.google.com/gsi/client".
 The policy is report-only, so the violation has been logged but no further action has been taken. @ https://static.coingecko.com/packs/js/4759-bb3da86498f0a5fd0910.js:0
[  105752ms] [INFO] Evaluating a string as JavaScript violates the following Content Security Policy directive because 'unsafe-eval' is not an allowed source of script: "script-src https://accounts.google.com/gsi/client".
 The policy is report-only, so the violation has been logged but no further action has been taken. @ https://static.coingecko.com/packs/js/4759-bb3da86498f0a5fd0910.js:0
[  105752ms] [INFO] Evaluating a string as JavaScript violates the following Content Security Policy directive because 'unsafe-eval' is not an allowed source of script: "script-src https://accounts.google.com/gsi/client".
 The policy is report-only, so the violation has been logged but no further action has been taken. @ https://static.coingecko.com/packs/js/4759-bb3da86498f0a5fd0910.js:0
[  105752ms] [INFO] Evaluating a string as JavaScript violates the following Content Security Policy directive because 'unsafe-eval' is not an allowed source of script: "script-src https://accounts.google.com/gsi/client".
 The policy is report-only, so the violation has been logged but no further action has been taken. @ https://static.coingecko.com/packs/js/4759-bb3da86498f0a5fd0910.js:0
[  105753ms] [INFO] Evaluating a string as JavaScript violates the following Content Security Policy directive because 'unsafe-eval' is not an allowed source of script: "script-src https://accounts.google.com/gsi/client".
 The policy is report-only, so the violation has been logged but no further action has been taken. @ https://static.coingecko.com/packs/js/4759-bb3da86498f0a5fd0910.js:0
[  105753ms] [INFO] Evaluating a string as JavaScript violates the following Content Security Policy directive because 'unsafe-eval' is not an allowed source of script: "script-src https://accounts.google.com/gsi/client".
 The policy is report-only, so the violation has been logged but no further action has been taken. @ https://static.coingecko.com/packs/js/4759-bb3da86498f0a5fd0910.js:0
[  105753ms] [INFO] Evaluating a string as JavaScript violates the following Content Security Policy directive because 'unsafe-eval' is not an allowed source of script: "script-src https://accounts.google.com/gsi/client".
 The policy is report-only, so the violation has been logged but no further action has been taken. @ https://static.coingecko.com/packs/js/4759-bb3da86498f0a5fd0910.js:0
[  105753ms] [INFO] Evaluating a string as JavaScript violates the following Content Security Policy directive because 'unsafe-eval' is not an allowed source of script: "script-src https://accounts.google.com/gsi/client".
 The policy is report-only, so the violation has been logged but no further action has been taken. @ https://static.coingecko.com/packs/js/4759-bb3da86498f0a5fd0910.js:0
[  105753ms] [INFO] Evaluating a string as JavaScript violates the following Content Security Policy directive because 'unsafe-eval' is not an allowed source of script: "script-src https://accounts.google.com/gsi/client".
 The policy is report-only, so the violation has been logged but no further action has been taken. @ https://static.coingecko.com/packs/js/4759-bb3da86498f0a5fd0910.js:0
[  105753ms] [INFO] Evaluating a string as JavaScript violates the following Content Security Policy directive because 'unsafe-eval' is not an allowed source of script: "script-src https://accounts.google.com/gsi/client".
 The policy is report-only, so the violation has been logged but no further action has been taken. @ https://static.coingecko.com/packs/js/4759-bb3da86498f0a5fd0910.js:0
[  105754ms] [INFO] Evaluating a string as JavaScript violates the following Content Security Policy directive because 'unsafe-eval' is not an allowed source of script: "script-src https://accounts.google.com/gsi/client".
 The policy is report-only, so the violation has been logged but no further action has been taken. @ https://static.coingecko.com/packs/js/4759-bb3da86498f0a5fd0910.js:0
[  105754ms] [INFO] Evaluating a string as JavaScript violates the following Content Security Policy directive because 'unsafe-eval' is not an allowed source of script: "script-src https://accounts.google.com/gsi/client".
 The policy is report-only, so the violation has been logged but no further action has been taken. @ https://static.coingecko.com/packs/js/4759-bb3da86498f0a5fd0910.js:0
[  105754ms] [INFO] Evaluating a string as JavaScript violates the following Content Security Policy directive because 'unsafe-eval' is not an allowed source of script: "script-src https://accounts.google.com/gsi/client".
 The policy is report-only, so the violation has been logged but no further action has been taken. @ https://static.coingecko.com/packs/js/4759-bb3da86498f0a5fd0910.js:0
[  105754ms] [INFO] Evaluating a string as JavaScript violates the following Content Security Policy directive because 'unsafe-eval' is not an allowed source of script: "script-src https://accounts.google.com/gsi/client".
 The policy is report-only, so the violation has been logged but no further action has been taken. @ https://static.coingecko.com/packs/js/4759-bb3da86498f0a5fd0910.js:0
[  105755ms] [INFO] Evaluating a string as JavaScript violates the following Content Security Policy directive because 'unsafe-eval' is not an allowed source of script: "script-src https://accounts.google.com/gsi/client".
 The policy is report-only, so the violation has been logged but no further action has been taken. @ https://static.coingecko.com/packs/js/4759-bb3da86498f0a5fd0910.js:0
[  105755ms] [INFO] Evaluating a string as JavaScript violates the following Content Security Policy directive because 'unsafe-eval' is not an allowed source of script: "script-src https://accounts.google.com/gsi/client".
 The policy is report-only, so the violation has been logged but no further action has been taken. @ https://static.coingecko.com/packs/js/4759-bb3da86498f0a5fd0910.js:0
[  105755ms] [INFO] Evaluating a string as JavaScript violates the following Content Security Policy directive because 'unsafe-eval' is not an allowed source of script: "script-src https://accounts.google.com/gsi/client".
 The policy is report-only, so the violation has been logged but no further action has been taken. @ https://static.coingecko.com/packs/js/4759-bb3da86498f0a5fd0910.js:0
[  105755ms] [INFO] Evaluating a string as JavaScript violates the following Content Security Policy directive because 'unsafe-eval' is not an allowed source of script: "script-src https://accounts.google.com/gsi/client".
 The policy is report-only, so the violation has been logged but no further action has been taken. @ https://static.coingecko.com/packs/js/4759-bb3da86498f0a5fd0910.js:0
[  105756ms] [INFO] Evaluating a string as JavaScript violates the following Content Security Policy directive because 'unsafe-eval' is not an allowed source of script: "script-src https://accounts.google.com/gsi/client".
 The policy is report-only, so the violation has been logged but no further action has been taken. @ https://static.coingecko.com/packs/js/4759-bb3da86498f0a5fd0910.js:0
[  105756ms] [INFO] Evaluating a string as JavaScript violates the following Content Security Policy directive because 'unsafe-eval' is not an allowed source of script: "script-src https://accounts.google.com/gsi/client".
 The policy is report-only, so the violation has been logged but no further action has been taken. @ https://static.coingecko.com/packs/js/4759-bb3da86498f0a5fd0910.js:0
[  105757ms] [INFO] Evaluating a string as JavaScript violates the following Content Security Policy directive because 'unsafe-eval' is not an allowed source of script: "script-src https://accounts.google.com/gsi/client".
 The policy is report-only, so the violation has been logged but no further action has been taken. @ https://static.coingecko.com/packs/js/4759-bb3da86498f0a5fd0910.js:0
[  105757ms] [INFO] Evaluating a string as JavaScript violates the following Content Security Policy directive because 'unsafe-eval' is not an allowed source of script: "script-src https://accounts.google.com/gsi/client".
 The policy is report-only, so the violation has been logged but no further action has been taken. @ https://static.coingecko.com/packs/js/4759-bb3da86498f0a5fd0910.js:0
[  105758ms] [INFO] Evaluating a string as JavaScript violates the following Content Security Policy directive because 'unsafe-eval' is not an allowed source of script: "script-src https://accounts.google.com/gsi/client".
 The policy is report-only, so the violation has been logged but no further action has been taken. @ https://static.coingecko.com/packs/js/4759-bb3da86498f0a5fd0910.js:0
[  105759ms] [INFO] Evaluating a string as JavaScript violates the following Content Security Policy directive because 'unsafe-eval' is not an allowed source of script: "script-src https://accounts.google.com/gsi/client".
 The policy is report-only, so the violation has been logged but no further action has been taken. @ https://static.coingecko.com/packs/js/4759-bb3da86498f0a5fd0910.js:0
[  105759ms] [INFO] Evaluating a string as JavaScript violates the following Content Security Policy directive because 'unsafe-eval' is not an allowed source of script: "script-src https://accounts.google.com/gsi/client".
 The policy is report-only, so the violation has been logged but no further action has been taken. @ https://static.coingecko.com/packs/js/4759-bb3da86498f0a5fd0910.js:0
[  105759ms] [INFO] Evaluating a string as JavaScript violates the following Content Security Policy directive because 'unsafe-eval' is not an allowed source of script: "script-src https://accounts.google.com/gsi/client".
 The policy is report-only, so the violation has been logged but no further action has been taken. @ https://static.coingecko.com/packs/js/4759-bb3da86498f0a5fd0910.js:0
[  105764ms] [INFO] Evaluating a string as JavaScript violates the following Content Security Policy directive because 'unsafe-eval' is not an allowed source of script: "script-src https://accounts.google.com/gsi/client".
 The policy is report-only, so the violation has been logged but no further action has been taken. @ https://static.coingecko.com/packs/js/4759-bb3da86498f0a5fd0910.js:0
[  105764ms] [INFO] Evaluating a string as JavaScript violates the following Content Security Policy directive because 'unsafe-eval' is not an allowed source of script: "script-src https://accounts.google.com/gsi/client".
 The policy is report-only, so the violation has been logged but no further action has been taken. @ https://static.coingecko.com/packs/js/4759-bb3da86498f0a5fd0910.js:0
[  105765ms] [INFO] Evaluating a string as JavaScript violates the following Content Security Policy directive because 'unsafe-eval' is not an allowed source of script: "script-src https://accounts.google.com/gsi/client".
 The policy is report-only, so the violation has been logged but no further action has been taken. @ https://static.coingecko.com/packs/js/4759-bb3da86498f0a5fd0910.js:0
[  105765ms] [INFO] Evaluating a string as JavaScript violates the following Content Security Policy directive because 'unsafe-eval' is not an allowed source of script: "script-src https://accounts.google.com/gsi/client".
 The policy is report-only, so the violation has been logged but no further action has been taken. @ https://static.coingecko.com/packs/js/4759-bb3da86498f0a5fd0910.js:0
[  105768ms] [INFO] Evaluating a string as JavaScript violates the following Content Security Policy directive because 'unsafe-eval' is not an allowed source of script: "script-src https://accounts.google.com/gsi/client".
 The policy is report-only, so the violation has been logged but no further action has been taken. @ https://static.coingecko.com/packs/js/4759-bb3da86498f0a5fd0910.js:0
[  105768ms] [INFO] Evaluating a string as JavaScript violates the following Content Security Policy directive because 'unsafe-eval' is not an allowed source of script: "script-src https://accounts.google.com/gsi/client".
 The policy is report-only, so the violation has been logged but no further action has been taken. @ https://static.coingecko.com/packs/js/4759-bb3da86498f0a5fd0910.js:0
[  105768ms] [INFO] Evaluating a string as JavaScript violates the following Content Security Policy directive because 'unsafe-eval' is not an allowed source of script: "script-src https://accounts.google.com/gsi/client".
 The policy is report-only, so the violation has been logged but no further action has been taken. @ https://static.coingecko.com/packs/js/4759-bb3da86498f0a5fd0910.js:0
[  105768ms] [INFO] Evaluating a string as JavaScript violates the following Content Security Policy directive because 'unsafe-eval' is not an allowed source of script: "script-src https://accounts.google.com/gsi/client".
 The policy is report-only, so the violation has been logged but no further action has been taken. @ https://static.coingecko.com/packs/js/4759-bb3da86498f0a5fd0910.js:0
[  105768ms] [INFO] Evaluating a string as JavaScript violates the following Content Security Policy directive because 'unsafe-eval' is not an allowed source of script: "script-src https://accounts.google.com/gsi/client".
 The policy is report-only, so the violation has been logged but no further action has been taken. @ https://static.coingecko.com/packs/js/4759-bb3da86498f0a5fd0910.js:0
[  105769ms] [INFO] Evaluating a string as JavaScript violates the following Content Security Policy directive because 'unsafe-eval' is not an allowed source of script: "script-src https://accounts.google.com/gsi/client".
 The policy is report-only, so the violation has been logged but no further action has been taken. @ https://static.coingecko.com/packs/js/4759-bb3da86498f0a5fd0910.js:0
[  105769ms] [INFO] Evaluating a string as JavaScript violates the following Content Security Policy directive because 'unsafe-eval' is not an allowed source of script: "script-src https://accounts.google.com/gsi/client".
 The policy is report-only, so the violation has been logged but no further action has been taken. @ https://static.coingecko.com/packs/js/4759-bb3da86498f0a5fd0910.js:0
[  105769ms] [INFO] Evaluating a string as JavaScript violates the following Content Security Policy directive because 'unsafe-eval' is not an allowed source of script: "script-src https://accounts.google.com/gsi/client".
 The policy is report-only, so the violation has been logged but no further action has been taken. @ https://static.coingecko.com/packs/js/4759-bb3da86498f0a5fd0910.js:0
[  105769ms] [INFO] Evaluating a string as JavaScript violates the following Content Security Policy directive because 'unsafe-eval' is not an allowed source of script: "script-src https://accounts.google.com/gsi/client".
 The policy is report-only, so the violation has been logged but no further action has been taken. @ https://static.coingecko.com/packs/js/4759-bb3da86498f0a5fd0910.js:0
[  105770ms] [INFO] Evaluating a string as JavaScript violates the following Content Security Policy directive because 'unsafe-eval' is not an allowed source of script: "script-src https://accounts.google.com/gsi/client".
 The policy is report-only, so the violation has been logged but no further action has been taken. @ https://static.coingecko.com/packs/js/4759-bb3da86498f0a5fd0910.js:0
[  105770ms] [INFO] Evaluating a string as JavaScript violates the following Content Security Policy directive because 'unsafe-eval' is not an allowed source of script: "script-src https://accounts.google.com/gsi/client".
 The policy is report-only, so the violation has been logged but no further action has been taken. @ https://static.coingecko.com/packs/js/4759-bb3da86498f0a5fd0910.js:0
[  105770ms] [INFO] Evaluating a string as JavaScript violates the following Content Security Policy directive because 'unsafe-eval' is not an allowed source of script: "script-src https://accounts.google.com/gsi/client".
 The policy is report-only, so the violation has been logged but no further action has been taken. @ https://static.coingecko.com/packs/js/4759-bb3da86498f0a5fd0910.js:0
[  105770ms] [INFO] Evaluating a string as JavaScript violates the following Content Security Policy directive because 'unsafe-eval' is not an allowed source of script: "script-src https://accounts.google.com/gsi/client".
 The policy is report-only, so the violation has been logged but no further action has been taken. @ https://static.coingecko.com/packs/js/4759-bb3da86498f0a5fd0910.js:0
[  105771ms] [INFO] Evaluating a string as JavaScript violates the following Content Security Policy directive because 'unsafe-eval' is not an allowed source of script: "script-src https://accounts.google.com/gsi/client".
 The policy is report-only, so the violation has been logged but no further action has been taken. @ https://static.coingecko.com/packs/js/4759-bb3da86498f0a5fd0910.js:0
[  105771ms] [INFO] Evaluating a string as JavaScript violates the following Content Security Policy directive because 'unsafe-eval' is not an allowed source of script: "script-src https://accounts.google.com/gsi/client".
 The policy is report-only, so the violation has been logged but no further action has been taken. @ https://static.coingecko.com/packs/js/4759-bb3da86498f0a5fd0910.js:0
[  105771ms] [INFO] Evaluating a string as JavaScript violates the following Content Security Policy directive because 'unsafe-eval' is not an allowed source of script: "script-src https://accounts.google.com/gsi/client".
 The policy is report-only, so the violation has been logged but no further action has been taken. @ https://static.coingecko.com/packs/js/4759-bb3da86498f0a5fd0910.js:0
[  105771ms] [INFO] Evaluating a string as JavaScript violates the following Content Security Policy directive because 'unsafe-eval' is not an allowed source of script: "script-src https://accounts.google.com/gsi/client".
 The policy is report-only, so the violation has been logged but no further action has been taken. @ https://static.coingecko.com/packs/js/4759-bb3da86498f0a5fd0910.js:0
[  105771ms] [INFO] Evaluating a string as JavaScript violates the following Content Security Policy directive because 'unsafe-eval' is not an allowed source of script: "script-src https://accounts.google.com/gsi/client".
 The policy is report-only, so the violation has been logged but no further action has been taken. @ https://static.coingecko.com/packs/js/4759-bb3da86498f0a5fd0910.js:0
[  105772ms] [INFO] Evaluating a string as JavaScript violates the following Content Security Policy directive because 'unsafe-eval' is not an allowed source of script: "script-src https://accounts.google.com/gsi/client".
 The policy is report-only, so the violation has been logged but no further action has been taken. @ https://static.coingecko.com/packs/js/4759-bb3da86498f0a5fd0910.js:0
[  105772ms] [INFO] Evaluating a string as JavaScript violates the following Content Security Policy directive because 'unsafe-eval' is not an allowed source of script: "script-src https://accounts.google.com/gsi/client".
 The policy is report-only, so the violation has been logged but no further action has been taken. @ https://static.coingecko.com/packs/js/4759-bb3da86498f0a5fd0910.js:0
[  105772ms] [INFO] Evaluating a string as JavaScript violates the following Content Security Policy directive because 'unsafe-eval' is not an allowed source of script: "script-src https://accounts.google.com/gsi/client".
 The policy is report-only, so the violation has been logged but no further action has been taken. @ https://static.coingecko.com/packs/js/4759-bb3da86498f0a5fd0910.js:0
[  105772ms] [INFO] Evaluating a string as JavaScript violates the following Content Security Policy directive because 'unsafe-eval' is not an allowed source of script: "script-src https://accounts.google.com/gsi/client".
 The policy is report-only, so the violation has been logged but no further action has been taken. @ https://static.coingecko.com/packs/js/4759-bb3da86498f0a5fd0910.js:0
[  105772ms] [INFO] Evaluating a string as JavaScript violates the following Content Security Policy directive because 'unsafe-eval' is not an allowed source of script: "script-src https://accounts.google.com/gsi/client".
 The policy is report-only, so the violation has been logged but no further action has been taken. @ https://static.coingecko.com/packs/js/4759-bb3da86498f0a5fd0910.js:0
[  105773ms] [INFO] Evaluating a string as JavaScript violates the following Content Security Policy directive because 'unsafe-eval' is not an allowed source of script: "script-src https://accounts.google.com/gsi/client".
 The policy is report-only, so the violation has been logged but no further action has been taken. @ https://static.coingecko.com/packs/js/4759-bb3da86498f0a5fd0910.js:0
[  105773ms] [INFO] Evaluating a string as JavaScript violates the following Content Security Policy directive because 'unsafe-eval' is not an allowed source of script: "script-src https://accounts.google.com/gsi/client".
 The policy is report-only, so the violation has been logged but no further action has been taken. @ https://static.coingecko.com/packs/js/4759-bb3da86498f0a5fd0910.js:0
[  105773ms] [INFO] Evaluating a string as JavaScript violates the following Content Security Policy directive because 'unsafe-eval' is not an allowed source of script: "script-src https://accounts.google.com/gsi/client".
 The policy is report-only, so the violation has been logged but no further action has been taken. @ https://static.coingecko.com/packs/js/4759-bb3da86498f0a5fd0910.js:0
[  105773ms] [INFO] Evaluating a string as JavaScript violates the following Content Security Policy directive because 'unsafe-eval' is not an allowed source of script: "script-src https://accounts.google.com/gsi/client".
 The policy is report-only, so the violation has been logged but no further action has been taken. @ https://static.coingecko.com/packs/js/4759-bb3da86498f0a5fd0910.js:0
[  105774ms] [INFO] Evaluating a string as JavaScript violates the following Content Security Policy directive because 'unsafe-eval' is not an allowed source of script: "script-src https://accounts.google.com/gsi/client".
 The policy is report-only, so the violation has been logged but no further action has been taken. @ https://static.coingecko.com/packs/js/4759-bb3da86498f0a5fd0910.js:0
[  105774ms] [INFO] Evaluating a string as JavaScript violates the following Content Security Policy directive because 'unsafe-eval' is not an allowed source of script: "script-src https://accounts.google.com/gsi/client".
 The policy is report-only, so the violation has been logged but no further action has been taken. @ https://static.coingecko.com/packs/js/4759-bb3da86498f0a5fd0910.js:0
[  105775ms] [INFO] Evaluating a string as JavaScript violates the following Content Security Policy directive because 'unsafe-eval' is not an allowed source of script: "script-src https://accounts.google.com/gsi/client".
 The policy is report-only, so the violation has been logged but no further action has been taken. @ https://static.coingecko.com/packs/js/4759-bb3da86498f0a5fd0910.js:0
[  105775ms] [INFO] Evaluating a string as JavaScript violates the following Content Security Policy directive because 'unsafe-eval' is not an allowed source of script: "script-src https://accounts.google.com/gsi/client".
 The policy is report-only, so the violation has been logged but no further action has been taken. @ https://static.coingecko.com/packs/js/4759-bb3da86498f0a5fd0910.js:0
[  105775ms] [INFO] Evaluating a string as JavaScript violates the following Content Security Policy directive because 'unsafe-eval' is not an allowed source of script: "script-src https://accounts.google.com/gsi/client".
 The policy is report-only, so the violation has been logged but no further action has been taken. @ https://static.coingecko.com/packs/js/4759-bb3da86498f0a5fd0910.js:0
[  105776ms] [INFO] Evaluating a string as JavaScript violates the following Content Security Policy directive because 'unsafe-eval' is not an allowed source of script: "script-src https://accounts.google.com/gsi/client".
 The policy is report-only, so the violation has been logged but no further action has been taken. @ https://static.coingecko.com/packs/js/4759-bb3da86498f0a5fd0910.js:0
[  105776ms] [INFO] Evaluating a string as JavaScript violates the following Content Security Policy directive because 'unsafe-eval' is not an allowed source of script: "script-src https://accounts.google.com/gsi/client".
 The policy is report-only, so the violation has been logged but no further action has been taken. @ https://static.coingecko.com/packs/js/4759-bb3da86498f0a5fd0910.js:0
[  105776ms] [INFO] Evaluating a string as JavaScript violates the following Content Security Policy directive because 'unsafe-eval' is not an allowed source of script: "script-src https://accounts.google.com/gsi/client".
 The policy is report-only, so the violation has been logged but no further action has been taken. @ https://static.coingecko.com/packs/js/4759-bb3da86498f0a5fd0910.js:0
[  105788ms] [INFO] Connecting to 'wss://cables.coingecko.com/cable' violates the following Content Security Policy directive: "connect-src https://accounts.google.com/gsi/". The policy is report-only, so the violation has been logged but no further action has been taken. @ https://static.coingecko.com/packs/js/4089-2d7a15cd0d9e343946fc.js:0
[  105791ms] [INFO] Connecting to 'https://o4508323025911808.ingest.us.sentry.io/api/4508339685621761/envelope/?sentry_version=7&sentry_key=b9d74d9f9f5ffb2451d8883fe57f25c7&sentry_client=sentry.javascript.browser%2F8.55.0' violates the following Content Security Policy directive: "connect-src https://accounts.google.com/gsi/". The policy is report-only, so the violation has been logged but no further action has been taken. @ https://static.coingecko.com/packs/js/1191-ab9c9b0a663f542b5cba.js:1
[  105791ms] [INFO] Connecting to 'https://o4508323025911808.ingest.us.sentry.io/api/4508339685621761/envelope/?sentry_version=7&sentry_key=b9d74d9f9f5ffb2451d8883fe57f25c7&sentry_client=sentry.javascript.browser%2F8.55.0' violates the following Content Security Policy directive: "connect-src https://accounts.google.com/gsi/". The policy is report-only, so the violation has been logged but no further action has been taken. @ https://static.coingecko.com/packs/js/1191-ab9c9b0a663f542b5cba.js:1
[  105804ms] [INFO] Connecting to 'https://www.coingecko.com/accounts/logged_in_user.json' violates the following Content Security Policy directive: "connect-src https://accounts.google.com/gsi/". The policy is report-only, so the violation has been logged but no further action has been taken. @ https://static.coingecko.com/packs/js/1191-ab9c9b0a663f542b5cba.js:1
[  105804ms] [INFO] Connecting to 'https://www.coingecko.com/accounts/logged_in_user.json' violates the following Content Security Policy directive: "connect-src https://accounts.google.com/gsi/". The policy is report-only, so the violation has been logged but no further action has been taken. @ https://static.coingecko.com/packs/js/1191-ab9c9b0a663f542b5cba.js:1
[  105809ms] [INFO] Connecting to 'https://www.coingecko.com/accounts/csrf_meta.json' violates the following Content Security Policy directive: "connect-src https://accounts.google.com/gsi/". The policy is report-only, so the violation has been logged but no further action has been taken. @ https://static.coingecko.com/packs/js/1191-ab9c9b0a663f542b5cba.js:1
[  105809ms] [INFO] Connecting to 'https://www.coingecko.com/accounts/csrf_meta.json' violates the following Content Security Policy directive: "connect-src https://accounts.google.com/gsi/". The policy is report-only, so the violation has been logged but no further action has been taken. @ https://static.coingecko.com/packs/js/1191-ab9c9b0a663f542b5cba.js:1
[  105827ms] [INFO] Connecting to 'https://www.coingecko.com/accounts/analytics_user_data.json' violates the following Content Security Policy directive: "connect-src https://accounts.google.com/gsi/". The policy is report-only, so the violation has been logged but no further action has been taken. @ https://static.coingecko.com/packs/js/1191-ab9c9b0a663f542b5cba.js:1
[  105828ms] [INFO] Connecting to 'https://www.coingecko.com/accounts/analytics_user_data.json' violates the following Content Security Policy directive: "connect-src https://accounts.google.com/gsi/". The policy is report-only, so the violation has been logged but no further action has been taken. @ https://static.coingecko.com/packs/js/1191-ab9c9b0a663f542b5cba.js:1
[  105872ms] [INFO] Connecting to 'https://www.coingecko.com/en/sidebar/narratives_today' violates the following Content Security Policy directive: "connect-src https://accounts.google.com/gsi/". The policy is report-only, so the violation has been logged but no further action has been taken. @ https://static.coingecko.com/packs/js/1191-ab9c9b0a663f542b5cba.js:1
[  105872ms] [INFO] Connecting to 'https://www.coingecko.com/en/sidebar/narratives_today' violates the following Content Security Policy directive: "connect-src https://accounts.google.com/gsi/". The policy is report-only, so the violation has been logged but no further action has been taken. @ https://static.coingecko.com/packs/js/1191-ab9c9b0a663f542b5cba.js:1
[  105875ms] [INFO] Connecting to 'https://www.coingecko.com/en/sidebar/portfolio_dropdown' violates the following Content Security Policy directive: "connect-src https://accounts.google.com/gsi/". The policy is report-only, so the violation has been logged but no further action has been taken. @ https://static.coingecko.com/packs/js/1191-ab9c9b0a663f542b5cba.js:1
[  105875ms] [INFO] Connecting to 'https://www.coingecko.com/en/sidebar/portfolio_dropdown' violates the following Content Security Policy directive: "connect-src https://accounts.google.com/gsi/". The policy is report-only, so the violation has been logged but no further action has been taken. @ https://static.coingecko.com/packs/js/1191-ab9c9b0a663f542b5cba.js:1
[  106174ms] [INFO] Loading the script 'https://www.coingecko.com/tagmetrics/6neqGjS1Zb1oIKgu-djVD-JvVwnXTgW2gS72DYFtctTNpkTh' violates the following Content Security Policy directive: "script-src https://accounts.google.com/gsi/client". Note that 'script-src-elem' was not explicitly set, so 'script-src' is used as a fallback. The policy is report-only, so the violation has been logged but no further action has been taken. @ https://www.coingecko.com/tagmetrics/:339
[  106176ms] [INFO] Loading the script 'https://www.coingecko.com/tagmetrics/6neqGjS1Y8cJW80p-t_WZ4YcQluJEB6thXz8RNg1cISYo_ZDROE' violates the following Content Security Policy directive: "script-src https://accounts.google.com/gsi/client". Note that 'script-src-elem' was not explicitly set, so 'script-src' is used as a fallback. The policy is report-only, so the violation has been logged but no further action has been taken. @ https://www.coingecko.com/tagmetrics/:339
[  106178ms] [INFO] Loading the script 'https://www.coingecko.com/tagmetrics/6neqGjS1Y8cJW80p_9rTbYEVQ1mJEB6thXz8RNg1cISYo_ZDROE' violates the following Content Security Policy directive: "script-src https://accounts.google.com/gsi/client". Note that 'script-src-elem' was not explicitly set, so 'script-src' is used as a fallback. The policy is report-only, so the violation has been logged but no further action has been taken. @ https://www.coingecko.com/tagmetrics/:339
[  106183ms] [INFO] Connecting to 'https://geolocation.onetrust.com/cookieconsentpub/v1/geo/location' violates the following Content Security Policy directive: "connect-src https://accounts.google.com/gsi/". The policy is report-only, so the violation has been logged but no further action has been taken. @ https://static.coingecko.com/packs/js/1191-ab9c9b0a663f542b5cba.js:1
[  106206ms] [INFO] Connecting to 'https://www.coingecko.com/onboarding/user_info' violates the following Content Security Policy directive: "connect-src https://accounts.google.com/gsi/". The policy is report-only, so the violation has been logged but no further action has been taken. @ https://static.coingecko.com/packs/js/1191-ab9c9b0a663f542b5cba.js:1
[  106206ms] [INFO] Connecting to 'https://www.coingecko.com/onboarding/user_info' violates the following Content Security Policy directive: "connect-src https://accounts.google.com/gsi/". The policy is report-only, so the violation has been logged but no further action has been taken. @ https://static.coingecko.com/packs/js/1191-ab9c9b0a663f542b5cba.js:1
[  106208ms] [INFO] Connecting to 'https://www.coingecko.com/onboarding/portfolio_coins_info' violates the following Content Security Policy directive: "connect-src https://accounts.google.com/gsi/". The policy is report-only, so the violation has been logged but no further action has been taken. @ https://static.coingecko.com/packs/js/1191-ab9c9b0a663f542b5cba.js:1
[  106208ms] [INFO] Connecting to 'https://www.coingecko.com/onboarding/portfolio_coins_info' violates the following Content Security Policy directive: "connect-src https://accounts.google.com/gsi/". The policy is report-only, so the violation has been logged but no further action has been taken. @ https://static.coingecko.com/packs/js/1191-ab9c9b0a663f542b5cba.js:1
[  106226ms] [VERBOSE] [DOM] Password forms should have (optionally hidden) username fields for accessibility: (More info: https://goo.gl/9p2vKq) %o @ https://www.coingecko.com/:0
[  106226ms] [VERBOSE] [DOM] Input elements should have autocomplete attributes (suggested: "current-password"): (More info: https://goo.gl/9p2vKq) %o @ https://www.coingecko.com/:0
[  106251ms] [INFO] Connecting to 'https://www.coingecko.com/coins/price_percentage_change?ids=1,100,102172023,102172701,10365,1047,10481,1094,11095,11610,11636,1167,11939,12171,12504,12559,12645,12713,12817,14495,1481,14890,16547,17980,19,2,25380,25751,26375,26455,26580,27045,279,28426,28452,28600,28624,29023,2912,29837,29850,30663,30980,31069,31212,31700,32440,325,33613,3370,34188,35012,35491,36291,36530,3688,3695,38272,39651,39657,39925,39926,4128,4380,44,4463,453,479,486,5,50767,50882,5111,51281,52622,52804,53247,53746,54023,54342,54558,54977,56040,6319,66154,67053,67164,68227,68480,68793,69,69040,69134,69242,69772,70014,70445,70468,71114,71157,71161,7310,780,8183,825,8370,8418,877,9519,975,9956&vs_currency=usd' violates the following Content Security Policy directive: "connect-src https://accounts.google.com/gsi/". The policy is report-only, so the violation has been logged but no further action has been taken. @ https://static.coingecko.com/packs/js/1191-ab9c9b0a663f542b5cba.js:1
[  106251ms] [INFO] Connecting to 'https://www.coingecko.com/coins/price_percentage_change?ids=1,100,102172023,102172701,10365,1047,10481,1094,11095,11610,11636,1167,11939,12171,12504,12559,12645,12713,12817,14495,1481,14890,16547,17980,19,2,25380,25751,26375,26455,26580,27045,279,28426,28452,28600,28624,29023,2912,29837,29850,30663,30980,31069,31212,31700,32440,325,33613,3370,34188,35012,35491,36291,36530,3688,3695,38272,39651,39657,39925,39926,4128,4380,44,4463,453,479,486,5,50767,50882,5111,51281,52622,52804,53247,53746,54023,54342,54558,54977,56040,6319,66154,67053,67164,68227,68480,68793,69,69040,69134,69242,69772,70014,70445,70468,71114,71157,71161,7310,780,8183,825,8370,8418,877,9519,975,9956&vs_currency=usd' violates the following Content Security Policy directive: "connect-src https://accounts.google.com/gsi/". The policy is report-only, so the violation has been logged but no further action has been taken. @ https://static.coingecko.com/packs/js/1191-ab9c9b0a663f542b5cba.js:1
[  106291ms] [INFO] Evaluating a string as JavaScript violates the following Content Security Policy directive because 'unsafe-eval' is not an allowed source of script: "script-src https://accounts.google.com/gsi/client".
 The policy is report-only, so the violation has been logged but no further action has been taken. @ https://static.coingecko.com/packs/js/4759-bb3da86498f0a5fd0910.js:0
[  106291ms] [INFO] Evaluating a string as JavaScript violates the following Content Security Policy directive because 'unsafe-eval' is not an allowed source of script: "script-src https://accounts.google.com/gsi/client".
 The policy is report-only, so the violation has been logged but no further action has been taken. @ https://static.coingecko.com/packs/js/4759-bb3da86498f0a5fd0910.js:0
[  106377ms] [ERROR] Framing 'https://challenges.cloudflare.com/' violates the following report-only Content Security Policy directive: "frame-src https://accounts.google.com/gsi/". The violation has been logged, but no further action has been taken.
 @ https://challenges.cloudflare.com/:0
[  106386ms] [INFO] Loading the script 'https://cdn-apac.onetrust.com/scripttemplates/202601.2.0/otBannerSdk.js' violates the following Content Security Policy directive: "script-src https://accounts.google.com/gsi/client". Note that 'script-src-elem' was not explicitly set, so 'script-src' is used as a fallback. The policy is report-only, so the violation has been logged but no further action has been taken. @ https://cdn-apac.onetrust.com/scripttemplates/otSDKStub.js:0
[  106478ms] [INFO] Connecting to 'https://www.coingecko.com/en/portfolios/quick_add_coins_logged_out?coin_ids=&lop_coin_ids=' violates the following Content Security Policy directive: "connect-src https://accounts.google.com/gsi/". The policy is report-only, so the violation has been logged but no further action has been taken. @ https://static.coingecko.com/packs/js/1191-ab9c9b0a663f542b5cba.js:1
[  106479ms] [INFO] Connecting to 'https://www.coingecko.com/en/portfolios/quick_add_coins_logged_out?coin_ids=&lop_coin_ids=' violates the following Content Security Policy directive: "connect-src https://accounts.google.com/gsi/". The policy is report-only, so the violation has been logged but no further action has been taken. @ https://static.coingecko.com/packs/js/1191-ab9c9b0a663f542b5cba.js:1
[  106482ms] [INFO] Connecting to 'https://www.coingecko.com/en/portfolios/quick_add_coins_logged_out?coin_ids=&lop_coin_ids=' violates the following Content Security Policy directive: "connect-src https://accounts.google.com/gsi/". The policy is report-only, so the violation has been logged but no further action has been taken. @ https://static.coingecko.com/packs/js/1191-ab9c9b0a663f542b5cba.js:1
[  106483ms] [INFO] Connecting to 'https://www.coingecko.com/en/portfolios/quick_add_coins_logged_out?coin_ids=&lop_coin_ids=' violates the following Content Security Policy directive: "connect-src https://accounts.google.com/gsi/". The policy is report-only, so the violation has been logged but no further action has been taken. @ https://static.coingecko.com/packs/js/1191-ab9c9b0a663f542b5cba.js:1
[  106487ms] [INFO] Connecting to 'https://www.coingecko.com/en/onboarding/user_info' violates the following Content Security Policy directive: "connect-src https://accounts.google.com/gsi/". The policy is report-only, so the violation has been logged but no further action has been taken. @ https://www.coingecko.com/:0
[  106505ms] [INFO] Loading the script 'https://cdn.confiant-integrations.net/gptprebidnative/202604301904/wrap.js' violates the following Content Security Policy directive: "script-src https://accounts.google.com/gsi/client". Note that 'script-src-elem' was not explicitly set, so 'script-src' is used as a fallback. The policy is report-only, so the violation has been logged but no further action has been taken. @ https://cdn.confiant-integrations.net/9LK8Exe2khR_0lJTo07N1DnGdH8/gpt_and_prebid/config.js:121
[  106569ms] [INFO] Connecting to 'https://www.coingecko.com/en/onboarding/portfolio_coins_info' violates the following Content Security Policy directive: "connect-src https://accounts.google.com/gsi/". The policy is report-only, so the violation has been logged but no further action has been taken. @ https://www.coingecko.com/:0
[  106572ms] [INFO] Connecting to 'https://pagead2.googlesyndication.com/pagead/js/adsbygoogle.js' violates the following Content Security Policy directive: "connect-src https://accounts.google.com/gsi/". The policy is report-only, so the violation has been logged but no further action has been taken. @ https://static.coingecko.com/packs/js/1191-ab9c9b0a663f542b5cba.js:1
[  106572ms] [INFO] Connecting to 'https://pagead2.googlesyndication.com/pagead/js/adsbygoogle.js' violates the following Content Security Policy directive: "connect-src https://accounts.google.com/gsi/". The policy is report-only, so the violation has been logged but no further action has been taken. @ https://static.coingecko.com/packs/js/1191-ab9c9b0a663f542b5cba.js:1
[  106573ms] [INFO] Connecting to 'https://static.criteo.net/js/ld/publishertag.prebid.js' violates the following Content Security Policy directive: "connect-src https://accounts.google.com/gsi/". The policy is report-only, so the violation has been logged but no further action has been taken. @ https://static.coingecko.com/packs/js/1191-ab9c9b0a663f542b5cba.js:1
[  106573ms] [INFO] Connecting to 'https://static.criteo.net/js/ld/publishertag.prebid.js' violates the following Content Security Policy directive: "connect-src https://accounts.google.com/gsi/". The policy is report-only, so the violation has been logged but no further action has been taken. @ https://static.coingecko.com/packs/js/1191-ab9c9b0a663f542b5cba.js:1
[  106579ms] [INFO] Loading the script 'https://pagead2.googlesyndication.com/pagead/js/adsbygoogle.js' violates the following Content Security Policy directive: "script-src https://accounts.google.com/gsi/client". Note that 'script-src-elem' was not explicitly set, so 'script-src' is used as a fallback. The policy is report-only, so the violation has been logged but no further action has been taken. @ https://html-load.cc/script/d3d3LmNvaW5nZWNrby5jb20.js:1
[  106652ms] [INFO] Connecting to 'https://cdn-apac.onetrust.com/consent/49e8a847-f2c7-4b58-a340-caf0924064fe/019c9cde-a773-72b4-8c50-651e42514509/en.json' violates the following Content Security Policy directive: "connect-src https://accounts.google.com/gsi/". The policy is report-only, so the violation has been logged but no further action has been taken. @ https://static.coingecko.com/packs/js/1191-ab9c9b0a663f542b5cba.js:1
[  106653ms] [INFO] Connecting to 'https://cdn-apac.onetrust.com/consent/49e8a847-f2c7-4b58-a340-caf0924064fe/019c9cde-a773-72b4-8c50-651e42514509/en.json' violates the following Content Security Policy directive: "connect-src https://accounts.google.com/gsi/". The policy is report-only, so the violation has been logged but no further action has been taken. @ https://static.coingecko.com/packs/js/1191-ab9c9b0a663f542b5cba.js:1
[  106719ms] [INFO] Loading the script 'blob:https://www.coingecko.com/3db5337e-8d3e-4b69-b45c-984da9a24b31' violates the following Content Security Policy directive: "script-src https://accounts.google.com/gsi/client". Note that 'script-src-elem' was not explicitly set, so 'script-src' is used as a fallback. The policy is report-only, so the violation has been logged but no further action has been taken. @ https://cdn.confiant-integrations.net/gptprebidnative/202604301904/wrap.js:49
[  106754ms] [INFO] Connecting to 'https://cdn-apac.onetrust.com/consent/49e8a847-f2c7-4b58-a340-caf0924064fe/019c9cde-a773-72b4-8c50-651e42514509/bLayout-en.json' violates the following Content Security Policy directive: "connect-src https://accounts.google.com/gsi/". The policy is report-only, so the violation has been logged but no further action has been taken. @ https://static.coingecko.com/packs/js/1191-ab9c9b0a663f542b5cba.js:1
[  106755ms] [INFO] Connecting to 'https://cdn-apac.onetrust.com/consent/49e8a847-f2c7-4b58-a340-caf0924064fe/019c9cde-a773-72b4-8c50-651e42514509/bLayout-en.json' violates the following Content Security Policy directive: "connect-src https://accounts.google.com/gsi/". The policy is report-only, so the violation has been logged but no further action has been taken. @ https://static.coingecko.com/packs/js/1191-ab9c9b0a663f542b5cba.js:1
[  106755ms] [INFO] Connecting to 'https://cdn-apac.onetrust.com/scripttemplates/202601.2.0/assets/v2/otPcCenter.json' violates the following Content Security Policy directive: "connect-src https://accounts.google.com/gsi/". The policy is report-only, so the violation has been logged but no further action has been taken. @ https://static.coingecko.com/packs/js/1191-ab9c9b0a663f542b5cba.js:1
[  106755ms] [INFO] Connecting to 'https://cdn-apac.onetrust.com/scripttemplates/202601.2.0/assets/v2/otPcCenter.json' violates the following Content Security Policy directive: "connect-src https://accounts.google.com/gsi/". The policy is report-only, so the violation has been logged but no further action has been taken. @ https://static.coingecko.com/packs/js/1191-ab9c9b0a663f542b5cba.js:1
[  106756ms] [INFO] Connecting to 'https://cdn-apac.onetrust.com/scripttemplates/202601.2.0/assets/otCommonStyles.css' violates the following Content Security Policy directive: "connect-src https://accounts.google.com/gsi/". The policy is report-only, so the violation has been logged but no further action has been taken. @ https://static.coingecko.com/packs/js/1191-ab9c9b0a663f542b5cba.js:1
[  106756ms] [INFO] Connecting to 'https://cdn-apac.onetrust.com/scripttemplates/202601.2.0/assets/otCommonStyles.css' violates the following Content Security Policy directive: "connect-src https://accounts.google.com/gsi/". The policy is report-only, so the violation has been logged but no further action has been taken. @ https://static.coingecko.com/packs/js/1191-ab9c9b0a663f542b5cba.js:1
[  106789ms] [INFO] Executing inline script violates the following Content Security Policy directive 'script-src https://accounts.google.com/gsi/client'. Either the 'unsafe-inline' keyword, a hash ('sha256-qnEXc6JOcUA3hlt3yQu8lhpnA0co588sIFhkPfqd56o='), or a nonce ('nonce-...') is required to enable inline execution. The policy is report-only, so the violation has been logged but no further action has been taken. @ https://cdn-apac.onetrust.com/scripttemplates/202601.2.0/otBannerSdk.js:6
[  106812ms] [INFO] Loading the script 'https://script.crazyegg.com/pages/scripts/0113/7527.js' violates the following Content Security Policy directive: "script-src https://accounts.google.com/gsi/client". Note that 'script-src-elem' was not explicitly set, so 'script-src' is used as a fallback. The policy is report-only, so the violation has been logged but no further action has been taken. @ https://www.coingecko.com/tagmetrics/:339
[  106815ms] [INFO] Loading the script 'https://www.redditstatic.com/ads/pixel.js' violates the following Content Security Policy directive: "script-src https://accounts.google.com/gsi/client". Note that 'script-src-elem' was not explicitly set, so 'script-src' is used as a fallback. The policy is report-only, so the violation has been logged but no further action has been taken. @ https://www.coingecko.com/tagmetrics/:339
[  106818ms] [INFO] Loading the script 'https://static.ads-twitter.com/uwt.js' violates the following Content Security Policy directive: "script-src https://accounts.google.com/gsi/client". Note that 'script-src-elem' was not explicitly set, so 'script-src' is used as a fallback. The policy is report-only, so the violation has been logged but no further action has been taken. @ https://www.coingecko.com/tagmetrics/:339
[  106830ms] [INFO] Executing inline script violates the following Content Security Policy directive 'script-src https://accounts.google.com/gsi/client'. Either the 'unsafe-inline' keyword, a hash ('sha256-62cY3zlkLl82xJwbNbSlDxNZQYG2wtbTBJ1y+kjdVUc='), or a nonce ('nonce-...') is required to enable inline execution. The policy is report-only, so the violation has been logged but no further action has been taken. @ https://www.coingecko.com/tagmetrics/:1026
[  106831ms] [INFO] Executing inline script violates the following Content Security Policy directive 'script-src https://accounts.google.com/gsi/client'. Either the 'unsafe-inline' keyword, a hash ('sha256-62cY3zlkLl82xJwbNbSlDxNZQYG2wtbTBJ1y+kjdVUc='), or a nonce ('nonce-...') is required to enable inline execution. The policy is report-only, so the violation has been logged but no further action has been taken. @ https://www.coingecko.com/tagmetrics/:1026
[  106856ms] [INFO] Connecting to 'https://www.coingecko.com/tagmetrics/ag/g/c?v=2&tid=G-LJR3232ZPB&gtm=45g92e65c0v888113550z8852934946za20kzb852934946zd852934946&_p=1778743936199&_gaz=1&gcd=13l3l3l3l1l1&npa=0&dma=0&gdid=dY2E1Nz.dNzQzZD&_eu=AAAAAGQC&_uip=%3A%3A&are=1&cid=1683176636.1778742273&fp=1&frm=0&pscdl=noapi&rcb=18&sr=1280x720&uaa=x86&uab=64&uafvl=Chromium%3B148.0.7778.96%7CGoogle%2520Chrome%3B148.0.7778.96%7CNot%252FA)Brand%3B99.0.0.0&uam=&uamb=0&uap=Linux&uapv=&uaw=0&ul=en-gb&ur=TH-82&_gsid=4eSkOfbPx2sx7Z4m0-XzJn5uChG9jXW63w&gaf=2&_s=1&tag_exp=0~115616985~115938466~115938469&sid=1778742273&sct=1&seg=1&dl=https%3A%2F%2Fwww.coingecko.com%2F&dr=https%3A%2F%2Fwww.coingecko.com%2Faccount%2Fsign_in&dt=Cryptocurrency%20Prices%2C%20Charts%2C%20and%20Crypto%20Market%20Cap%20%7C%20CoinGecko&en=page_view&gap.gtb=2&tfd=3636' violates the following Content Security Policy directive: "connect-src https://accounts.google.com/gsi/". The policy is report-only, so the violation has been logged but no further action has been taken. @ https://static.coingecko.com/packs/js/1191-ab9c9b0a663f542b5cba.js:1
[  106856ms] [INFO] Connecting to 'https://www.coingecko.com/tagmetrics/ag/g/c?v=2&tid=G-LJR3232ZPB&gtm=45g92e65c0v888113550z8852934946za20kzb852934946zd852934946&_p=1778743936199&_gaz=1&gcd=13l3l3l3l1l1&npa=0&dma=0&gdid=dY2E1Nz.dNzQzZD&_eu=AAAAAGQC&_uip=%3A%3A&are=1&cid=1683176636.1778742273&fp=1&frm=0&pscdl=noapi&rcb=18&sr=1280x720&uaa=x86&uab=64&uafvl=Chromium%3B148.0.7778.96%7CGoogle%2520Chrome%3B148.0.7778.96%7CNot%252FA)Brand%3B99.0.0.0&uam=&uamb=0&uap=Linux&uapv=&uaw=0&ul=en-gb&ur=TH-82&_gsid=4eSkOfbPx2sx7Z4m0-XzJn5uChG9jXW63w&gaf=2&_s=1&tag_exp=0~115616985~115938466~115938469&sid=1778742273&sct=1&seg=1&dl=https%3A%2F%2Fwww.coingecko.com%2F&dr=https%3A%2F%2Fwww.coingecko.com%2Faccount%2Fsign_in&dt=Cryptocurrency%20Prices%2C%20Charts%2C%20and%20Crypto%20Market%20Cap%20%7C%20CoinGecko&en=page_view&gap.gtb=2&tfd=3636' violates the following Content Security Policy directive: "connect-src https://accounts.google.com/gsi/". The policy is report-only, so the violation has been logged but no further action has been taken. @ https://static.coingecko.com/packs/js/1191-ab9c9b0a663f542b5cba.js:1
[  106858ms] [INFO] Connecting to 'https://analytics.google.com/g/s/collect?_gsid=4eSkOfbPx2sx7Z4m0-XzJn5uChG9jXW63w&gtm=45g92e65c0v888113550z8852934946za20kzb852934946zd852934946' violates the following Content Security Policy directive: "connect-src https://accounts.google.com/gsi/". The policy is report-only, so the violation has been logged but no further action has been taken. @ https://www.coingecko.com/tagmetrics/6neqGjS1Zb1oIKgu-djVD-JvVwnXTgW2gS72DYFtctTNpkTh:378
[  106858ms] [INFO] Connecting to 'https://analytics.google.com/g/s/collect?_gsid=4eSkOfbPx2sx7Z4m0-XzJn5uChG9jXW63w&gtm=45g92e65c0v888113550z8852934946za20kzb852934946zd852934946' violates the following Content Security Policy directive: "connect-src https://accounts.google.com/gsi/". The policy is report-only, so the violation has been logged but no further action has been taken. @ https://www.coingecko.com/tagmetrics/6neqGjS1Zb1oIKgu-djVD-JvVwnXTgW2gS72DYFtctTNpkTh:378
[  106900ms] [INFO] Loading the script 'https://googleads.g.doubleclick.net/pagead/viewthroughconversion/17414124131/?random=1778743936270&cv=11&fst=1778743936270&bg=ffffff&guid=ON&async=1&en=gtag.config&gtm=45892e65c0v9226231428z8852934946za20kzb852934946zd852934946xec&gcd=13l3l3l3l1l1&dma=0&tag_exp=0~115938466~115938468~119013244&u_w=1280&u_h=720&url=https%3A%2F%2Fwww.coingecko.com%2F&ref=https%3A%2F%2Fwww.coingecko.com%2Faccount%2Fsign_in&rcb=12&frm=0&tiba=Cryptocurrency%20Prices%2C%20Charts%2C%20and%20Crypto%20Market%20Cap%20%7C%20CoinGecko&did=dY2E1Nz&gdid=dY2E1Nz.dNzQzZD&hn=www.googleadservices.com&npa=0&pscdl=noapi&auid=494939319.1778742273&uaa=x86&uab=64&uafvl=Chromium%3B148.0.7778.96%7CGoogle%2520Chrome%3B148.0.7778.96%7CNot%252FA)Brand%3B99.0.0.0&uamb=0&uam=&uap=Linux&uapv=&uaw=0&data=event%3Dgtag.config&gap.gtb=2&rfmt=3&fmt=4' violates the following Content Security Policy directive: "script-src https://accounts.google.com/gsi/client". Note that 'script-src-elem' was not explicitly set, so 'script-src' is used as a fallback. The policy is report-only, so the violation has been logged but no further action has been taken. @ https://www.coingecko.com/tagmetrics/6neqGjS1Y8cJW80p-t_WZ4YcQluJEB6thXz8RNg1cISYo_ZDROE:237
[  106901ms] [INFO] Connecting to 'https://www.google.com/rmkt/collect/17414124131/?random=1778743936270&cv=11&fst=1778743936270&fmt=8&bg=ffffff&guid=ON&async=1&en=gtag.config&gtm=45892e65c0v9226231428z8852934946za20kzb852934946zd852934946xec&gcd=13l3l3l3l1l1&dma=0&tag_exp=0~115938466~115938468~119013244&u_w=1280&u_h=720&url=https%3A%2F%2Fwww.coingecko.com%2F&ref=https%3A%2F%2Fwww.coingecko.com%2Faccount%2Fsign_in&rcb=12&frm=0&tiba=Cryptocurrency%20Prices%2C%20Charts%2C%20and%20Crypto%20Market%20Cap%20%7C%20CoinGecko&did=dY2E1Nz&gdid=dY2E1Nz.dNzQzZD&hn=www.googleadservices.com&npa=0&pscdl=noapi&auid=494939319.1778742273&uaa=x86&uab=64&uafvl=Chromium%3B148.0.7778.96%7CGoogle%2520Chrome%3B148.0.7778.96%7CNot%252FA)Brand%3B99.0.0.0&uamb=0&uam=&uap=Linux&uapv=&uaw=0&data=event%3Dgtag.config&gap.gtb=2&gcp=5' violates the following Content Security Policy directive: "connect-src https://accounts.google.com/gsi/". The policy is report-only, so the violation has been logged but no further action has been taken. @ https://static.coingecko.com/packs/js/1191-ab9c9b0a663f542b5cba.js:1
[  106902ms] [INFO] Connecting to 'https://www.google.com/rmkt/collect/17414124131/?random=1778743936270&cv=11&fst=1778743936270&fmt=8&bg=ffffff&guid=ON&async=1&en=gtag.config&gtm=45892e65c0v9226231428z8852934946za20kzb852934946zd852934946xec&gcd=13l3l3l3l1l1&dma=0&tag_exp=0~115938466~115938468~119013244&u_w=1280&u_h=720&url=https%3A%2F%2Fwww.coingecko.com%2F&ref=https%3A%2F%2Fwww.coingecko.com%2Faccount%2Fsign_in&rcb=12&frm=0&tiba=Cryptocurrency%20Prices%2C%20Charts%2C%20and%20Crypto%20Market%20Cap%20%7C%20CoinGecko&did=dY2E1Nz&gdid=dY2E1Nz.dNzQzZD&hn=www.googleadservices.com&npa=0&pscdl=noapi&auid=494939319.1778742273&uaa=x86&uab=64&uafvl=Chromium%3B148.0.7778.96%7CGoogle%2520Chrome%3B148.0.7778.96%7CNot%252FA)Brand%3B99.0.0.0&uamb=0&uam=&uap=Linux&uapv=&uaw=0&data=event%3Dgtag.config&gap.gtb=2&gcp=5' violates the following Content Security Policy directive: "connect-src https://accounts.google.com/gsi/". The policy is report-only, so the violation has been logged but no further action has been taken. @ https://static.coingecko.com/packs/js/1191-ab9c9b0a663f542b5cba.js:1
[  106937ms] [INFO] Loading the script 'https://googleads.g.doubleclick.net/pagead/viewthroughconversion/17441483823/?random=1778743936314&cv=11&fst=1778743936314&bg=ffffff&guid=ON&async=1&en=gtag.config&gtm=45892e65c0v9226725750z8852934946za20kzb852934946zd852934946xec&gcd=13l3l3l3l1l1&dma=0&tag_exp=0~115616985~115938466~115938469&u_w=1280&u_h=720&url=https%3A%2F%2Fwww.coingecko.com%2F&ref=https%3A%2F%2Fwww.coingecko.com%2Faccount%2Fsign_in&rcb=16&frm=0&tiba=Cryptocurrency%20Prices%2C%20Charts%2C%20and%20Crypto%20Market%20Cap%20%7C%20CoinGecko&did=dY2E1Nz&gdid=dY2E1Nz.dNzQzZD&hn=www.googleadservices.com&npa=0&pscdl=noapi&auid=494939319.1778742273&uaa=x86&uab=64&uafvl=Chromium%3B148.0.7778.96%7CGoogle%2520Chrome%3B148.0.7778.96%7CNot%252FA)Brand%3B99.0.0.0&uamb=0&uam=&uap=Linux&uapv=&uaw=0&data=event%3Dgtag.config&gap.gtb=2&rfmt=3&fmt=4' violates the following Content Security Policy directive: "script-src https://accounts.google.com/gsi/client". Note that 'script-src-elem' was not explicitly set, so 'script-src' is used as a fallback. The policy is report-only, so the violation has been logged but no further action has been taken. @ https://www.coingecko.com/tagmetrics/6neqGjS1Y8cJW80p_9rTbYEVQ1mJEB6thXz8RNg1cISYo_ZDROE:229
[  106939ms] [INFO] Connecting to 'https://www.google.com/rmkt/collect/17441483823/?random=1778743936314&cv=11&fst=1778743936314&fmt=8&bg=ffffff&guid=ON&async=1&en=gtag.config&gtm=45892e65c0v9226725750z8852934946za20kzb852934946zd852934946xec&gcd=13l3l3l3l1l1&dma=0&tag_exp=0~115616985~115938466~115938469&u_w=1280&u_h=720&url=https%3A%2F%2Fwww.coingecko.com%2F&ref=https%3A%2F%2Fwww.coingecko.com%2Faccount%2Fsign_in&rcb=16&frm=0&tiba=Cryptocurrency%20Prices%2C%20Charts%2C%20and%20Crypto%20Market%20Cap%20%7C%20CoinGecko&did=dY2E1Nz&gdid=dY2E1Nz.dNzQzZD&hn=www.googleadservices.com&npa=0&pscdl=noapi&auid=494939319.1778742273&uaa=x86&uab=64&uafvl=Chromium%3B148.0.7778.96%7CGoogle%2520Chrome%3B148.0.7778.96%7CNot%252FA)Brand%3B99.0.0.0&uamb=0&uam=&uap=Linux&uapv=&uaw=0&data=event%3Dgtag.config&gap.gtb=2&gcp=5' violates the following Content Security Policy directive: "connect-src https://accounts.google.com/gsi/". The policy is report-only, so the violation has been logged but no further action has been taken. @ https://static.coingecko.com/packs/js/1191-ab9c9b0a663f542b5cba.js:1
[  106939ms] [INFO] Connecting to 'https://www.google.com/rmkt/collect/17441483823/?random=1778743936314&cv=11&fst=1778743936314&fmt=8&bg=ffffff&guid=ON&async=1&en=gtag.config&gtm=45892e65c0v9226725750z8852934946za20kzb852934946zd852934946xec&gcd=13l3l3l3l1l1&dma=0&tag_exp=0~115616985~115938466~115938469&u_w=1280&u_h=720&url=https%3A%2F%2Fwww.coingecko.com%2F&ref=https%3A%2F%2Fwww.coingecko.com%2Faccount%2Fsign_in&rcb=16&frm=0&tiba=Cryptocurrency%20Prices%2C%20Charts%2C%20and%20Crypto%20Market%20Cap%20%7C%20CoinGecko&did=dY2E1Nz&gdid=dY2E1Nz.dNzQzZD&hn=www.googleadservices.com&npa=0&pscdl=noapi&auid=494939319.1778742273&uaa=x86&uab=64&uafvl=Chromium%3B148.0.7778.96%7CGoogle%2520Chrome%3B148.0.7778.96%7CNot%252FA)Brand%3B99.0.0.0&uamb=0&uam=&uap=Linux&uapv=&uaw=0&data=event%3Dgtag.config&gap.gtb=2&gcp=5' violates the following Content Security Policy directive: "connect-src https://accounts.google.com/gsi/". The policy is report-only, so the violation has been logged but no further action has been taken. @ https://static.coingecko.com/packs/js/1191-ab9c9b0a663f542b5cba.js:1
[  106941ms] [INFO] Loading the script 'https://www.googletagmanager.com/gtm.js?id=GTM-NP34MX7' violates the following Content Security Policy directive: "script-src https://accounts.google.com/gsi/client". Note that 'script-src-elem' was not explicitly set, so 'script-src' is used as a fallback. The policy is report-only, so the violation has been logged but no further action has been taken. @ :11
[  106942ms] [INFO] Loading the script 'https://adtech.coingecko.com/ascendeum/pub/asc.coingecko.js' violates the following Content Security Policy directive: "script-src https://accounts.google.com/gsi/client". Note that 'script-src-elem' was not explicitly set, so 'script-src' is used as a fallback. The policy is report-only, so the violation has been logged but no further action has been taken. @ https://cdn-apac.onetrust.com/scripttemplates/202601.2.0/otBannerSdk.js:6
[  106943ms] [INFO] Loading the script 'https://btloader.com/tag?o=5172243878903808&upapi=true' violates the following Content Security Policy directive: "script-src https://accounts.google.com/gsi/client". Note that 'script-src-elem' was not explicitly set, so 'script-src' is used as a fallback. The policy is report-only, so the violation has been logged but no further action has been taken. @ https://cdn-apac.onetrust.com/scripttemplates/202601.2.0/otBannerSdk.js:6
[  106949ms] [INFO] Connecting to 'https://cdn-apac.onetrust.com/logos/static/ot_guard_logo.svg' violates the following Content Security Policy directive: "connect-src https://accounts.google.com/gsi/". The policy is report-only, so the violation has been logged but no further action has been taken. @ https://static.coingecko.com/packs/js/1191-ab9c9b0a663f542b5cba.js:1
[  106949ms] [INFO] Connecting to 'https://cdn-apac.onetrust.com/logos/static/ot_guard_logo.svg' violates the following Content Security Policy directive: "connect-src https://accounts.google.com/gsi/". The policy is report-only, so the violation has been logged but no further action has been taken. @ https://static.coingecko.com/packs/js/1191-ab9c9b0a663f542b5cba.js:1
[  106969ms] [INFO] Connecting to 'https://www.google.com/ccm/collect?rcb=0&frm=0&ae=g&en=page_view&dr=www.coingecko.com&dl=https%3A%2F%2Fwww.coingecko.com%2F&scrsrc=www.coingecko.com&rnd=59603570.1778743936&dt=Cryptocurrency%20Prices%2C%20Charts%2C%20and%20Crypto%20Market%20Cap%20%7C%20CoinGecko&auid=494939319.1778742273&navt=n&npa=0&ep.ads_data_redaction=0&gdid=dY2E1Nz.dNzQzZD&gtm=45E92e65c0v852934946za204zd852934946xea&gcd=13l3l3l3l1l1&dma=0&tag_exp=0~115938466~115938468&apve=1&apvf=f&gap.gtb=2&apvc=1&tft=1778743936378&tfd=3750' violates the following Content Security Policy directive: "connect-src https://accounts.google.com/gsi/". The policy is report-only, so the violation has been logged but no further action has been taken. @ https://static.coingecko.com/packs/js/1191-ab9c9b0a663f542b5cba.js:1
[  106969ms] [INFO] Connecting to 'https://www.google.com/ccm/collect?rcb=0&frm=0&ae=g&en=page_view&dr=www.coingecko.com&dl=https%3A%2F%2Fwww.coingecko.com%2F&scrsrc=www.coingecko.com&rnd=59603570.1778743936&dt=Cryptocurrency%20Prices%2C%20Charts%2C%20and%20Crypto%20Market%20Cap%20%7C%20CoinGecko&auid=494939319.1778742273&navt=n&npa=0&ep.ads_data_redaction=0&gdid=dY2E1Nz.dNzQzZD&gtm=45E92e65c0v852934946za204zd852934946xea&gcd=13l3l3l3l1l1&dma=0&tag_exp=0~115938466~115938468&apve=1&apvf=f&gap.gtb=2&apvc=1&tft=1778743936378&tfd=3750' violates the following Content Security Policy directive: "connect-src https://accounts.google.com/gsi/". The policy is report-only, so the violation has been logged but no further action has been taken. @ https://static.coingecko.com/packs/js/1191-ab9c9b0a663f542b5cba.js:1
[  106971ms] [INFO] Connecting to 'https://www.google.com/ccm/collect?rcb=12&frm=0&en=page_view&dr=www.coingecko.com&dl=https%3A%2F%2Fwww.coingecko.com%2F&scrsrc=www.coingecko.com&rnd=59603570.1778743936&dt=Cryptocurrency%20Prices%2C%20Charts%2C%20and%20Crypto%20Market%20Cap%20%7C%20CoinGecko&auid=494939319.1778742273&navt=n&npa=0&did=dY2E1Nz&gdid=dY2E1Nz.dNzQzZD&gtm=45892e65c0v9226231428z8852934946za20kzb852934946zd852934946xec&gcd=13l3l3l3l1l1&dma=0&tag_exp=0~115938466~115938468~119013244&apve=1&apvf=f&gap.gtb=2&apvc=0&tids=AW-17414124131&tid=AW-17414124131&tft=1778743936380&tfd=3751' violates the following Content Security Policy directive: "connect-src https://accounts.google.com/gsi/". The policy is report-only, so the violation has been logged but no further action has been taken. @ https://static.coingecko.com/packs/js/1191-ab9c9b0a663f542b5cba.js:1
[  106971ms] [INFO] Connecting to 'https://www.google.com/ccm/collect?rcb=12&frm=0&en=page_view&dr=www.coingecko.com&dl=https%3A%2F%2Fwww.coingecko.com%2F&scrsrc=www.coingecko.com&rnd=59603570.1778743936&dt=Cryptocurrency%20Prices%2C%20Charts%2C%20and%20Crypto%20Market%20Cap%20%7C%20CoinGecko&auid=494939319.1778742273&navt=n&npa=0&did=dY2E1Nz&gdid=dY2E1Nz.dNzQzZD&gtm=45892e65c0v9226231428z8852934946za20kzb852934946zd852934946xec&gcd=13l3l3l3l1l1&dma=0&tag_exp=0~115938466~115938468~119013244&apve=1&apvf=f&gap.gtb=2&apvc=0&tids=AW-17414124131&tid=AW-17414124131&tft=1778743936380&tfd=3751' violates the following Content Security Policy directive: "connect-src https://accounts.google.com/gsi/". The policy is report-only, so the violation has been logged but no further action has been taken. @ https://static.coingecko.com/packs/js/1191-ab9c9b0a663f542b5cba.js:1
[  106972ms] [INFO] Connecting to 'https://www.google.com/ccm/collect?rcb=16&frm=0&en=page_view&dr=www.coingecko.com&dl=https%3A%2F%2Fwww.coingecko.com%2F&scrsrc=www.coingecko.com&rnd=59603570.1778743936&dt=Cryptocurrency%20Prices%2C%20Charts%2C%20and%20Crypto%20Market%20Cap%20%7C%20CoinGecko&auid=494939319.1778742273&navt=n&npa=0&did=dY2E1Nz&gdid=dY2E1Nz.dNzQzZD&gtm=45892e65c0v9226725750z8852934946za20kzb852934946zd852934946xec&gcd=13l3l3l3l1l1&dma=0&tag_exp=0~115616985~115938466~115938469&apve=1&apvf=f&gap.gtb=2&apvc=0&tids=AW-17441483823&tid=AW-17441483823&tft=1778743936381&tfd=3752' violates the following Content Security Policy directive: "connect-src https://accounts.google.com/gsi/". The policy is report-only, so the violation has been logged but no further action has been taken. @ https://static.coingecko.com/packs/js/1191-ab9c9b0a663f542b5cba.js:1
[  106972ms] [INFO] Connecting to 'https://www.google.com/ccm/collect?rcb=16&frm=0&en=page_view&dr=www.coingecko.com&dl=https%3A%2F%2Fwww.coingecko.com%2F&scrsrc=www.coingecko.com&rnd=59603570.1778743936&dt=Cryptocurrency%20Prices%2C%20Charts%2C%20and%20Crypto%20Market%20Cap%20%7C%20CoinGecko&auid=494939319.1778742273&navt=n&npa=0&did=dY2E1Nz&gdid=dY2E1Nz.dNzQzZD&gtm=45892e65c0v9226725750z8852934946za20kzb852934946zd852934946xec&gcd=13l3l3l3l1l1&dma=0&tag_exp=0~115616985~115938466~115938469&apve=1&apvf=f&gap.gtb=2&apvc=0&tids=AW-17441483823&tid=AW-17441483823&tft=1778743936381&tfd=3752' violates the following Content Security Policy directive: "connect-src https://accounts.google.com/gsi/". The policy is report-only, so the violation has been logged but no further action has been taken. @ https://static.coingecko.com/packs/js/1191-ab9c9b0a663f542b5cba.js:1
[  107045ms] [INFO] Connecting to 'https://asc-a.hbwrapper.com/' violates the following Content Security Policy directive: "connect-src https://accounts.google.com/gsi/". The policy is report-only, so the violation has been logged but no further action has been taken. @ https://static.coingecko.com/packs/js/1191-ab9c9b0a663f542b5cba.js:1
[  107045ms] [INFO] Connecting to 'https://asc-a.hbwrapper.com/' violates the following Content Security Policy directive: "connect-src https://accounts.google.com/gsi/". The policy is report-only, so the violation has been logged but no further action has been taken. @ https://static.coingecko.com/packs/js/1191-ab9c9b0a663f542b5cba.js:1
[  107055ms] [INFO] Loading the script 'https://securepubads.g.doubleclick.net/tag/js/gpt.js' violates the following Content Security Policy directive: "script-src https://accounts.google.com/gsi/client". Note that 'script-src-elem' was not explicitly set, so 'script-src' is used as a fallback. The policy is report-only, so the violation has been logged but no further action has been taken. @ https://adtech.coingecko.com/ascendeum/pub/asc.coingecko.js:3
[  107056ms] [INFO] Loading the script 'https://c.amazon-adsystem.com/aax2/apstag.js' violates the following Content Security Policy directive: "script-src https://accounts.google.com/gsi/client". Note that 'script-src-elem' was not explicitly set, so 'script-src' is used as a fallback. The policy is report-only, so the violation has been logged but no further action has been taken. @ https://adtech.coingecko.com/ascendeum/pub/asc.coingecko.js:3
[  107057ms] [INFO] Evaluating a string as JavaScript violates the following Content Security Policy directive because 'unsafe-eval' is not an allowed source of script: "script-src https://accounts.google.com/gsi/client".
 The policy is report-only, so the violation has been logged but no further action has been taken. @ https://adtech.coingecko.com/ascendeum/pub/asc.coingecko.js:3
[  107057ms] [INFO] Evaluating a string as JavaScript violates the following Content Security Policy directive because 'unsafe-eval' is not an allowed source of script: "script-src https://accounts.google.com/gsi/client".
 The policy is report-only, so the violation has been logged but no further action has been taken. @ https://adtech.coingecko.com/ascendeum/pub/asc.coingecko.js:3
[  107057ms] [INFO] Evaluating a string as JavaScript violates the following Content Security Policy directive because 'unsafe-eval' is not an allowed source of script: "script-src https://accounts.google.com/gsi/client".
 The policy is report-only, so the violation has been logged but no further action has been taken. @ https://adtech.coingecko.com/ascendeum/pub/asc.coingecko.js:3
[  107060ms] [LOG] linux @ https://static.coingecko.com/packs/js/1191-ab9c9b0a663f542b5cba.js:1
[  107061ms] [LOG] tablet @ https://static.coingecko.com/packs/js/1191-ab9c9b0a663f542b5cba.js:1
[  107061ms] [LOG] asia @ https://static.coingecko.com/packs/js/1191-ab9c9b0a663f542b5cba.js:1
[  107070ms] [INFO] Connecting to 'https://cdn.jsdelivr.net/gh/prebid/currency-file@1/latest.json' violates the following Content Security Policy directive: "connect-src https://accounts.google.com/gsi/". The policy is report-only, so the violation has been logged but no further action has been taken. @ https://static.coingecko.com/packs/js/1191-ab9c9b0a663f542b5cba.js:1
[  107070ms] [INFO] Connecting to 'https://cdn.jsdelivr.net/gh/prebid/currency-file@1/latest.json' violates the following Content Security Policy directive: "connect-src https://accounts.google.com/gsi/". The policy is report-only, so the violation has been logged but no further action has been taken. @ https://static.coingecko.com/packs/js/1191-ab9c9b0a663f542b5cba.js:1
[  107075ms] [INFO] Connecting to 'https://lexicon.33across.com/v1/envelope?pid=0013300001bYlR3AAK&gdpr=0&src=pbjs&ver=9.53.5&coppa=0' violates the following Content Security Policy directive: "connect-src https://accounts.google.com/gsi/". The policy is report-only, so the violation has been logged but no further action has been taken. @ https://static.coingecko.com/packs/js/1191-ab9c9b0a663f542b5cba.js:1
[  107075ms] [INFO] Connecting to 'https://lexicon.33across.com/v1/envelope?pid=0013300001bYlR3AAK&gdpr=0&src=pbjs&ver=9.53.5&coppa=0' violates the following Content Security Policy directive: "connect-src https://accounts.google.com/gsi/". The policy is report-only, so the violation has been logged but no further action has been taken. @ https://static.coingecko.com/packs/js/1191-ab9c9b0a663f542b5cba.js:1
[  107076ms] [INFO] Connecting to 'https://match.adsrvr.org/track/rid?ttd_pid=q82i15a&fmt=json' violates the following Content Security Policy directive: "connect-src https://accounts.google.com/gsi/". The policy is report-only, so the violation has been logged but no further action has been taken. @ https://static.coingecko.com/packs/js/1191-ab9c9b0a663f542b5cba.js:1
[  107076ms] [INFO] Connecting to 'https://match.adsrvr.org/track/rid?ttd_pid=q82i15a&fmt=json' violates the following Content Security Policy directive: "connect-src https://accounts.google.com/gsi/". The policy is report-only, so the violation has been logged but no further action has been taken. @ https://static.coingecko.com/packs/js/1191-ab9c9b0a663f542b5cba.js:1
[  107083ms] [INFO] Evaluating a string as JavaScript violates the following Content Security Policy directive because 'unsafe-eval' is not an allowed source of script: "script-src https://accounts.google.com/gsi/client".
 The policy is report-only, so the violation has been logged but no further action has been taken. @ https://static.coingecko.com/packs/js/4759-bb3da86498f0a5fd0910.js:0
[  107086ms] [WARNING] Unrecognized feature: 'conversion-measurement'. @ https://adtech.coingecko.com/ascendeum/pub/asc.coingecko.js:3
[  107105ms] [ERROR] Framing 'https://tpc.googlesyndication.com/' violates the following report-only Content Security Policy directive: "frame-src https://accounts.google.com/gsi/". The violation has been logged, but no further action has been taken.
 @ https://adtech.coingecko.com/:0
[  107108ms] [ERROR] Framing 'https://tpc.googlesyndication.com/' violates the following report-only Content Security Policy directive: "frame-src https://accounts.google.com/gsi/". The violation has been logged, but no further action has been taken.
 @ https://adtech.coingecko.com/:0
[  107124ms] [WARNING] Failed to execute 'postMessage' on 'DOMWindow': The target origin provided ('https://challenges.cloudflare.com') does not match the recipient window's origin ('https://www.coingecko.com'). @ https://challenges.cloudflare.com/turnstile/v0/api.js:0
[  107135ms] [INFO] Loading the script 'https://securepubads.g.doubleclick.net/pagead/managed/js/gpt/m202605070101/pubads_impl.js' violates the following Content Security Policy directive: "script-src https://accounts.google.com/gsi/client". Note that 'script-src-elem' was not explicitly set, so 'script-src' is used as a fallback. The policy is report-only, so the violation has been logged but no further action has been taken. @ https://securepubads.g.doubleclick.net/tag/js/gpt.js:10
[  107146ms] [INFO] Loading the script 'https://config.aps.amazon-adsystem.com/configs/8a94db63-9a31-4fa1-a155-4843713e91f8' violates the following Content Security Policy directive: "script-src https://accounts.google.com/gsi/client". Note that 'script-src-elem' was not explicitly set, so 'script-src' is used as a fallback. The policy is report-only, so the violation has been logged but no further action has been taken. @ https://c.amazon-adsystem.com/aax2/apstag.js:2
[  107148ms] [INFO] Connecting to 'https://c.amazon-adsystem.com/bao-csm/aps-comm/aps_csm.js' violates the following Content Security Policy directive: "connect-src https://accounts.google.com/gsi/". The policy is report-only, so the violation has been logged but no further action has been taken. @ https://static.coingecko.com/packs/js/1191-ab9c9b0a663f542b5cba.js:1
[  107155ms] [INFO] Evaluating a string as JavaScript violates the following Content Security Policy directive because 'unsafe-eval' is not an allowed source of script: "script-src https://accounts.google.com/gsi/client".
 The policy is report-only, so the violation has been logged but no further action has been taken. @ https://c.amazon-adsystem.com/aax2/apstag.js:4
[  107186ms] [INFO] Connecting to 'https://web-banner.ads.aps.amazon-adsystem.com/e/dtb/bid' violates the following Content Security Policy directive: "connect-src https://accounts.google.com/gsi/". The policy is report-only, so the violation has been logged but no further action has been taken. @ https://static.coingecko.com/packs/js/1191-ab9c9b0a663f542b5cba.js:1
[  107186ms] [INFO] Connecting to 'https://web-banner.ads.aps.amazon-adsystem.com/e/dtb/bid' violates the following Content Security Policy directive: "connect-src https://accounts.google.com/gsi/". The policy is report-only, so the violation has been logged but no further action has been taken. @ https://static.coingecko.com/packs/js/1191-ab9c9b0a663f542b5cba.js:1
[  107209ms] [INFO] Connecting to 'https://grid-bidder.criteo.com/openrtb_2_5/pbjs/auction/request?profileId=207&av=37&wv=9.53.5&cb=8244860339&lsavail=1&networkId=12015' violates the following Content Security Policy directive: "connect-src https://accounts.google.com/gsi/". The policy is report-only, so the violation has been logged but no further action has been taken. @ https://static.coingecko.com/packs/js/1191-ab9c9b0a663f542b5cba.js:1
[  107210ms] [INFO] Connecting to 'https://grid-bidder.criteo.com/openrtb_2_5/pbjs/auction/request?profileId=207&av=37&wv=9.53.5&cb=8244860339&lsavail=1&networkId=12015' violates the following Content Security Policy directive: "connect-src https://accounts.google.com/gsi/". The policy is report-only, so the violation has been logged but no further action has been taken. @ https://static.coingecko.com/packs/js/1191-ab9c9b0a663f542b5cba.js:1
[  107212ms] [INFO] Connecting to 'https://onetag-sys.com/prebid-request' violates the following Content Security Policy directive: "connect-src https://accounts.google.com/gsi/". The policy is report-only, so the violation has been logged but no further action has been taken. @ https://static.coingecko.com/packs/js/1191-ab9c9b0a663f542b5cba.js:1
[  107213ms] [INFO] Connecting to 'https://onetag-sys.com/prebid-request' violates the following Content Security Policy directive: "connect-src https://accounts.google.com/gsi/". The policy is report-only, so the violation has been logged but no further action has been taken. @ https://static.coingecko.com/packs/js/1191-ab9c9b0a663f542b5cba.js:1
[  107219ms] [INFO] Connecting to 'https://ap.lijit.com/rtb/bid?src=prebid_prebid_9.53.5' violates the following Content Security Policy directive: "connect-src https://accounts.google.com/gsi/". The policy is report-only, so the violation has been logged but no further action has been taken. @ https://static.coingecko.com/packs/js/1191-ab9c9b0a663f542b5cba.js:1
[  107219ms] [INFO] Connecting to 'https://ap.lijit.com/rtb/bid?src=prebid_prebid_9.53.5' violates the following Content Security Policy directive: "connect-src https://accounts.google.com/gsi/". The policy is report-only, so the violation has been logged but no further action has been taken. @ https://static.coingecko.com/packs/js/1191-ab9c9b0a663f542b5cba.js:1
[  107223ms] [INFO] Connecting to 'https://ib.adnxs.com/ut/v3/prebid' violates the following Content Security Policy directive: "connect-src https://accounts.google.com/gsi/". The policy is report-only, so the violation has been logged but no further action has been taken. @ https://static.coingecko.com/packs/js/1191-ab9c9b0a663f542b5cba.js:1
[  107223ms] [INFO] Connecting to 'https://ib.adnxs.com/ut/v3/prebid' violates the following Content Security Policy directive: "connect-src https://accounts.google.com/gsi/". The policy is report-only, so the violation has been logged but no further action has been taken. @ https://static.coingecko.com/packs/js/1191-ab9c9b0a663f542b5cba.js:1
[  107226ms] [INFO] Connecting to 'https://rtb.openx.net/openrtbb/prebidjs' violates the following Content Security Policy directive: "connect-src https://accounts.google.com/gsi/". The policy is report-only, so the violation has been logged but no further action has been taken. @ https://static.coingecko.com/packs/js/1191-ab9c9b0a663f542b5cba.js:1
[  107226ms] [INFO] Connecting to 'https://rtb.openx.net/openrtbb/prebidjs' violates the following Content Security Policy directive: "connect-src https://accounts.google.com/gsi/". The policy is report-only, so the violation has been logged but no further action has been taken. @ https://static.coingecko.com/packs/js/1191-ab9c9b0a663f542b5cba.js:1
[  107229ms] [INFO] Connecting to 'https://prebid.media.net/rtb/prebid?cid=8CU85Q7N7' violates the following Content Security Policy directive: "connect-src https://accounts.google.com/gsi/". The policy is report-only, so the violation has been logged but no further action has been taken. @ https://static.coingecko.com/packs/js/1191-ab9c9b0a663f542b5cba.js:1
[  107229ms] [INFO] Connecting to 'https://prebid.media.net/rtb/prebid?cid=8CU85Q7N7' violates the following Content Security Policy directive: "connect-src https://accounts.google.com/gsi/". The policy is report-only, so the violation has been logged but no further action has been taken. @ https://static.coingecko.com/packs/js/1191-ab9c9b0a663f542b5cba.js:1
[  107231ms] [INFO] Connecting to 'https://exchange.alkimi-onboarding.com/bid?prebid=true' violates the following Content Security Policy directive: "connect-src https://accounts.google.com/gsi/". The policy is report-only, so the violation has been logged but no further action has been taken. @ https://static.coingecko.com/packs/js/1191-ab9c9b0a663f542b5cba.js:1
[  107232ms] [INFO] Connecting to 'https://exchange.alkimi-onboarding.com/bid?prebid=true' violates the following Content Security Policy directive: "connect-src https://accounts.google.com/gsi/". The policy is report-only, so the violation has been logged but no further action has been taken. @ https://static.coingecko.com/packs/js/1191-ab9c9b0a663f542b5cba.js:1
[  107235ms] [INFO] Connecting to 'https://fastlane.rubiconproject.com/a/api/fastlane.json?account_id=24830&site_id=439624&zone_id=3142092&size_id=2&alt_size_ids=55&p_pos=atf&eid_id5-sync.com=ID5*EcpkIa26FtOl5bWiBrfcRR0swMMvndyV_yCQ25Bb-yP__2oFdANaAAEBCmoFcyMAq-3tGIEisnS1BX7pvNnqmw%5E1%5E%5E%5E%5E%5E&eid_pubcid.org=8f6a0700-e367-4229-beac-8c6c56450e99%5E1%5E%5E%5E%5E%5E&eid_adserver.org=629dbbcd-2bf6-4aa7-a402-401d07ad055a%5E1%5E%5Eadserver.org%5Eadserver.org%5E4%5ETDID&rf=https%3A%2F%2Fwww.coingecko.com%2F&tg_i.domain=coingecko.com&tg_i.pa..._screen_res=1280x720&rp_secure=1&x_imp.ext.tid=9839dd06-8785-4825-a27d-952e2ae87ff5&rp_hard_floor=0.0125&p_gpid=%2F22743369056%2FCoinGecko_S2S_Leaderboard_ATF_ROS&m_ch_arch=x86&m_ch_ua=%22Chromium%22%7Cv%3D%22148%22%2C%22Google%20Chrome%22%7Cv%3D%22148%22%2C%22Not%2FA)Brand%22%7Cv%3D%2299%22&m_ch_full_ver=%22Chromium%22%7Cv%3D%22148.0.7778.96%22%2C%22Google%20Chrome%22%7Cv%3D%22148.0.7778.96%22%2C%22Not%2FA)Brand%22%7Cv%3D%2299.0.0.0%22&m_ch_mobile=%3F0&m_ch_platform=Linux&slots=1&rand=0.07373054286369185' violates the following Content Security Policy directive: "connect-src https://accounts.google.com/gsi/". The policy is report-only, so the violation has been logged but no further action has been taken. @ https://static.coingecko.com/packs/js/1191-ab9c9b0a663f542b5cba.js:1
[  107236ms] [INFO] Connecting to 'https://fastlane.rubiconproject.com/a/api/fastlane.json?account_id=24830&site_id=439624&zone_id=3142092&size_id=2&alt_size_ids=55&p_pos=atf&eid_id5-sync.com=ID5*EcpkIa26FtOl5bWiBrfcRR0swMMvndyV_yCQ25Bb-yP__2oFdANaAAEBCmoFcyMAq-3tGIEisnS1BX7pvNnqmw%5E1%5E%5E%5E%5E%5E&eid_pubcid.org=8f6a0700-e367-4229-beac-8c6c56450e99%5E1%5E%5E%5E%5E%5E&eid_adserver.org=629dbbcd-2bf6-4aa7-a402-401d07ad055a%5E1%5E%5Eadserver.org%5Eadserver.org%5E4%5ETDID&rf=https%3A%2F%2Fwww.coingecko.com%2F&tg_i.domain=coingecko.com&tg_i.pa..._screen_res=1280x720&rp_secure=1&x_imp.ext.tid=9839dd06-8785-4825-a27d-952e2ae87ff5&rp_hard_floor=0.0125&p_gpid=%2F22743369056%2FCoinGecko_S2S_Leaderboard_ATF_ROS&m_ch_arch=x86&m_ch_ua=%22Chromium%22%7Cv%3D%22148%22%2C%22Google%20Chrome%22%7Cv%3D%22148%22%2C%22Not%2FA)Brand%22%7Cv%3D%2299%22&m_ch_full_ver=%22Chromium%22%7Cv%3D%22148.0.7778.96%22%2C%22Google%20Chrome%22%7Cv%3D%22148.0.7778.96%22%2C%22Not%2FA)Brand%22%7Cv%3D%2299.0.0.0%22&m_ch_mobile=%3F0&m_ch_platform=Linux&slots=1&rand=0.07373054286369185' violates the following Content Security Policy directive: "connect-src https://accounts.google.com/gsi/". The policy is report-only, so the violation has been logged but no further action has been taken. @ https://static.coingecko.com/packs/js/1191-ab9c9b0a663f542b5cba.js:1
[  107239ms] [INFO] Connecting to 'https://mweb-hb.presage.io/api/header-bidding-request' violates the following Content Security Policy directive: "connect-src https://accounts.google.com/gsi/". The policy is report-only, so the violation has been logged but no further action has been taken. @ https://static.coingecko.com/packs/js/1191-ab9c9b0a663f542b5cba.js:1
[  107239ms] [INFO] Connecting to 'https://mweb-hb.presage.io/api/header-bidding-request' violates the following Content Security Policy directive: "connect-src https://accounts.google.com/gsi/". The policy is report-only, so the violation has been logged but no further action has been taken. @ https://static.coingecko.com/packs/js/1191-ab9c9b0a663f542b5cba.js:1
[  107241ms] [INFO] Connecting to 'https://api.hypelab.com/v1/prebid_requests' violates the following Content Security Policy directive: "connect-src https://accounts.google.com/gsi/". The policy is report-only, so the violation has been logged but no further action has been taken. @ https://static.coingecko.com/packs/js/1191-ab9c9b0a663f542b5cba.js:1
[  107242ms] [INFO] Connecting to 'https://api.hypelab.com/v1/prebid_requests' violates the following Content Security Policy directive: "connect-src https://accounts.google.com/gsi/". The policy is report-only, so the violation has been logged but no further action has been taken. @ https://static.coingecko.com/packs/js/1191-ab9c9b0a663f542b5cba.js:1
[  107244ms] [INFO] Connecting to 'https://btlr.sharethrough.com/universal/v1?supply_id=WYu2BXv1' violates the following Content Security Policy directive: "connect-src https://accounts.google.com/gsi/". The policy is report-only, so the violation has been logged but no further action has been taken. @ https://static.coingecko.com/packs/js/1191-ab9c9b0a663f542b5cba.js:1
[  107244ms] [INFO] Connecting to 'https://btlr.sharethrough.com/universal/v1?supply_id=WYu2BXv1' violates the following Content Security Policy directive: "connect-src https://accounts.google.com/gsi/". The policy is report-only, so the violation has been logged but no further action has been taken. @ https://static.coingecko.com/packs/js/1191-ab9c9b0a663f542b5cba.js:1
[  107245ms] [INFO] Connecting to 'https://btlr.sharethrough.com/universal/v1?supply_id=WYu2BXv1' violates the following Content Security Policy directive: "connect-src https://accounts.google.com/gsi/". The policy is report-only, so the violation has been logged but no further action has been taken. @ https://static.coingecko.com/packs/js/1191-ab9c9b0a663f542b5cba.js:1
[  107246ms] [INFO] Connecting to 'https://btlr.sharethrough.com/universal/v1?supply_id=WYu2BXv1' violates the following Content Security Policy directive: "connect-src https://accounts.google.com/gsi/". The policy is report-only, so the violation has been logged but no further action has been taken. @ https://static.coingecko.com/packs/js/1191-ab9c9b0a663f542b5cba.js:1
[  107248ms] [INFO] Connecting to 'https://prebid.loopmertb.com/' violates the following Content Security Policy directive: "connect-src https://accounts.google.com/gsi/". The policy is report-only, so the violation has been logged but no further action has been taken. @ https://static.coingecko.com/packs/js/1191-ab9c9b0a663f542b5cba.js:1
[  107248ms] [INFO] Connecting to 'https://prebid.loopmertb.com/' violates the following Content Security Policy directive: "connect-src https://accounts.google.com/gsi/". The policy is report-only, so the violation has been logged but no further action has been taken. @ https://static.coingecko.com/packs/js/1191-ab9c9b0a663f542b5cba.js:1
[  107250ms] [INFO] Connecting to 'https://s.seedtag.com/c/hb/bid' violates the following Content Security Policy directive: "connect-src https://accounts.google.com/gsi/". The policy is report-only, so the violation has been logged but no further action has been taken. @ https://static.coingecko.com/packs/js/1191-ab9c9b0a663f542b5cba.js:1
[  107251ms] [INFO] Connecting to 'https://s.seedtag.com/c/hb/bid' violates the following Content Security Policy directive: "connect-src https://accounts.google.com/gsi/". The policy is report-only, so the violation has been logged but no further action has been taken. @ https://static.coingecko.com/packs/js/1191-ab9c9b0a663f542b5cba.js:1
[  107252ms] [INFO] Connecting to 'https://tlx.3lift.com/header/auction?lib=prebid&v=9.53.5&referrer=https%3A%2F%2Fwww.coingecko.com%2F&tmax=2000' violates the following Content Security Policy directive: "connect-src https://accounts.google.com/gsi/". The policy is report-only, so the violation has been logged but no further action has been taken. @ https://static.coingecko.com/packs/js/1191-ab9c9b0a663f542b5cba.js:1
[  107253ms] [INFO] Connecting to 'https://tlx.3lift.com/header/auction?lib=prebid&v=9.53.5&referrer=https%3A%2F%2Fwww.coingecko.com%2F&tmax=2000' violates the following Content Security Policy directive: "connect-src https://accounts.google.com/gsi/". The policy is report-only, so the violation has been logged but no further action has been taken. @ https://static.coingecko.com/packs/js/1191-ab9c9b0a663f542b5cba.js:1
[  107255ms] [INFO] Connecting to 'https://prg-apac.smartadserver.com/prebid/v1' violates the following Content Security Policy directive: "connect-src https://accounts.google.com/gsi/". The policy is report-only, so the violation has been logged but no further action has been taken. @ https://static.coingecko.com/packs/js/1191-ab9c9b0a663f542b5cba.js:1
[  107255ms] [INFO] Connecting to 'https://prg-apac.smartadserver.com/prebid/v1' violates the following Content Security Policy directive: "connect-src https://accounts.google.com/gsi/". The policy is report-only, so the violation has been logged but no further action has been taken. @ https://static.coingecko.com/packs/js/1191-ab9c9b0a663f542b5cba.js:1
[  107256ms] [INFO] Connecting to 'https://prg-apac.smartadserver.com/prebid/v1' violates the following Content Security Policy directive: "connect-src https://accounts.google.com/gsi/". The policy is report-only, so the violation has been logged but no further action has been taken. @ https://static.coingecko.com/packs/js/1191-ab9c9b0a663f542b5cba.js:1
[  107257ms] [INFO] Connecting to 'https://prg-apac.smartadserver.com/prebid/v1' violates the following Content Security Policy directive: "connect-src https://accounts.google.com/gsi/". The policy is report-only, so the violation has been logged but no further action has been taken. @ https://static.coingecko.com/packs/js/1191-ab9c9b0a663f542b5cba.js:1
[  107261ms] [INFO] Connecting to 'https://req.adx.ws/prebid' violates the following Content Security Policy directive: "connect-src https://accounts.google.com/gsi/". The policy is report-only, so the violation has been logged but no further action has been taken. @ https://static.coingecko.com/packs/js/1191-ab9c9b0a663f542b5cba.js:1
[  107262ms] [INFO] Connecting to 'https://req.adx.ws/prebid' violates the following Content Security Policy directive: "connect-src https://accounts.google.com/gsi/". The policy is report-only, so the violation has been logged but no further action has been taken. @ https://static.coingecko.com/packs/js/1191-ab9c9b0a663f542b5cba.js:1
[  107263ms] [INFO] Connecting to 'https://req.adx.ws/prebid' violates the following Content Security Policy directive: "connect-src https://accounts.google.com/gsi/". The policy is report-only, so the violation has been logged but no further action has been taken. @ https://static.coingecko.com/packs/js/1191-ab9c9b0a663f542b5cba.js:1
[  107263ms] [INFO] Connecting to 'https://req.adx.ws/prebid' violates the following Content Security Policy directive: "connect-src https://accounts.google.com/gsi/". The policy is report-only, so the violation has been logged but no further action has been taken. @ https://static.coingecko.com/packs/js/1191-ab9c9b0a663f542b5cba.js:1
[  107265ms] [INFO] Connecting to 'https://apps-pbd.ctraffic.io/pb/tmp' violates the following Content Security Policy directive: "connect-src https://accounts.google.com/gsi/". The policy is report-only, so the violation has been logged but no further action has been taken. @ https://static.coingecko.com/packs/js/1191-ab9c9b0a663f542b5cba.js:1
[  107266ms] [INFO] Connecting to 'https://apps-pbd.ctraffic.io/pb/tmp' violates the following Content Security Policy directive: "connect-src https://accounts.google.com/gsi/". The policy is report-only, so the violation has been logged but no further action has been taken. @ https://static.coingecko.com/packs/js/1191-ab9c9b0a663f542b5cba.js:1
[  107267ms] [INFO] Connecting to 'https://apps-pbd.ctraffic.io/pb/tmp' violates the following Content Security Policy directive: "connect-src https://accounts.google.com/gsi/". The policy is report-only, so the violation has been logged but no further action has been taken. @ https://static.coingecko.com/packs/js/1191-ab9c9b0a663f542b5cba.js:1
[  107267ms] [INFO] Connecting to 'https://apps-pbd.ctraffic.io/pb/tmp' violates the following Content Security Policy directive: "connect-src https://accounts.google.com/gsi/". The policy is report-only, so the violation has been logged but no further action has been taken. @ https://static.coingecko.com/packs/js/1191-ab9c9b0a663f542b5cba.js:1
[  107292ms] [INFO] Connecting to 'https://hbopenbid.pubmatic.com/translator?source=prebid-client&gzip=1' violates the following Content Security Policy directive: "connect-src https://accounts.google.com/gsi/". The policy is report-only, so the violation has been logged but no further action has been taken. @ https://static.coingecko.com/packs/js/1191-ab9c9b0a663f542b5cba.js:1
[  107293ms] [INFO] Connecting to 'https://hbopenbid.pubmatic.com/translator?source=prebid-client&gzip=1' violates the following Content Security Policy directive: "connect-src https://accounts.google.com/gsi/". The policy is report-only, so the violation has been logged but no further action has been taken. @ https://static.coingecko.com/packs/js/1191-ab9c9b0a663f542b5cba.js:1
[  107306ms] [WARNING] [GPT] PubAdsService.setTargeting is deprecated, use googletag.setConfig({targeting: ...}) instead.
https://goo.gle/gpt-message#170 @ https://static.coingecko.com/packs/js/1191-ab9c9b0a663f542b5cba.js:1
[  107307ms] [WARNING] [GPT] Invalid arguments: PubAdsService.setTargeting('kevelcoin', null).
https://goo.gle/gpt-message#96 @ https://static.coingecko.com/packs/js/1191-ab9c9b0a663f542b5cba.js:1
[  107307ms] [WARNING] [GPT] Invalid arguments: PubAdsService.setTargeting('kevelchain', null).
https://goo.gle/gpt-message#96 @ https://static.coingecko.com/packs/js/1191-ab9c9b0a663f542b5cba.js:1
[  107307ms] [WARNING] [GPT] Invalid arguments: PubAdsService.setTargeting('kevelcategories', null).
https://goo.gle/gpt-message#96 @ https://static.coingecko.com/packs/js/1191-ab9c9b0a663f542b5cba.js:1
[  107308ms] [WARNING] [GPT] Invalid arguments: PubAdsService.setTargeting('keveldeveloper', null).
https://goo.gle/gpt-message#96 @ https://static.coingecko.com/packs/js/1191-ab9c9b0a663f542b5cba.js:1
[  108016ms] [WARNING] Failed to execute 'postMessage' on 'DOMWindow': The target origin provided ('https://challenges.cloudflare.com') does not match the recipient window's origin ('https://www.coingecko.com'). @ https://challenges.cloudflare.com/turnstile/v0/api.js:0
[  108130ms] [INFO] Evaluating a string as JavaScript violates the following Content Security Policy directive because 'unsafe-eval' is not an allowed source of script: "script-src https://accounts.google.com/gsi/client".
 The policy is report-only, so the violation has been logged but no further action has been taken. @ https://www.coingecko.com/tagmetrics/:4
[  108131ms] [INFO] Evaluating a string as JavaScript violates the following Content Security Policy directive because 'unsafe-eval' is not an allowed source of script: "script-src https://accounts.google.com/gsi/client".
 The policy is report-only, so the violation has been logged but no further action has been taken. @ https://www.coingecko.com/tagmetrics/:4
[  108132ms] [INFO] Evaluating a string as JavaScript violates the following Content Security Policy directive because 'unsafe-eval' is not an allowed source of script: "script-src https://accounts.google.com/gsi/client".
 The policy is report-only, so the violation has been logged but no further action has been taken. @ https://www.coingecko.com/tagmetrics/:4
[  108133ms] [INFO] Evaluating a string as JavaScript violates the following Content Security Policy directive because 'unsafe-eval' is not an allowed source of script: "script-src https://accounts.google.com/gsi/client".
 The policy is report-only, so the violation has been logged but no further action has been taken. @ https://www.coingecko.com/tagmetrics/:4
[  108133ms] [INFO] Evaluating a string as JavaScript violates the following Content Security Policy directive because 'unsafe-eval' is not an allowed source of script: "script-src https://accounts.google.com/gsi/client".
 The policy is report-only, so the violation has been logged but no further action has been taken. @ https://www.coingecko.com/tagmetrics/:4
[  108134ms] [INFO] Evaluating a string as JavaScript violates the following Content Security Policy directive because 'unsafe-eval' is not an allowed source of script: "script-src https://accounts.google.com/gsi/client".
 The policy is report-only, so the violation has been logged but no further action has been taken. @ https://www.coingecko.com/tagmetrics/:4
[  108135ms] [INFO] Evaluating a string as JavaScript violates the following Content Security Policy directive because 'unsafe-eval' is not an allowed source of script: "script-src https://accounts.google.com/gsi/client".
 The policy is report-only, so the violation has been logged but no further action has been taken. @ https://www.coingecko.com/tagmetrics/:4
[  108135ms] [INFO] Evaluating a string as JavaScript violates the following Content Security Policy directive because 'unsafe-eval' is not an allowed source of script: "script-src https://accounts.google.com/gsi/client".
 The policy is report-only, so the violation has been logged but no further action has been taken. @ https://www.coingecko.com/tagmetrics/:4
[  108136ms] [INFO] Evaluating a string as JavaScript violates the following Content Security Policy directive because 'unsafe-eval' is not an allowed source of script: "script-src https://accounts.google.com/gsi/client".
 The policy is report-only, so the violation has been logged but no further action has been taken. @ https://www.coingecko.com/tagmetrics/:4
[  108137ms] [INFO] Evaluating a string as JavaScript violates the following Content Security Policy directive because 'unsafe-eval' is not an allowed source of script: "script-src https://accounts.google.com/gsi/client".
 The policy is report-only, so the violation has been logged but no further action has been taken. @ https://www.coingecko.com/tagmetrics/:4
[  108137ms] [INFO] Evaluating a string as JavaScript violates the following Content Security Policy directive because 'unsafe-eval' is not an allowed source of script: "script-src https://accounts.google.com/gsi/client".
 The policy is report-only, so the violation has been logged but no further action has been taken. @ https://www.coingecko.com/tagmetrics/:4
[  108138ms] [INFO] Evaluating a string as JavaScript violates the following Content Security Policy directive because 'unsafe-eval' is not an allowed source of script: "script-src https://accounts.google.com/gsi/client".
 The policy is report-only, so the violation has been logged but no further action has been taken. @ https://www.coingecko.com/tagmetrics/:4
[  108139ms] [INFO] Evaluating a string as JavaScript violates the following Content Security Policy directive because 'unsafe-eval' is not an allowed source of script: "script-src https://accounts.google.com/gsi/client".
 The policy is report-only, so the violation has been logged but no further action has been taken. @ https://www.coingecko.com/tagmetrics/:4
[  108140ms] [INFO] Evaluating a string as JavaScript violates the following Content Security Policy directive because 'unsafe-eval' is not an allowed source of script: "script-src https://accounts.google.com/gsi/client".
 The policy is report-only, so the violation has been logged but no further action has been taken. @ https://www.coingecko.com/tagmetrics/:4
[  108142ms] [INFO] Evaluating a string as JavaScript violates the following Content Security Policy directive because 'unsafe-eval' is not an allowed source of script: "script-src https://accounts.google.com/gsi/client".
 The policy is report-only, so the violation has been logged but no further action has been taken. @ https://www.coingecko.com/tagmetrics/:4
[  108916ms] [WARNING] Failed to execute 'postMessage' on 'DOMWindow': The target origin provided ('https://challenges.cloudflare.com') does not match the recipient window's origin ('https://www.coingecko.com'). @ https://challenges.cloudflare.com/turnstile/v0/api.js:0
[  109214ms] [WARNING] [GPT] Slot.setTargeting is deprecated, use Slot.setConfig({targeting: ...}) instead.
https://goo.gle/gpt-message#171 @ https://static.coingecko.com/packs/js/1191-ab9c9b0a663f542b5cba.js:1
[  109226ms] [INFO] Connecting to 'https://navvy.media.net/log' violates the following Content Security Policy directive: "connect-src https://accounts.google.com/gsi/". The policy is report-only, so the violation has been logged but no further action has been taken. @ https://static.coingecko.com/packs/js/1191-ab9c9b0a663f542b5cba.js:1
[  109227ms] [INFO] Connecting to 'https://navvy.media.net/log' violates the following Content Security Policy directive: "connect-src https://accounts.google.com/gsi/". The policy is report-only, so the violation has been logged but no further action has been taken. @ https://static.coingecko.com/packs/js/1191-ab9c9b0a663f542b5cba.js:1
[  109228ms] [INFO] Connecting to 'https://ms-ads-monitoring-events.presage.io/bid_timeout' violates the following Content Security Policy directive: "connect-src https://accounts.google.com/gsi/". The policy is report-only, so the violation has been logged but no further action has been taken. @ https://static.coingecko.com/packs/js/1191-ab9c9b0a663f542b5cba.js:1
[  109229ms] [INFO] Connecting to 'https://ms-ads-monitoring-events.presage.io/bid_timeout' violates the following Content Security Policy directive: "connect-src https://accounts.google.com/gsi/". The policy is report-only, so the violation has been logged but no further action has been taken. @ https://static.coingecko.com/packs/js/1191-ab9c9b0a663f542b5cba.js:1
[  109280ms] [INFO] Connecting to 'https://securepubads.g.doubleclick.net/gampad/ads?pvsid=2304977429536674&correlator=1200965742467278&eid=83323187&output=ldjh&gdfp_req=1&vrg=202605070101&ptt=17&impl=fifs&iu_parts=22743369056%2CCoinGecko_S2S_Leaderboard_ATF_ROS&enc_prev_ius=%2F0%2F1&prev_iu_szs=970x90%7C728x90&ifi=1&dids=a930018a-ce0b-4769-8e6e-17537f&adfs=3362913584&sfv=1-0-45&sc=1&cookie_enabled=1&abxe=1&dt=1778743938673&lmt=1778743938&adxs=22&adys=223&biw=1015&bih=538&scr_x=0&scr_y=0&btvi=0&ucis=1&oid=2&u_his=17&u_h=720&u_w=1280&u_ah=72...cml0ZW8uY29tGO6cmqviM0gAUgIIbw..&dlt=1778743934711&idt=2001&prev_scp=refreshIteration%3D0%26hb_bd%3D0%26hb_addef%3D0%26hb_acdef%3D0%26anh%3Dtrue&cust_params=wvr%3D3%26wie%3Dtop%26wrc%3Dfr%26ccp%3Dunknown%26sesdepth%3D3%26floortest%3Dfalse%252Cno%26pageType%3Dhomepage%26utm_source%3D%26utm_medium%3D%26utm_campaign%3D%26utm_term%3D%26utm_content%3D%26pbglobal%3Dasc%26tif%3Dtrue%26lui%3D1s&adks=872715706&frm=20&eoidce=1&gblpids=%2F22743369056%2FCoinGecko_S2S_Leaderboard_ATF_ROS&pb_szs=970x90%7C728x90&pbbce=1' violates the following Content Security Policy directive: "connect-src https://accounts.google.com/gsi/". The policy is report-only, so the violation has been logged but no further action has been taken. @ https://static.coingecko.com/packs/js/1191-ab9c9b0a663f542b5cba.js:1
[  109280ms] [INFO] Connecting to 'https://securepubads.g.doubleclick.net/gampad/ads?pvsid=2304977429536674&correlator=1200965742467278&eid=83323187&output=ldjh&gdfp_req=1&vrg=202605070101&ptt=17&impl=fifs&iu_parts=22743369056%2CCoinGecko_S2S_Leaderboard_ATF_ROS&enc_prev_ius=%2F0%2F1&prev_iu_szs=970x90%7C728x90&ifi=1&dids=a930018a-ce0b-4769-8e6e-17537f&adfs=3362913584&sfv=1-0-45&sc=1&cookie_enabled=1&abxe=1&dt=1778743938673&lmt=1778743938&adxs=22&adys=223&biw=1015&bih=538&scr_x=0&scr_y=0&btvi=0&ucis=1&oid=2&u_his=17&u_h=720&u_w=1280&u_ah=72...cml0ZW8uY29tGO6cmqviM0gAUgIIbw..&dlt=1778743934711&idt=2001&prev_scp=refreshIteration%3D0%26hb_bd%3D0%26hb_addef%3D0%26hb_acdef%3D0%26anh%3Dtrue&cust_params=wvr%3D3%26wie%3Dtop%26wrc%3Dfr%26ccp%3Dunknown%26sesdepth%3D3%26floortest%3Dfalse%252Cno%26pageType%3Dhomepage%26utm_source%3D%26utm_medium%3D%26utm_campaign%3D%26utm_term%3D%26utm_content%3D%26pbglobal%3Dasc%26tif%3Dtrue%26lui%3D1s&adks=872715706&frm=20&eoidce=1&gblpids=%2F22743369056%2FCoinGecko_S2S_Leaderboard_ATF_ROS&pb_szs=970x90%7C728x90&pbbce=1' violates the following Content Security Policy directive: "connect-src https://accounts.google.com/gsi/". The policy is report-only, so the violation has been logged but no further action has been taken. @ https://static.coingecko.com/packs/js/1191-ab9c9b0a663f542b5cba.js:1
[  109303ms] [ERROR] Framing 'https://cm.g.doubleclick.net/' violates the following report-only Content Security Policy directive: "frame-src https://accounts.google.com/gsi/". The violation has been logged, but no further action has been taken.
 @ https://securepubads.g.doubleclick.net/:0
[  109309ms] [ERROR] Framing 'https://77030616b00a29959117921ee5a6aa0e.safeframe.googlesyndication.com/' violates the following report-only Content Security Policy directive: "frame-src https://accounts.google.com/gsi/". The violation has been logged, but no further action has been taken.
 @ https://securepubads.g.doubleclick.net/:0
[  109396ms] [ERROR] Framing 'https://cm.g.doubleclick.net/' violates the following report-only Content Security Policy directive: "frame-src https://accounts.google.com/gsi/". The violation has been logged, but no further action has been taken.
 @ https://securepubads.g.doubleclick.net/:0
[  109456ms] [ERROR] Framing 'https://77030616b00a29959117921ee5a6aa0e.safeframe.googlesyndication.com/' violates the following report-only Content Security Policy directive: "frame-src https://accounts.google.com/gsi/". The violation has been logged, but no further action has been taken.
 @ https://securepubads.g.doubleclick.net/:0
[  109914ms] [WARNING] Failed to execute 'postMessage' on 'DOMWindow': The target origin provided ('https://challenges.cloudflare.com') does not match the recipient window's origin ('https://www.coingecko.com'). @ https://challenges.cloudflare.com/turnstile/v0/api.js:0
[  110297ms] [ERROR] Framing 'https://challenges.cloudflare.com/' violates the following report-only Content Security Policy directive: "frame-src https://accounts.google.com/gsi/". The violation has been logged, but no further action has been taken.
 @ https://challenges.cloudflare.com/:0
[  111090ms] [WARNING] Failed to parse audio contentType: audio/mp4; codecs=ac-3 @ https://challenges.cloudflare.com/cdn-cgi/challenge-platform/h/b/turnstile/f/ov2/av0/rch/1lv7s/0x4AAAAAABkuQIhLBgY-YxvO/auto/fbE/new/normal?lang=auto:0
[  111091ms] [WARNING] Failed to parse audio contentType: audio/mp4; codecs=ec-3 @ https://challenges.cloudflare.com/cdn-cgi/challenge-platform/h/b/turnstile/f/ov2/av0/rch/1lv7s/0x4AAAAAABkuQIhLBgY-YxvO/auto/fbE/new/normal?lang=auto:0
[  111094ms] [WARNING] Invalid (ambiguous) video codec string: video/webm; codecs=vp9 @ https://challenges.cloudflare.com/cdn-cgi/challenge-platform/h/b/turnstile/f/ov2/av0/rch/1lv7s/0x4AAAAAABkuQIhLBgY-YxvO/auto/fbE/new/normal?lang=auto:0
[  111094ms] [WARNING] Failed to parse video contentType: video/ogg; codecs=theora @ https://challenges.cloudflare.com/cdn-cgi/challenge-platform/h/b/turnstile/f/ov2/av0/rch/1lv7s/0x4AAAAAABkuQIhLBgY-YxvO/auto/fbE/new/normal?lang=auto:0
[  111147ms] [INFO] Connecting to 'https://www.coingecko.com/undefined' violates the following Content Security Policy directive: "connect-src https://accounts.google.com/gsi/". The policy is report-only, so the violation has been logged but no further action has been taken. @ https://static.coingecko.com/packs/js/1191-ab9c9b0a663f542b5cba.js:1
[  111147ms] [INFO] Connecting to 'https://www.coingecko.com/undefined' violates the following Content Security Policy directive: "connect-src https://accounts.google.com/gsi/". The policy is report-only, so the violation has been logged but no further action has been taken. @ https://static.coingecko.com/packs/js/1191-ab9c9b0a663f542b5cba.js:1
[  111423ms] [ERROR] Permissions policy violation: xr-spatial-tracking is not allowed in this document. @ https://challenges.cloudflare.com/cdn-cgi/challenge-platform/h/b/turnstile/f/ov2/av0/rch/1lv7s/0x4AAAAAABkuQIhLBgY-YxvO/auto/fbE/new/normal?lang=auto:0
[  111424ms] [ERROR] Permissions policy violation: xr-spatial-tracking is not allowed in this document. @ https://challenges.cloudflare.com/cdn-cgi/challenge-platform/h/b/turnstile/f/ov2/av0/rch/1lv7s/0x4AAAAAABkuQIhLBgY-YxvO/auto/fbE/new/normal?lang=auto:0
[  111589ms] [ERROR] Failed to load resource: the server responded with a status of 404 () @ https://www.coingecko.com/undefined:0
[  111670ms] Uncaught (in promise) TypeError: r is not a function
    at <anonymous> (https://adtech.coingecko.com/ascendeum/pub/asc.coingecko.js:8:138000)
[  111778ms] [INFO] Connecting to 'https://www.coingecko.com/tagmetrics/ag/g/c?v=2&tid=G-LJR3232ZPB&gtm=45g92e65c0v888113550za20kzb852934946zd852934946&_p=1778743936199&gcd=13l3l3l3l1l1&npa=0&dma=0&gdid=dY2E1Nz.dNzQzZD&_eu=AAAAAGQC&_uip=%3A%3A&are=1&cid=1683176636.1778742273&fp=1&frm=0&pscdl=noapi&rcb=18&sr=1280x720&uaa=x86&uab=64&uafvl=Chromium%3B148.0.7778.96%7CGoogle%2520Chrome%3B148.0.7778.96%7CNot%252FA)Brand%3B99.0.0.0&uam=&uamb=0&uap=Linux&uapv=&uaw=0&ul=en-gb&ur=TH-82&_gsid=4eSkOfbPx2sx7Z4m0-XzJn5uChG9jXW63w&gaf=2&_s=2&tag_exp=0~115616985~115938466~115938469&sid=1778742273&sct=1&seg=1&dl=https%3A%2F%2Fwww.coingecko.com%2F&dr=https%3A%2F%2Fwww.coingecko.com%2Faccount%2Fsign_in&dt=Cryptocurrency%20Prices%2C%20Charts%2C%20and%20Crypto%20Market%20Cap%20%7C%20CoinGecko&en=user_engagement&gap.gtb=2&_et=4917&tfd=8559' violates the following Content Security Policy directive: "connect-src https://accounts.google.com/gsi/". The policy is report-only, so the violation has been logged but no further action has been taken. @ https://static.coingecko.com/packs/js/1191-ab9c9b0a663f542b5cba.js:1
[  111778ms] [INFO] Connecting to 'https://www.coingecko.com/tagmetrics/ag/g/c?v=2&tid=G-LJR3232ZPB&gtm=45g92e65c0v888113550za20kzb852934946zd852934946&_p=1778743936199&gcd=13l3l3l3l1l1&npa=0&dma=0&gdid=dY2E1Nz.dNzQzZD&_eu=AAAAAGQC&_uip=%3A%3A&are=1&cid=1683176636.1778742273&fp=1&frm=0&pscdl=noapi&rcb=18&sr=1280x720&uaa=x86&uab=64&uafvl=Chromium%3B148.0.7778.96%7CGoogle%2520Chrome%3B148.0.7778.96%7CNot%252FA)Brand%3B99.0.0.0&uam=&uamb=0&uap=Linux&uapv=&uaw=0&ul=en-gb&ur=TH-82&_gsid=4eSkOfbPx2sx7Z4m0-XzJn5uChG9jXW63w&gaf=2&_s=2&tag_exp=0~115616985~115938466~115938469&sid=1778742273&sct=1&seg=1&dl=https%3A%2F%2Fwww.coingecko.com%2F&dr=https%3A%2F%2Fwww.coingecko.com%2Faccount%2Fsign_in&dt=Cryptocurrency%20Prices%2C%20Charts%2C%20and%20Crypto%20Market%20Cap%20%7C%20CoinGecko&en=user_engagement&gap.gtb=2&_et=4917&tfd=8559' violates the following Content Security Policy directive: "connect-src https://accounts.google.com/gsi/". The policy is report-only, so the violation has been logged but no further action has been taken. @ https://static.coingecko.com/packs/js/1191-ab9c9b0a663f542b5cba.js:1
[  111779ms] [INFO] Connecting to 'https://www.coingecko.com/cdn-cgi/rum?' violates the following Content Security Policy directive: "connect-src https://accounts.google.com/gsi/". The policy is report-only, so the violation has been logged but no further action has been taken. @ https://static.coingecko.com/packs/js/1191-ab9c9b0a663f542b5cba.js:1
[  111795ms] [INFO] Connecting to 'https://navvy.media.net/log' violates the following Content Security Policy directive: "connect-src https://accounts.google.com/gsi/". The policy is report-only, so the violation has been logged but no further action has been taken. @ https://static.coingecko.com/packs/js/1191-ab9c9b0a663f542b5cba.js:1
[  111796ms] [INFO] Connecting to 'https://navvy.media.net/log' violates the following Content Security Policy directive: "connect-src https://accounts.google.com/gsi/". The policy is report-only, so the violation has been logged but no further action has been taken. @ https://static.coingecko.com/packs/js/1191-ab9c9b0a663f542b5cba.js:1
[  111818ms] [INFO] Executing inline script violates the following Content Security Policy directive 'script-src https://accounts.google.com/gsi/client'. Either the 'unsafe-inline' keyword, a hash ('sha256-Bvjd7UUJtZwH3c3N9YUnR/Y9mebgeUfCsngi1EtCZ84='), or a nonce ('nonce-...') is required to enable inline execution. The policy is report-only, so the violation has been logged but no further action has been taken. @ https://www.coingecko.com/account/sign_in:2
[  111818ms] [INFO] Executing inline script violates the following Content Security Policy directive 'script-src https://accounts.google.com/gsi/client'. Either the 'unsafe-inline' keyword, a hash ('sha256-GVGRYraf54EBppgsnlW+l/hSVmw3H1csr2K9zrCyUec='), or a nonce ('nonce-...') is required to enable inline execution. The policy is report-only, so the violation has been logged but no further action has been taken. @ https://www.coingecko.com/account/sign_in:3
[  111818ms] [INFO] Loading the script 'https://www.coingecko.com/tagmetrics/' violates the following Content Security Policy directive: "script-src https://accounts.google.com/gsi/client". Note that 'script-src-elem' was not explicitly set, so 'script-src' is used as a fallback. The policy is report-only, so the violation has been logged but no further action has been taken. @ https://www.coingecko.com/account/sign_in:6
[  111819ms] [INFO] Loading the script 'https://cdn-apac.onetrust.com/scripttemplates/otSDKStub.js' violates the following Content Security Policy directive: "script-src https://accounts.google.com/gsi/client". Note that 'script-src-elem' was not explicitly set, so 'script-src' is used as a fallback. The policy is report-only, so the violation has been logged but no further action has been taken. @ https://www.coingecko.com/account/sign_in:0
[  111819ms] [INFO] Executing inline script violates the following Content Security Policy directive 'script-src https://accounts.google.com/gsi/client'. Either the 'unsafe-inline' keyword, a hash ('sha256-dhE3t0rfyP2cYB9NxDMoZtVoOVoNReX28cgygNw/dYQ='), or a nonce ('nonce-...') is required to enable inline execution. The policy is report-only, so the violation has been logged but no further action has been taken. @ https://www.coingecko.com/account/sign_in:25
[  111819ms] [INFO] Loading the script 'https://challenges.cloudflare.com/turnstile/v0/api.js' violates the following Content Security Policy directive: "script-src https://accounts.google.com/gsi/client". Note that 'script-src-elem' was not explicitly set, so 'script-src' is used as a fallback. The policy is report-only, so the violation has been logged but no further action has been taken. @ https://www.coingecko.com/account/sign_in:0
[  111821ms] [INFO] Loading the script 'https://static.coingecko.com/packs/js/runtime-007e64bd8755c17dfc96.js' violates the following Content Security Policy directive: "script-src https://accounts.google.com/gsi/client". Note that 'script-src-elem' was not explicitly set, so 'script-src' is used as a fallback. The policy is report-only, so the violation has been logged but no further action has been taken. @ https://www.coingecko.com/account/sign_in:0
[  111821ms] [INFO] Loading the script 'https://static.coingecko.com/packs/js/2692-b6b29f07c373d136299b.js' violates the following Content Security Policy directive: "script-src https://accounts.google.com/gsi/client". Note that 'script-src-elem' was not explicitly set, so 'script-src' is used as a fallback. The policy is report-only, so the violation has been logged but no further action has been taken. @ https://www.coingecko.com/account/sign_in:0
[  111821ms] [INFO] Loading the script 'https://static.coingecko.com/packs/js/i18n-a7d3fff0ac743d8e7d9f.js' violates the following Content Security Policy directive: "script-src https://accounts.google.com/gsi/client". Note that 'script-src-elem' was not explicitly set, so 'script-src' is used as a fallback. The policy is report-only, so the violation has been logged but no further action has been taken. @ https://www.coingecko.com/account/sign_in:0
[  111821ms] [INFO] Loading the script 'https://static.coingecko.com/packs/js/translations/en-60e0743c703773a6d55c.js' violates the following Content Security Policy directive: "script-src https://accounts.google.com/gsi/client". Note that 'script-src-elem' was not explicitly set, so 'script-src' is used as a fallback. The policy is report-only, so the violation has been logged but no further action has been taken. @ https://www.coingecko.com/account/sign_in:0
[  111821ms] [INFO] Loading the script 'https://static.coingecko.com/packs/js/6234-ecff09f798c4afa44a78.js' violates the following Content Security Policy directive: "script-src https://accounts.google.com/gsi/client". Note that 'script-src-elem' was not explicitly set, so 'script-src' is used as a fallback. The policy is report-only, so the violation has been logged but no further action has been taken. @ https://www.coingecko.com/account/sign_in:0
[  111821ms] [INFO] Loading the script 'https://static.coingecko.com/packs/js/2386-f541811081397587585b.js' violates the following Content Security Policy directive: "script-src https://accounts.google.com/gsi/client". Note that 'script-src-elem' was not explicitly set, so 'script-src' is used as a fallback. The policy is report-only, so the violation has been logged but no further action has been taken. @ https://www.coingecko.com/account/sign_in:0
[  111821ms] [INFO] Loading the script 'https://static.coingecko.com/packs/js/5973-5e1a3da49a89ba298fb2.js' violates the following Content Security Policy directive: "script-src https://accounts.google.com/gsi/client". Note that 'script-src-elem' was not explicitly set, so 'script-src' is used as a fallback. The policy is report-only, so the violation has been logged but no further action has been taken. @ https://www.coingecko.com/account/sign_in:0
[  111821ms] [INFO] Loading the script 'https://static.coingecko.com/packs/js/5316-8f5a8ec3588fa6577425.js' violates the following Content Security Policy directive: "script-src https://accounts.google.com/gsi/client". Note that 'script-src-elem' was not explicitly set, so 'script-src' is used as a fallback. The policy is report-only, so the violation has been logged but no further action has been taken. @ https://www.coingecko.com/account/sign_in:0
[  111821ms] [INFO] Loading the script 'https://static.coingecko.com/packs/js/4052-6b094d4ef060a0ce058d.js' violates the following Content Security Policy directive: "script-src https://accounts.google.com/gsi/client". Note that 'script-src-elem' was not explicitly set, so 'script-src' is used as a fallback. The policy is report-only, so the violation has been logged but no further action has been taken. @ https://www.coingecko.com/account/sign_in:0
[  111822ms] [INFO] Loading the script 'https://static.coingecko.com/packs/js/4759-bb3da86498f0a5fd0910.js' violates the following Content Security Policy directive: "script-src https://accounts.google.com/gsi/client". Note that 'script-src-elem' was not explicitly set, so 'script-src' is used as a fallback. The policy is report-only, so the violation has been logged but no further action has been taken. @ https://www.coingecko.com/account/sign_in:0
[  111822ms] [INFO] Loading the script 'https://static.coingecko.com/packs/js/1374-20204fbbc4fa1b667b6f.js' violates the following Content Security Policy directive: "script-src https://accounts.google.com/gsi/client". Note that 'script-src-elem' was not explicitly set, so 'script-src' is used as a fallback. The policy is report-only, so the violation has been logged but no further action has been taken. @ https://www.coingecko.com/account/sign_in:0
[  111822ms] [INFO] Loading the script 'https://static.coingecko.com/packs/js/3337-b6dd051dee8afdfa1248.js' violates the following Content Security Policy directive: "script-src https://accounts.google.com/gsi/client". Note that 'script-src-elem' was not explicitly set, so 'script-src' is used as a fallback. The policy is report-only, so the violation has been logged but no further action has been taken. @ https://www.coingecko.com/account/sign_in:0
[  111822ms] [INFO] Loading the script 'https://static.coingecko.com/packs/js/4089-2d7a15cd0d9e343946fc.js' violates the following Content Security Policy directive: "script-src https://accounts.google.com/gsi/client". Note that 'script-src-elem' was not explicitly set, so 'script-src' is used as a fallback. The policy is report-only, so the violation has been logged but no further action has been taken. @ https://www.coingecko.com/account/sign_in:0
[  111822ms] [INFO] Loading the script 'https://static.coingecko.com/packs/js/1191-ab9c9b0a663f542b5cba.js' violates the following Content Security Policy directive: "script-src https://accounts.google.com/gsi/client". Note that 'script-src-elem' was not explicitly set, so 'script-src' is used as a fallback. The policy is report-only, so the violation has been logged but no further action has been taken. @ https://www.coingecko.com/account/sign_in:0
[  111822ms] [INFO] Loading the script 'https://static.coingecko.com/packs/js/3722-e74585e755b0c03bbab2.js' violates the following Content Security Policy directive: "script-src https://accounts.google.com/gsi/client". Note that 'script-src-elem' was not explicitly set, so 'script-src' is used as a fallback. The policy is report-only, so the violation has been logged but no further action has been taken. @ https://www.coingecko.com/account/sign_in:0
[  111822ms] [INFO] Loading the script 'https://static.coingecko.com/packs/js/7754-5554b85bb7d8b220f3d4.js' violates the following Content Security Policy directive: "script-src https://accounts.google.com/gsi/client". Note that 'script-src-elem' was not explicitly set, so 'script-src' is used as a fallback. The policy is report-only, so the violation has been logged but no further action has been taken. @ https://www.coingecko.com/account/sign_in:0
[  111822ms] [INFO] Loading the script 'https://static.coingecko.com/packs/js/1626-652e5ce588e3baabf234.js' violates the following Content Security Policy directive: "script-src https://accounts.google.com/gsi/client". Note that 'script-src-elem' was not explicitly set, so 'script-src' is used as a fallback. The policy is report-only, so the violation has been logged but no further action has been taken. @ https://www.coingecko.com/account/sign_in:0
[  111822ms] [INFO] Loading the script 'https://static.coingecko.com/packs/js/7815-97e81a7288b4e169337a.js' violates the following Content Security Policy directive: "script-src https://accounts.google.com/gsi/client". Note that 'script-src-elem' was not explicitly set, so 'script-src' is used as a fallback. The policy is report-only, so the violation has been logged but no further action has been taken. @ https://www.coingecko.com/account/sign_in:0
[  111822ms] [INFO] Loading the script 'https://static.coingecko.com/packs/js/v2/application-aa420b820e205c93eb1a.js' violates the following Content Security Policy directive: "script-src https://accounts.google.com/gsi/client". Note that 'script-src-elem' was not explicitly set, so 'script-src' is used as a fallback. The policy is report-only, so the violation has been logged but no further action has been taken. @ https://www.coingecko.com/account/sign_in:0
[  111822ms] [INFO] Loading the script 'https://static.coingecko.com/packs/js/6403-8d4dfed3d6ced3ed44ec.js' violates the following Content Security Policy directive: "script-src https://accounts.google.com/gsi/client". Note that 'script-src-elem' was not explicitly set, so 'script-src' is used as a fallback. The policy is report-only, so the violation has been logged but no further action has been taken. @ https://www.coingecko.com/account/sign_in:0
[  111822ms] [INFO] Loading the script 'https://static.coingecko.com/packs/js/v2/pages/account-ca5b765b9596d85b0410.js' violates the following Content Security Policy directive: "script-src https://accounts.google.com/gsi/client". Note that 'script-src-elem' was not explicitly set, so 'script-src' is used as a fallback. The policy is report-only, so the violation has been logged but no further action has been taken. @ https://www.coingecko.com/account/sign_in:0
[  111822ms] [INFO] Loading the script 'https://static.cloudflareinsights.com/beacon.min.js/v8c78df7c7c0f484497ecbca7046644da1771523124516' violates the following Content Security Policy directive: "script-src https://accounts.google.com/gsi/client". Note that 'script-src-elem' was not explicitly set, so 'script-src' is used as a fallback. The policy is report-only, so the violation has been logged but no further action has been taken. @ https://www.coingecko.com/account/sign_in:0
[  111823ms] [INFO] Executing inline event handler violates the following Content Security Policy directive 'script-src https://accounts.google.com/gsi/client'. Either the 'unsafe-inline' keyword, a hash ('sha256-...'), or a nonce ('nonce-...') is required to enable inline execution. Note that hashes do not apply to event handlers, style attributes and javascript: navigations unless the 'unsafe-hashes' keyword is present. The policy is report-only, so the violation has been logged but no further action has been taken. @ https://www.coingecko.com/account/sign_in:343
[  111825ms] [INFO] Connecting to 'https://cdn-apac.onetrust.com/consent/49e8a847-f2c7-4b58-a340-caf0924064fe/49e8a847-f2c7-4b58-a340-caf0924064fe.json' violates the following Content Security Policy directive: "connect-src https://accounts.google.com/gsi/". The policy is report-only, so the violation has been logged but no further action has been taken. @ https://cdn-apac.onetrust.com/scripttemplates/otSDKStub.js:0
[  111835ms] [INFO] Evaluating a string as JavaScript violates the following Content Security Policy directive because 'unsafe-eval' is not an allowed source of script: "script-src https://accounts.google.com/gsi/client".
 The policy is report-only, so the violation has been logged but no further action has been taken. @ https://static.coingecko.com/packs/js/4759-bb3da86498f0a5fd0910.js:0
[  111835ms] [INFO] Evaluating a string as JavaScript violates the following Content Security Policy directive because 'unsafe-eval' is not an allowed source of script: "script-src https://accounts.google.com/gsi/client".
 The policy is report-only, so the violation has been logged but no further action has been taken. @ https://static.coingecko.com/packs/js/4759-bb3da86498f0a5fd0910.js:0
[  111846ms] [INFO] Connecting to 'wss://cables.coingecko.com/cable' violates the following Content Security Policy directive: "connect-src https://accounts.google.com/gsi/". The policy is report-only, so the violation has been logged but no further action has been taken. @ https://static.coingecko.com/packs/js/4089-2d7a15cd0d9e343946fc.js:0
[  111848ms] [INFO] Connecting to 'https://o4508323025911808.ingest.us.sentry.io/api/4508339685621761/envelope/?sentry_version=7&sentry_key=b9d74d9f9f5ffb2451d8883fe57f25c7&sentry_client=sentry.javascript.browser%2F8.55.0' violates the following Content Security Policy directive: "connect-src https://accounts.google.com/gsi/". The policy is report-only, so the violation has been logged but no further action has been taken. @ https://static.coingecko.com/packs/js/1191-ab9c9b0a663f542b5cba.js:1
[  111849ms] [INFO] Connecting to 'https://o4508323025911808.ingest.us.sentry.io/api/4508339685621761/envelope/?sentry_version=7&sentry_key=b9d74d9f9f5ffb2451d8883fe57f25c7&sentry_client=sentry.javascript.browser%2F8.55.0' violates the following Content Security Policy directive: "connect-src https://accounts.google.com/gsi/". The policy is report-only, so the violation has been logged but no further action has been taken. @ https://static.coingecko.com/packs/js/1191-ab9c9b0a663f542b5cba.js:1
[  111850ms] [ERROR] %s

%o

%o Error connecting controller Error: Missing target element "settings.darkModeButton"
    at t.get (https://static.coingecko.com/packs/js/6234-ecff09f798c4afa44a78.js:1:39082)
    at t._refreshDarkMode (https://static.coingecko.com/packs/js/v2/application-aa420b820e205c93eb1a.js:1:110372)
    at t.connect (https://static.coingecko.com/packs/js/v2/application-aa420b820e205c93eb1a.js:1:109853)
    at e.connect (https://static.coingecko.com/packs/js/6234-ecff09f798c4afa44a78.js:1:22308)
    at e.connectContextForScope (https://static.coingecko.com/packs/js/6234-ecff09f798c4afa44a78.js:1:26457)
    at e.scopeConnected (https://static.coingecko.com/packs/js/6234-ecff09f798c4afa44a78.js:1:34835)
    at e.elementMatchedValue (https://static.coingecko.com/packs/js/6234-ecff09f798c4afa44a78.js:1:32635)
    at e.tokenMatched (https://static.coingecko.com/packs/js/6234-ecff09f798c4afa44a78.js:1:18117)
    at e.tokenMatched (https://static.coingecko.com/packs/js/6234-ecff09f798c4afa44a78.js:1:16370)
    at https://static.coingecko.com/packs/js/6234-ecff09f798c4afa44a78.js:1:16194
    at Array.forEach (<anonymous>)
    at e.tokensMatched (https://static.coingecko.com/packs/js/6234-ecff09f798c4afa44a78.js:1:16164)
    at e.elementMatchedAttribute (https://static.coingecko.com/packs/js/6234-ecff09f798c4afa44a78.js:1:15803)
    at e.elementMatched (https://static.coingecko.com/packs/js/6234-ecff09f798c4afa44a78.js:1:10446)
    at e.addElement (https://static.coingecko.com/packs/js/6234-ecff09f798c4afa44a78.js:1:9276)
    at e.refresh (https://static.coingecko.com/packs/js/6234-ecff09f798c4afa44a78.js:1:7651)
    at e.start (https://static.coingecko.com/packs/js/6234-ecff09f798c4afa44a78.js:1:7266)
    at e.start (https://static.coingecko.com/packs/js/6234-ecff09f798c4afa44a78.js:1:9870)
    at e.start (https://static.coingecko.com/packs/js/6234-ecff09f798c4afa44a78.js:1:15343)
    at e.start (https://static.coingecko.com/packs/js/6234-ecff09f798c4afa44a78.js:1:17552)
    at e.start (https://static.coingecko.com/packs/js/6234-ecff09f798c4afa44a78.js:1:32068)
    at e.start (https://static.coingecko.com/packs/js/6234-ecff09f798c4afa44a78.js:1:34052)
    at e.<anonymous> (https://static.coingecko.com/packs/js/6234-ecff09f798c4afa44a78.js:1:37639)
    at https://static.coingecko.com/packs/js/6234-ecff09f798c4afa44a78.js:1:36785
    at Object.next (https://static.coingecko.com/packs/js/6234-ecff09f798c4afa44a78.js:1:36890)
    at s (https://static.coingecko.com/packs/js/6234-ecff09f798c4afa44a78.js:1:35627) {identifier: settings, controller: t, element: body.tw-bg-gray-50} @ https://static.coingecko.com/packs/js/1191-ab9c9b0a663f542b5cba.js:1
[  111851ms] [INFO] Connecting to 'https://www.coingecko.com/accounts/logged_in_user.json' violates the following Content Security Policy directive: "connect-src https://accounts.google.com/gsi/". The policy is report-only, so the violation has been logged but no further action has been taken. @ https://static.coingecko.com/packs/js/1191-ab9c9b0a663f542b5cba.js:1
[  111851ms] [INFO] Connecting to 'https://www.coingecko.com/accounts/logged_in_user.json' violates the following Content Security Policy directive: "connect-src https://accounts.google.com/gsi/". The policy is report-only, so the violation has been logged but no further action has been taken. @ https://static.coingecko.com/packs/js/1191-ab9c9b0a663f542b5cba.js:1
[  111852ms] [INFO] Connecting to 'https://www.coingecko.com/accounts/csrf_meta.json' violates the following Content Security Policy directive: "connect-src https://accounts.google.com/gsi/". The policy is report-only, so the violation has been logged but no further action has been taken. @ https://static.coingecko.com/packs/js/1191-ab9c9b0a663f542b5cba.js:1
[  111852ms] [INFO] Connecting to 'https://www.coingecko.com/accounts/csrf_meta.json' violates the following Content Security Policy directive: "connect-src https://accounts.google.com/gsi/". The policy is report-only, so the violation has been logged but no further action has been taken. @ https://static.coingecko.com/packs/js/1191-ab9c9b0a663f542b5cba.js:1
[  111861ms] [VERBOSE] [DOM] Password forms should have (optionally hidden) username fields for accessibility: (More info: https://goo.gl/9p2vKq) %o @ https://www.coingecko.com/account/sign_in:0
[  111861ms] [VERBOSE] [DOM] Input elements should have autocomplete attributes (suggested: "current-password"): (More info: https://goo.gl/9p2vKq) %o @ https://www.coingecko.com/account/sign_in:0
[  111864ms] [INFO] Connecting to 'https://geolocation.onetrust.com/cookieconsentpub/v1/geo/location' violates the following Content Security Policy directive: "connect-src https://accounts.google.com/gsi/". The policy is report-only, so the violation has been logged but no further action has been taken. @ https://static.coingecko.com/packs/js/1191-ab9c9b0a663f542b5cba.js:1
[  111866ms] [ERROR] Framing 'https://challenges.cloudflare.com/' violates the following report-only Content Security Policy directive: "frame-src https://accounts.google.com/gsi/". The violation has been logged, but no further action has been taken.
 @ https://challenges.cloudflare.com/:0
[  111878ms] [INFO] Loading the script 'https://www.coingecko.com/tagmetrics/6neqGjS1Zb1oIKgu-djVD-JvVwnXTgW2gS72DYFtctTNpkTh' violates the following Content Security Policy directive: "script-src https://accounts.google.com/gsi/client". Note that 'script-src-elem' was not explicitly set, so 'script-src' is used as a fallback. The policy is report-only, so the violation has been logged but no further action has been taken. @ https://www.coingecko.com/tagmetrics/:339
[  111879ms] [INFO] Loading the script 'https://www.coingecko.com/tagmetrics/6neqGjS1Y8cJW80p-t_WZ4YcQluJEB6thXz8RNg1cISYo_ZDROE' violates the following Content Security Policy directive: "script-src https://accounts.google.com/gsi/client". Note that 'script-src-elem' was not explicitly set, so 'script-src' is used as a fallback. The policy is report-only, so the violation has been logged but no further action has been taken. @ https://www.coingecko.com/tagmetrics/:339
[  111880ms] [INFO] Loading the script 'https://www.coingecko.com/tagmetrics/6neqGjS1Y8cJW80p_9rTbYEVQ1mJEB6thXz8RNg1cISYo_ZDROE' violates the following Content Security Policy directive: "script-src https://accounts.google.com/gsi/client". Note that 'script-src-elem' was not explicitly set, so 'script-src' is used as a fallback. The policy is report-only, so the violation has been logged but no further action has been taken. @ https://www.coingecko.com/tagmetrics/:339
[  111884ms] [INFO] Loading the script 'https://cdn-apac.onetrust.com/scripttemplates/202601.2.0/otBannerSdk.js' violates the following Content Security Policy directive: "script-src https://accounts.google.com/gsi/client". Note that 'script-src-elem' was not explicitly set, so 'script-src' is used as a fallback. The policy is report-only, so the violation has been logged but no further action has been taken. @ https://cdn-apac.onetrust.com/scripttemplates/otSDKStub.js:0
[  111921ms] [INFO] Connecting to 'https://cdn-apac.onetrust.com/consent/49e8a847-f2c7-4b58-a340-caf0924064fe/019c9cde-a773-72b4-8c50-651e42514509/en.json' violates the following Content Security Policy directive: "connect-src https://accounts.google.com/gsi/". The policy is report-only, so the violation has been logged but no further action has been taken. @ https://static.coingecko.com/packs/js/1191-ab9c9b0a663f542b5cba.js:1
[  111921ms] [INFO] Connecting to 'https://cdn-apac.onetrust.com/consent/49e8a847-f2c7-4b58-a340-caf0924064fe/019c9cde-a773-72b4-8c50-651e42514509/en.json' violates the following Content Security Policy directive: "connect-src https://accounts.google.com/gsi/". The policy is report-only, so the violation has been logged but no further action has been taken. @ https://static.coingecko.com/packs/js/1191-ab9c9b0a663f542b5cba.js:1
[  111922ms] [ERROR] Framing 'https://challenges.cloudflare.com/' violates the following report-only Content Security Policy directive: "frame-src https://accounts.google.com/gsi/". The violation has been logged, but no further action has been taken.
 @ https://challenges.cloudflare.com/:0
[  111941ms] [INFO] Connecting to 'https://cdn-apac.onetrust.com/consent/49e8a847-f2c7-4b58-a340-caf0924064fe/019c9cde-a773-72b4-8c50-651e42514509/bLayout-en.json' violates the following Content Security Policy directive: "connect-src https://accounts.google.com/gsi/". The policy is report-only, so the violation has been logged but no further action has been taken. @ https://static.coingecko.com/packs/js/1191-ab9c9b0a663f542b5cba.js:1
[  111941ms] [INFO] Connecting to 'https://cdn-apac.onetrust.com/consent/49e8a847-f2c7-4b58-a340-caf0924064fe/019c9cde-a773-72b4-8c50-651e42514509/bLayout-en.json' violates the following Content Security Policy directive: "connect-src https://accounts.google.com/gsi/". The policy is report-only, so the violation has been logged but no further action has been taken. @ https://static.coingecko.com/packs/js/1191-ab9c9b0a663f542b5cba.js:1
[  111942ms] [INFO] Connecting to 'https://cdn-apac.onetrust.com/scripttemplates/202601.2.0/assets/v2/otPcCenter.json' violates the following Content Security Policy directive: "connect-src https://accounts.google.com/gsi/". The policy is report-only, so the violation has been logged but no further action has been taken. @ https://static.coingecko.com/packs/js/1191-ab9c9b0a663f542b5cba.js:1
[  111942ms] [INFO] Connecting to 'https://cdn-apac.onetrust.com/scripttemplates/202601.2.0/assets/v2/otPcCenter.json' violates the following Content Security Policy directive: "connect-src https://accounts.google.com/gsi/". The policy is report-only, so the violation has been logged but no further action has been taken. @ https://static.coingecko.com/packs/js/1191-ab9c9b0a663f542b5cba.js:1
[  111942ms] [INFO] Connecting to 'https://cdn-apac.onetrust.com/scripttemplates/202601.2.0/assets/otCommonStyles.css' violates the following Content Security Policy directive: "connect-src https://accounts.google.com/gsi/". The policy is report-only, so the violation has been logged but no further action has been taken. @ https://static.coingecko.com/packs/js/1191-ab9c9b0a663f542b5cba.js:1
[  111943ms] [INFO] Connecting to 'https://cdn-apac.onetrust.com/scripttemplates/202601.2.0/assets/otCommonStyles.css' violates the following Content Security Policy directive: "connect-src https://accounts.google.com/gsi/". The policy is report-only, so the violation has been logged but no further action has been taken. @ https://static.coingecko.com/packs/js/1191-ab9c9b0a663f542b5cba.js:1
[  111952ms] [INFO] Connecting to 'https://cdn-apac.onetrust.com/logos/static/ot_guard_logo.svg' violates the following Content Security Policy directive: "connect-src https://accounts.google.com/gsi/". The policy is report-only, so the violation has been logged but no further action has been taken. @ https://static.coingecko.com/packs/js/1191-ab9c9b0a663f542b5cba.js:1
[  111953ms] [INFO] Connecting to 'https://cdn-apac.onetrust.com/logos/static/ot_guard_logo.svg' violates the following Content Security Policy directive: "connect-src https://accounts.google.com/gsi/". The policy is report-only, so the violation has been logged but no further action has been taken. @ https://static.coingecko.com/packs/js/1191-ab9c9b0a663f542b5cba.js:1
[  111962ms] [WARNING] Error in Optanon wrapper, please review your code. TypeError: Cannot read properties of null (reading 'addEventListener') @ https://static.coingecko.com/packs/js/1191-ab9c9b0a663f542b5cba.js:1
[  111972ms] [INFO] Connecting to 'https://www.coingecko.com/cdn-cgi/rum?' violates the following Content Security Policy directive: "connect-src https://accounts.google.com/gsi/". The policy is report-only, so the violation has been logged but no further action has been taken. @ https://static.coingecko.com/packs/js/1191-ab9c9b0a663f542b5cba.js:1
[  112693ms] [ERROR] Permissions policy violation: xr-spatial-tracking is not allowed in this document. @ https://challenges.cloudflare.com/cdn-cgi/challenge-platform/h/b/turnstile/f/ov2/av0/rch/p7xpk/0x4AAAAAABkuQIhLBgY-YxvO/auto/fbE/new/normal?lang=auto:0
[  112694ms] [ERROR] Permissions policy violation: xr-spatial-tracking is not allowed in this document. @ https://challenges.cloudflare.com/cdn-cgi/challenge-platform/h/b/turnstile/f/ov2/av0/rch/p7xpk/0x4AAAAAABkuQIhLBgY-YxvO/auto/fbE/new/normal?lang=auto:0
[  113136ms] [ERROR] This document requires 'TrustedHTML' assignment. The action has been blocked. @ https://challenges.cloudflare.com/cdn-cgi/challenge-platform/h/b/turnstile/f/ov2/av0/rch/p7xpk/0x4AAAAAABkuQIhLBgY-YxvO/auto/fbE/new/normal?lang=auto:0
[  113136ms] [ERROR] This document requires 'TrustedHTML' assignment. The action has been blocked. @ https://challenges.cloudflare.com/cdn-cgi/challenge-platform/h/b/turnstile/f/ov2/av0/rch/p7xpk/0x4AAAAAABkuQIhLBgY-YxvO/auto/fbE/new/normal?lang=auto:0
[  113137ms] [ERROR] This document requires 'TrustedScript' assignment. The action has been blocked. @ https://challenges.cloudflare.com/cdn-cgi/challenge-platform/h/b/turnstile/f/ov2/av0/rch/p7xpk/0x4AAAAAABkuQIhLBgY-YxvO/auto/fbE/new/normal?lang=auto:0
[  113137ms] [ERROR] This document requires 'TrustedScript' assignment. The action has been blocked. @ https://challenges.cloudflare.com/cdn-cgi/challenge-platform/h/b/turnstile/f/ov2/av0/rch/p7xpk/0x4AAAAAABkuQIhLBgY-YxvO/auto/fbE/new/normal?lang=auto:0
[  113138ms] [ERROR] This document requires 'TrustedScriptURL' assignment. The action has been blocked. @ https://challenges.cloudflare.com/cdn-cgi/challenge-platform/h/b/turnstile/f/ov2/av0/rch/p7xpk/0x4AAAAAABkuQIhLBgY-YxvO/auto/fbE/new/normal?lang=auto:0
[  113138ms] [ERROR] This document requires 'TrustedScriptURL' assignment. The action has been blocked. @ https://challenges.cloudflare.com/cdn-cgi/challenge-platform/h/b/turnstile/f/ov2/av0/rch/p7xpk/0x4AAAAAABkuQIhLBgY-YxvO/auto/fbE/new/normal?lang=auto:0
[  113154ms] [ERROR] Executing inline script violates the following Content Security Policy directive 'script-src 'nonce-12nfbqgic6YHrc6yQzdSQh' 'unsafe-eval''. Either the 'unsafe-inline' keyword, a hash ('sha256-eJGI0Ik4oYe/PKLDOt4wcN76wYs8h+Ew05pMzdY6xG8='), or a nonce ('nonce-...') is required to enable inline execution. The action has been blocked. @ about:srcdoc:0
[  113154ms] [ERROR] Executing inline script violates the following Content Security Policy directive 'script-src 'nonce-12nfbqgic6YHrc6yQzdSQh' 'unsafe-eval''. Either the 'unsafe-inline' keyword, a hash ('sha256-eJGI0Ik4oYe/PKLDOt4wcN76wYs8h+Ew05pMzdY6xG8='), or a nonce ('nonce-...') is required to enable inline execution. The action has been blocked. @ about:srcdoc:0
[  113154ms] [ERROR] This document requires 'TrustedScript' assignment. The action has been blocked. @ https://challenges.cloudflare.com/cdn-cgi/challenge-platform/h/b/turnstile/f/ov2/av0/rch/p7xpk/0x4AAAAAABkuQIhLBgY-YxvO/auto/fbE/new/normal?lang=auto:0
[  113154ms] [ERROR] This document requires 'TrustedScript' assignment. The action has been blocked. @ https://challenges.cloudflare.com/cdn-cgi/challenge-platform/h/b/turnstile/f/ov2/av0/rch/p7xpk/0x4AAAAAABkuQIhLBgY-YxvO/auto/fbE/new/normal?lang=auto:0
[  113338ms] [WARNING] Failed to parse audio contentType: audio/mp4; codecs=ac-3 @ https://challenges.cloudflare.com/cdn-cgi/challenge-platform/h/b/turnstile/f/ov2/av0/rch/p7xpk/0x4AAAAAABkuQIhLBgY-YxvO/auto/fbE/new/normal?lang=auto:0
[  113339ms] [WARNING] Failed to parse audio contentType: audio/mp4; codecs=ec-3 @ https://challenges.cloudflare.com/cdn-cgi/challenge-platform/h/b/turnstile/f/ov2/av0/rch/p7xpk/0x4AAAAAABkuQIhLBgY-YxvO/auto/fbE/new/normal?lang=auto:0
[  113341ms] [WARNING] Invalid (ambiguous) video codec string: video/webm; codecs=vp9 @ https://challenges.cloudflare.com/cdn-cgi/challenge-platform/h/b/turnstile/f/ov2/av0/rch/p7xpk/0x4AAAAAABkuQIhLBgY-YxvO/auto/fbE/new/normal?lang=auto:0
[  113342ms] [WARNING] Failed to parse video contentType: video/ogg; codecs=theora @ https://challenges.cloudflare.com/cdn-cgi/challenge-platform/h/b/turnstile/f/ov2/av0/rch/p7xpk/0x4AAAAAABkuQIhLBgY-YxvO/auto/fbE/new/normal?lang=auto:0
[  113701ms] [LOG] /.*.*=.*/ @ https://challenges.cloudflare.com/cdn-cgi/challenge-platform/h/b/turnstile/f/ov2/av0/rch/p7xpk/0x4AAAAAABkuQIhLBgY-YxvO/auto/fbE/new/normal?lang=auto:0
[  113701ms] [LOG] /.*.*=.*/ @ https://challenges.cloudflare.com/cdn-cgi/challenge-platform/h/b/turnstile/f/ov2/av0/rch/p7xpk/0x4AAAAAABkuQIhLBgY-YxvO/auto/fbE/new/normal?lang=auto:0
[  113701ms] [LOG] function () { [native code] } @ https://challenges.cloudflare.com/cdn-cgi/challenge-platform/h/b/turnstile/f/ov2/av0/rch/p7xpk/0x4AAAAAABkuQIhLBgY-YxvO/auto/fbE/new/normal?lang=auto:0
[  113701ms] [LOG] function () { [native code] } @ https://challenges.cloudflare.com/cdn-cgi/challenge-platform/h/b/turnstile/f/ov2/av0/rch/p7xpk/0x4AAAAAABkuQIhLBgY-YxvO/auto/fbE/new/normal?lang=auto:0
[  113702ms] [LOG] JSHandle@node @ https://challenges.cloudflare.com/cdn-cgi/challenge-platform/h/b/turnstile/f/ov2/av0/rch/p7xpk/0x4AAAAAABkuQIhLBgY-YxvO/auto/fbE/new/normal?lang=auto:0
[  113702ms] [LOG] JSHandle@node @ https://challenges.cloudflare.com/cdn-cgi/challenge-platform/h/b/turnstile/f/ov2/av0/rch/p7xpk/0x4AAAAAABkuQIhLBgY-YxvO/auto/fbE/new/normal?lang=auto:0
[  113703ms] [COUNT]  : 1 @ https://challenges.cloudflare.com/cdn-cgi/challenge-platform/h/b/turnstile/f/ov2/av0/rch/p7xpk/0x4AAAAAABkuQIhLBgY-YxvO/auto/fbE/new/normal?lang=auto:0
[  113703ms] [COUNT]  : 1 @ https://challenges.cloudflare.com/cdn-cgi/challenge-platform/h/b/turnstile/f/ov2/av0/rch/p7xpk/0x4AAAAAABkuQIhLBgY-YxvO/auto/fbE/new/normal?lang=auto:0
[  113705ms] [DIR]  Error @ https://challenges.cloudflare.com/cdn-cgi/challenge-platform/h/b/turnstile/f/ov2/av0/rch/p7xpk/0x4AAAAAABkuQIhLBgY-YxvO/auto/fbE/new/normal?lang=auto:0
[  113705ms] [DIR]  Error @ https://challenges.cloudflare.com/cdn-cgi/challenge-platform/h/b/turnstile/f/ov2/av0/rch/p7xpk/0x4AAAAAABkuQIhLBgY-YxvO/auto/fbE/new/normal?lang=auto:0
[  113705ms] [DIRXML] %c%d font-size:0;color:transparent Error @ https://challenges.cloudflare.com/cdn-cgi/challenge-platform/h/b/turnstile/f/ov2/av0/rch/p7xpk/0x4AAAAAABkuQIhLBgY-YxvO/auto/fbE/new/normal?lang=auto:0
[  113706ms] [DIRXML] %c%d font-size:0;color:transparent Error @ https://challenges.cloudflare.com/cdn-cgi/challenge-platform/h/b/turnstile/f/ov2/av0/rch/p7xpk/0x4AAAAAABkuQIhLBgY-YxvO/auto/fbE/new/normal?lang=auto:0
[  113706ms] [ERROR] %c%d font-size:0;color:transparent NaN @ https://challenges.cloudflare.com/cdn-cgi/challenge-platform/h/b/turnstile/f/ov2/av0/rch/p7xpk/0x4AAAAAABkuQIhLBgY-YxvO/auto/fbE/new/normal?lang=auto:0
[  113706ms] [ERROR] %c%d font-size:0;color:transparent NaN @ https://challenges.cloudflare.com/cdn-cgi/challenge-platform/h/b/turnstile/f/ov2/av0/rch/p7xpk/0x4AAAAAABkuQIhLBgY-YxvO/auto/fbE/new/normal?lang=auto:0
[  113707ms] [INFO] %c%d font-size:0;color:transparent NaN @ https://challenges.cloudflare.com/cdn-cgi/challenge-platform/h/b/turnstile/f/ov2/av0/rch/p7xpk/0x4AAAAAABkuQIhLBgY-YxvO/auto/fbE/new/normal?lang=auto:0
[  113707ms] [INFO] %c%d font-size:0;color:transparent NaN @ https://challenges.cloudflare.com/cdn-cgi/challenge-platform/h/b/turnstile/f/ov2/av0/rch/p7xpk/0x4AAAAAABkuQIhLBgY-YxvO/auto/fbE/new/normal?lang=auto:0
[  113707ms] [LOG] %c%d font-size:0;color:transparent NaN @ https://challenges.cloudflare.com/cdn-cgi/challenge-platform/h/b/turnstile/f/ov2/av0/rch/p7xpk/0x4AAAAAABkuQIhLBgY-YxvO/auto/fbE/new/normal?lang=auto:0
[  113707ms] [LOG] %c%d font-size:0;color:transparent NaN @ https://challenges.cloudflare.com/cdn-cgi/challenge-platform/h/b/turnstile/f/ov2/av0/rch/p7xpk/0x4AAAAAABkuQIhLBgY-YxvO/auto/fbE/new/normal?lang=auto:0
[  113708ms] [TABLE] %c%d font-size:0;color:transparent Error @ https://challenges.cloudflare.com/cdn-cgi/challenge-platform/h/b/turnstile/f/ov2/av0/rch/p7xpk/0x4AAAAAABkuQIhLBgY-YxvO/auto/fbE/new/normal?lang=auto:0
[  113708ms] [TABLE] %c%d font-size:0;color:transparent Error @ https://challenges.cloudflare.com/cdn-cgi/challenge-platform/h/b/turnstile/f/ov2/av0/rch/p7xpk/0x4AAAAAABkuQIhLBgY-YxvO/auto/fbE/new/normal?lang=auto:0
[  113709ms] [WARNING] %c%d font-size:0;color:transparent NaN @ https://challenges.cloudflare.com/cdn-cgi/challenge-platform/h/b/turnstile/f/ov2/av0/rch/p7xpk/0x4AAAAAABkuQIhLBgY-YxvO/auto/fbE/new/normal?lang=auto:0
[  113709ms] [WARNING] %c%d font-size:0;color:transparent NaN @ https://challenges.cloudflare.com/cdn-cgi/challenge-platform/h/b/turnstile/f/ov2/av0/rch/p7xpk/0x4AAAAAABkuQIhLBgY-YxvO/auto/fbE/new/normal?lang=auto:0
[  113774ms] [INFO] Connecting to 'https://www.coingecko.com/cdn-cgi/rum?' violates the following Content Security Policy directive: "connect-src https://accounts.google.com/gsi/". The policy is report-only, so the violation has been logged but no further action has been taken. @ https://static.cloudflareinsights.com/beacon.min.js/v8c78df7c7c0f484497ecbca7046644da1771523124516:0
[  113774ms] [INFO] Connecting to 'https://www.coingecko.com/cdn-cgi/rum?' violates the following Content Security Policy directive: "connect-src https://accounts.google.com/gsi/". The policy is report-only, so the violation has been logged but no further action has been taken. @ https://static.cloudflareinsights.com/beacon.min.js/v8c78df7c7c0f484497ecbca7046644da1771523124516:0
[  114009ms] [WARNING] [@sentry/nextjs] You have enabled `debug: true`, but Sentry debug logging was removed from your bundle (likely via `withSentryConfig({ disableLogger: true })` / `webpack.treeshake.removeDebugLogging: true`). Set that option to `false` to see Sentry debug output. @ https://partner.coingecko.com/_next/static/chunks/5342-7880a619b0351708.js:20
[  114010ms] [WARNING] [Sentry] Cannot initialize SDK with `debug` option using a non-debug bundle. @ https://partner.coingecko.com/_next/static/chunks/5342-7880a619b0351708.js:20
[  114141ms] [LOG] [autocapture] Initializing pageview tracking @ https://partner.coingecko.com/_next/static/chunks/5342-7880a619b0351708.js:13
[  114143ms] [LOG] [autocapture] Initializing click tracking @ https://partner.coingecko.com/_next/static/chunks/5342-7880a619b0351708.js:13
[  114143ms] [LOG] [autocapture] Initializing dead click tracking @ https://partner.coingecko.com/_next/static/chunks/5342-7880a619b0351708.js:13
[  114144ms] [LOG] [autocapture] Initializing input tracking @ https://partner.coingecko.com/_next/static/chunks/5342-7880a619b0351708.js:13
[  114144ms] [LOG] [autocapture] Initializing scroll tracking @ https://partner.coingecko.com/_next/static/chunks/5342-7880a619b0351708.js:13
[  114145ms] [LOG] [autocapture] Initializing submit tracking @ https://partner.coingecko.com/_next/static/chunks/5342-7880a619b0351708.js:13
[  114145ms] [LOG] [autocapture] Initializing rage click tracking @ https://partner.coingecko.com/_next/static/chunks/5342-7880a619b0351708.js:13
[  114147ms] [LOG] MIXPANEL PEOPLE REQUEST (QUEUED, PENDING IDENTIFY): @ https://partner.coingecko.com/_next/static/chunks/5342-7880a619b0351708.js:13
[  114147ms] [LOG] {$set_once: Object, $token: 4150c1290c5d421a020a9de94f47eb9f, $distinct_id: $device:58f1600a-8ff3-4ffa-a913-b6a2f221a964, $device_id: 58f1600a-8ff3-4ffa-a913-b6a2f221a964} @ https://partner.coingecko.com/_next/static/chunks/5342-7880a619b0351708.js:13
[  114149ms] [LOG] [batch] MIXPANEL REQUEST: [Object, Object, Object] @ https://partner.coingecko.com/_next/static/chunks/5342-7880a619b0351708.js:13
[  114288ms] [LOG] [batch] MIXPANEL REQUEST: [Object, Object] @ https://partner.coingecko.com/_next/static/chunks/5342-7880a619b0351708.js:13
[  114507ms] [ERROR] Access to font at 'https://static.coingecko.com/s/Inter-Regular-c4c9320c39a0092165c38d7df54344dcaa2fa8a381dbb068d1ae1a4e098bb235.woff' from origin 'https://partner.coingecko.com' has been blocked by CORS policy: The 'Access-Control-Allow-Origin' header has a value 'https://www.coingecko.com' that is not equal to the supplied origin. @ https://partner.coingecko.com/sign-in:0
[  114507ms] [ERROR] Failed to load resource: net::ERR_FAILED @ https://static.coingecko.com/s/Inter-Regular-c4c9320c39a0092165c38d7df54344dcaa2fa8a381dbb068d1ae1a4e098bb235.woff:0
[  119386ms] [LOG] [batch] MIXPANEL REQUEST: [Object] @ https://partner.coingecko.com/_next/static/chunks/5342-7880a619b0351708.js:13
[  122781ms] [LOG] [autocapture] Path change: re-initializing scroll depth checkpoints @ https://partner.coingecko.com/_next/static/chunks/5342-7880a619b0351708.js:13
[  124482ms] [LOG] [batch] MIXPANEL REQUEST: [Object] @ https://partner.coingecko.com/_next/static/chunks/5342-7880a619b0351708.js:13
[  126615ms] [LOG] [autocapture] Path change: re-initializing scroll depth checkpoints @ https://partner.coingecko.com/_next/static/chunks/5342-7880a619b0351708.js:13
[  128341ms] [LOG] [batch] MIXPANEL REQUEST: [Object] @ https://partner.coingecko.com/_next/static/chunks/5342-7880a619b0351708.js:13
[  128413ms] [WARNING] [@sentry/nextjs] You have enabled `debug: true`, but Sentry debug logging was removed from your bundle (likely via `withSentryConfig({ disableLogger: true })` / `webpack.treeshake.removeDebugLogging: true`). Set that option to `false` to see Sentry debug output. @ https://partner.coingecko.com/_next/static/chunks/5342-7880a619b0351708.js:20
[  128414ms] [WARNING] [Sentry] Cannot initialize SDK with `debug` option using a non-debug bundle. @ https://partner.coingecko.com/_next/static/chunks/5342-7880a619b0351708.js:20
[  128508ms] [LOG] [autocapture] Initializing pageview tracking @ https://partner.coingecko.com/_next/static/chunks/5342-7880a619b0351708.js:13
[  128510ms] [LOG] [autocapture] Initializing click tracking @ https://partner.coingecko.com/_next/static/chunks/5342-7880a619b0351708.js:13
[  128511ms] [LOG] [autocapture] Initializing dead click tracking @ https://partner.coingecko.com/_next/static/chunks/5342-7880a619b0351708.js:13
[  128512ms] [LOG] [autocapture] Initializing input tracking @ https://partner.coingecko.com/_next/static/chunks/5342-7880a619b0351708.js:13
[  128512ms] [LOG] [autocapture] Initializing scroll tracking @ https://partner.coingecko.com/_next/static/chunks/5342-7880a619b0351708.js:13
[  128513ms] [LOG] [autocapture] Initializing submit tracking @ https://partner.coingecko.com/_next/static/chunks/5342-7880a619b0351708.js:13
[  128514ms] [LOG] [autocapture] Initializing rage click tracking @ https://partner.coingecko.com/_next/static/chunks/5342-7880a619b0351708.js:13
[  128515ms] [LOG] MIXPANEL PEOPLE REQUEST (QUEUED, PENDING IDENTIFY): @ https://partner.coingecko.com/_next/static/chunks/5342-7880a619b0351708.js:13
[  128516ms] [LOG] {$set_once: Object, $token: 4150c1290c5d421a020a9de94f47eb9f, $distinct_id: $device:58f1600a-8ff3-4ffa-a913-b6a2f221a964, $device_id: 58f1600a-8ff3-4ffa-a913-b6a2f221a964} @ https://partner.coingecko.com/_next/static/chunks/5342-7880a619b0351708.js:13
[  128992ms] [ERROR] Access to font at 'https://static.coingecko.com/s/Inter-Regular-c4c9320c39a0092165c38d7df54344dcaa2fa8a381dbb068d1ae1a4e098bb235.woff' from origin 'https://partner.coingecko.com' has been blocked by CORS policy: The 'Access-Control-Allow-Origin' header has a value 'https://www.coingecko.com' that is not equal to the supplied origin. @ https://partner.coingecko.com/request-form/new:0
[  128993ms] [ERROR] Failed to load resource: net::ERR_FAILED @ https://static.coingecko.com/s/Inter-Regular-c4c9320c39a0092165c38d7df54344dcaa2fa8a381dbb068d1ae1a4e098bb235.woff:0
[  133519ms] [LOG] [batch] MIXPANEL REQUEST: [Object] @ https://partner.coingecko.com/_next/static/chunks/5342-7880a619b0351708.js:13
[  138593ms] [LOG] [batch] MIXPANEL REQUEST: [Object, Object] @ https://partner.coingecko.com/_next/static/chunks/5342-7880a619b0351708.js:13
[  148674ms] [LOG] [batch] MIXPANEL REQUEST: [Object] @ https://partner.coingecko.com/_next/static/chunks/5342-7880a619b0351708.js:13
[  153757ms] [LOG] [batch] MIXPANEL REQUEST: [Object] @ https://partner.coingecko.com/_next/static/chunks/5342-7880a619b0351708.js:13
[  165471ms] [LOG] [autocapture] Path change: re-initializing scroll depth checkpoints @ https://partner.coingecko.com/_next/static/chunks/5342-7880a619b0351708.js:13
[  168858ms] [LOG] [batch] MIXPANEL REQUEST: [Object, Object] @ https://partner.coingecko.com/_next/static/chunks/5342-7880a619b0351708.js:13
[  203948ms] [LOG] [batch] MIXPANEL REQUEST: [Object] @ https://partner.coingecko.com/_next/static/chunks/5342-7880a619b0351708.js:13
[  209031ms] [LOG] [batch] MIXPANEL REQUEST: [Object] @ https://partner.coingecko.com/_next/static/chunks/5342-7880a619b0351708.js:13
[  299116ms] [LOG] [batch] MIXPANEL REQUEST: [Object] @ https://partner.coingecko.com/_next/static/chunks/5342-7880a619b0351708.js:13
[  309199ms] [LOG] [batch] MIXPANEL REQUEST: [Object] @ https://partner.coingecko.com/_next/static/chunks/5342-7880a619b0351708.js:13
[  324289ms] [LOG] [batch] MIXPANEL REQUEST: [Object] @ https://partner.coingecko.com/_next/static/chunks/5342-7880a619b0351708.js:13
[  334392ms] [LOG] [batch] MIXPANEL REQUEST: [Object] @ https://partner.coingecko.com/_next/static/chunks/5342-7880a619b0351708.js:13
[  344487ms] [LOG] [batch] MIXPANEL REQUEST: [Object] @ https://partner.coingecko.com/_next/static/chunks/5342-7880a619b0351708.js:13
[  349572ms] [LOG] [batch] MIXPANEL REQUEST: [Object, Object, Object, Object, Object, Object, Object] @ https://partner.coingecko.com/_next/static/chunks/5342-7880a619b0351708.js:13
[  354719ms] [LOG] [batch] MIXPANEL REQUEST: [Object] @ https://partner.coingecko.com/_next/static/chunks/5342-7880a619b0351708.js:13
[  364807ms] [LOG] [batch] MIXPANEL REQUEST: [Object, Object] @ https://partner.coingecko.com/_next/static/chunks/5342-7880a619b0351708.js:13
[  374909ms] [LOG] [batch] MIXPANEL REQUEST: [Object, Object, Object, Object, Object, Object] @ https://partner.coingecko.com/_next/static/chunks/5342-7880a619b0351708.js:13
[  440059ms] [LOG] [batch] MIXPANEL REQUEST: [Object, Object] @ https://partner.coingecko.com/_next/static/chunks/5342-7880a619b0351708.js:13
[  475160ms] [LOG] [batch] MIXPANEL REQUEST: [Object] @ https://partner.coingecko.com/_next/static/chunks/5342-7880a619b0351708.js:13
[  530274ms] [LOG] [batch] MIXPANEL REQUEST: [Object, Object] @ https://partner.coingecko.com/_next/static/chunks/5342-7880a619b0351708.js:13
[  650371ms] [LOG] [batch] MIXPANEL REQUEST: [Object, Object] @ https://partner.coingecko.com/_next/static/chunks/5342-7880a619b0351708.js:13
[  715474ms] [LOG] [batch] MIXPANEL REQUEST: [Object, Object, Object, Object, Object, Object, Object, Object, Object, Object] @ https://partner.coingecko.com/_next/static/chunks/5342-7880a619b0351708.js:13
[  720665ms] [LOG] [batch] MIXPANEL REQUEST: [Object] @ https://partner.coingecko.com/_next/static/chunks/5342-7880a619b0351708.js:13
[  740766ms] [LOG] [batch] MIXPANEL REQUEST: [Object] @ https://partner.coingecko.com/_next/static/chunks/5342-7880a619b0351708.js:13
[  745851ms] [LOG] [batch] MIXPANEL REQUEST: [Object, Object] @ https://partner.coingecko.com/_next/static/chunks/5342-7880a619b0351708.js:13
[  775936ms] [LOG] [batch] MIXPANEL REQUEST: [Object, Object] @ https://partner.coingecko.com/_next/static/chunks/5342-7880a619b0351708.js:13
[  781022ms] [LOG] [batch] MIXPANEL REQUEST: [Object, Object] @ https://partner.coingecko.com/_next/static/chunks/5342-7880a619b0351708.js:13
[  786109ms] [LOG] [batch] MIXPANEL REQUEST: [Object, Object] @ https://partner.coingecko.com/_next/static/chunks/5342-7880a619b0351708.js:13
[  811188ms] [LOG] [batch] MIXPANEL REQUEST: [Object] @ https://partner.coingecko.com/_next/static/chunks/5342-7880a619b0351708.js:13
[  861281ms] [LOG] [batch] MIXPANEL REQUEST: [Object, Object] @ https://partner.coingecko.com/_next/static/chunks/5342-7880a619b0351708.js:13
[  866359ms] [LOG] [batch] MIXPANEL REQUEST: [Object] @ https://partner.coingecko.com/_next/static/chunks/5342-7880a619b0351708.js:13
[  871439ms] [LOG] [batch] MIXPANEL REQUEST: [Object] @ https://partner.coingecko.com/_next/static/chunks/5342-7880a619b0351708.js:13
[  876532ms] [LOG] [batch] MIXPANEL REQUEST: [Object] @ https://partner.coingecko.com/_next/static/chunks/5342-7880a619b0351708.js:13
[  896616ms] [LOG] [batch] MIXPANEL REQUEST: [Object, Object, Object] @ https://partner.coingecko.com/_next/static/chunks/5342-7880a619b0351708.js:13
[  926729ms] [LOG] [batch] MIXPANEL REQUEST: [Object, Object] @ https://partner.coingecko.com/_next/static/chunks/5342-7880a619b0351708.js:13
[  931818ms] [LOG] [batch] MIXPANEL REQUEST: [Object, Object, Object, Object] @ https://partner.coingecko.com/_next/static/chunks/5342-7880a619b0351708.js:13
[  936946ms] [LOG] [batch] MIXPANEL REQUEST: [Object] @ https://partner.coingecko.com/_next/static/chunks/5342-7880a619b0351708.js:13
[  942050ms] [LOG] [batch] MIXPANEL REQUEST: [Object, Object, Object, Object, Object] @ https://partner.coingecko.com/_next/static/chunks/5342-7880a619b0351708.js:13
[  942180ms] [LOG] [batch] MIXPANEL REQUEST: [Object] @ https://partner.coingecko.com/_next/static/chunks/5342-7880a619b0351708.js:13
[  942266ms] [LOG] [batch] MIXPANEL REQUEST: [Object] @ https://partner.coingecko.com/_next/static/chunks/5342-7880a619b0351708.js:13
[ 1352394ms] [LOG] [batch] MIXPANEL REQUEST: [Object, Object, Object, Object, Object, Object, Object, Object, Object] @ https://partner.coingecko.com/_next/static/chunks/5342-7880a619b0351708.js:13
[ 1357588ms] [LOG] [batch] MIXPANEL REQUEST: [Object, Object, Object, Object, Object, Object, Object, Object, Object, Object, Object, Object] @ https://partner.coingecko.com/_next/static/chunks/5342-7880a619b0351708.js:13
[ 1362857ms] [LOG] [batch] MIXPANEL REQUEST: [Object] @ https://partner.coingecko.com/_next/static/chunks/5342-7880a619b0351708.js:13
[ 1387964ms] [LOG] [batch] MIXPANEL REQUEST: [Object] @ https://partner.coingecko.com/_next/static/chunks/5342-7880a619b0351708.js:13
[ 1478053ms] [LOG] [batch] MIXPANEL REQUEST: [Object, Object, Object] @ https://partner.coingecko.com/_next/static/chunks/5342-7880a619b0351708.js:13
[ 1483190ms] [LOG] [batch] MIXPANEL REQUEST: [Object] @ https://partner.coingecko.com/_next/static/chunks/5342-7880a619b0351708.js:13
[ 1488274ms] [LOG] [batch] MIXPANEL REQUEST: [Object, Object, Object] @ https://partner.coingecko.com/_next/static/chunks/5342-7880a619b0351708.js:13
