[     606ms] [ERROR] Failed to load resource: the server responded with a status of 404 () @ https://www.coingecko.com/en/coins/new:0
[     620ms] [INFO] Loading the script 'https://cdn-apac.onetrust.com/scripttemplates/otSDKStub.js' violates the following Content Security Policy directive: "script-src https://accounts.google.com/gsi/client". Note that 'script-src-elem' was not explicitly set, so 'script-src' is used as a fallback. The policy is report-only, so the violation has been logged but no further action has been taken. @ https://www.coingecko.com/en/coins/new:0
[     621ms] [INFO] Executing inline script violates the following Content Security Policy directive 'script-src https://accounts.google.com/gsi/client'. Either the 'unsafe-inline' keyword, a hash ('sha256-dhE3t0rfyP2cYB9NxDMoZtVoOVoNReX28cgygNw/dYQ='), or a nonce ('nonce-...') is required to enable inline execution. The policy is report-only, so the violation has been logged but no further action has been taken. @ https://www.coingecko.com/en/coins/new:24
[     622ms] [INFO] Executing inline script violates the following Content Security Policy directive 'script-src https://accounts.google.com/gsi/client'. Either the 'unsafe-inline' keyword, a hash ('sha256-upmR/oRF+vS4i4WuonWH3V6ucaNDFnhXc64mwCByRXk='), or a nonce ('nonce-...') is required to enable inline execution. The policy is report-only, so the violation has been logged but no further action has been taken. @ https://www.coingecko.com/en/coins/new:368
[     624ms] [INFO] Loading the script 'https://challenges.cloudflare.com/turnstile/v0/api.js' violates the following Content Security Policy directive: "script-src https://accounts.google.com/gsi/client". Note that 'script-src-elem' was not explicitly set, so 'script-src' is used as a fallback. The policy is report-only, so the violation has been logged but no further action has been taken. @ https://www.coingecko.com/en/coins/new:0
[     721ms] [INFO] Loading the script 'https://challenges.cloudflare.com/turnstile/v0/b/883a1f27d85f/api.js' violates the following Content Security Policy directive: "script-src https://accounts.google.com/gsi/client". Note that 'script-src-elem' was not explicitly set, so 'script-src' is used as a fallback. The policy is report-only, so the violation has been logged but no further action has been taken. @ https://www.coingecko.com/en/coins/new:0
[     742ms] [INFO] Executing inline event handler violates the following Content Security Policy directive 'script-src https://accounts.google.com/gsi/client'. Either the 'unsafe-inline' keyword, a hash ('sha256-...'), or a nonce ('nonce-...') is required to enable inline execution. Note that hashes do not apply to event handlers, style attributes and javascript: navigations unless the 'unsafe-hashes' keyword is present. The policy is report-only, so the violation has been logged but no further action has been taken. @ https://www.coingecko.com/en/coins/new:405
[     830ms] [INFO] Executing inline script violates the following Content Security Policy directive 'script-src https://accounts.google.com/gsi/client'. Either the 'unsafe-inline' keyword, a hash ('sha256-4V+Tr+UeT10mHXndgmvs3E4ngoOJjpyCvYgF8ienz9E='), or a nonce ('nonce-...') is required to enable inline execution. The policy is report-only, so the violation has been logged but no further action has been taken. @ https://www.coingecko.com/en/coins/new:422
[     849ms] [INFO] Loading the script 'https://html-load.cc/script/d3d3LmNvaW5nZWNrby5jb20.js' violates the following Content Security Policy directive: "script-src https://accounts.google.com/gsi/client". Note that 'script-src-elem' was not explicitly set, so 'script-src' is used as a fallback. The policy is report-only, so the violation has been logged but no further action has been taken. @ https://www.coingecko.com/en/coins/new:422
[     850ms] [INFO] Loading the script 'https://cdn.confiant-integrations.net/9LK8Exe2khR_0lJTo07N1DnGdH8/gpt_and_prebid/config.js' violates the following Content Security Policy directive: "script-src https://accounts.google.com/gsi/client". Note that 'script-src-elem' was not explicitly set, so 'script-src' is used as a fallback. The policy is report-only, so the violation has been logged but no further action has been taken. @ https://www.coingecko.com/en/coins/new:0
[     851ms] [INFO] Executing inline script violates the following Content Security Policy directive 'script-src https://accounts.google.com/gsi/client'. Either the 'unsafe-inline' keyword, a hash ('sha256-GBgFU3jEJ0M9wi4Keg88svXAX5SFfQUFc7hXHFbaiBk='), or a nonce ('nonce-...') is required to enable inline execution. The policy is report-only, so the violation has been logged but no further action has been taken. @ https://www.coingecko.com/en/coins/new:464
[     855ms] [INFO] Executing inline script violates the following Content Security Policy directive 'script-src https://accounts.google.com/gsi/client'. Either the 'unsafe-inline' keyword, a hash ('sha256-q2iwj49xVKfEo1uN09rita6NJu69FeFA92jaykX3HIU='), or a nonce ('nonce-...') is required to enable inline execution. The policy is report-only, so the violation has been logged but no further action has been taken. @ https://www.coingecko.com/en/coins/new:484
[    1042ms] [INFO] Loading the script 'https://static.coingecko.com/packs/js/runtime-007e64bd8755c17dfc96.js' violates the following Content Security Policy directive: "script-src https://accounts.google.com/gsi/client". Note that 'script-src-elem' was not explicitly set, so 'script-src' is used as a fallback. The policy is report-only, so the violation has been logged but no further action has been taken. @ https://www.coingecko.com/en/coins/new:0
[    1042ms] [INFO] Loading the script 'https://static.coingecko.com/packs/js/2692-b6b29f07c373d136299b.js' violates the following Content Security Policy directive: "script-src https://accounts.google.com/gsi/client". Note that 'script-src-elem' was not explicitly set, so 'script-src' is used as a fallback. The policy is report-only, so the violation has been logged but no further action has been taken. @ https://www.coingecko.com/en/coins/new:0
[    1042ms] [INFO] Loading the script 'https://static.coingecko.com/packs/js/i18n-a7d3fff0ac743d8e7d9f.js' violates the following Content Security Policy directive: "script-src https://accounts.google.com/gsi/client". Note that 'script-src-elem' was not explicitly set, so 'script-src' is used as a fallback. The policy is report-only, so the violation has been logged but no further action has been taken. @ https://www.coingecko.com/en/coins/new:0
[    1042ms] [INFO] Loading the script 'https://static.coingecko.com/packs/js/translations/en-60e0743c703773a6d55c.js' violates the following Content Security Policy directive: "script-src https://accounts.google.com/gsi/client". Note that 'script-src-elem' was not explicitly set, so 'script-src' is used as a fallback. The policy is report-only, so the violation has been logged but no further action has been taken. @ https://www.coingecko.com/en/coins/new:0
[    1042ms] [INFO] Loading the script 'https://static.coingecko.com/packs/js/6234-ecff09f798c4afa44a78.js' violates the following Content Security Policy directive: "script-src https://accounts.google.com/gsi/client". Note that 'script-src-elem' was not explicitly set, so 'script-src' is used as a fallback. The policy is report-only, so the violation has been logged but no further action has been taken. @ https://www.coingecko.com/en/coins/new:0
[    1043ms] [INFO] Loading the script 'https://static.coingecko.com/packs/js/2386-f541811081397587585b.js' violates the following Content Security Policy directive: "script-src https://accounts.google.com/gsi/client". Note that 'script-src-elem' was not explicitly set, so 'script-src' is used as a fallback. The policy is report-only, so the violation has been logged but no further action has been taken. @ https://www.coingecko.com/en/coins/new:0
[    1043ms] [INFO] Loading the script 'https://static.coingecko.com/packs/js/5973-5e1a3da49a89ba298fb2.js' violates the following Content Security Policy directive: "script-src https://accounts.google.com/gsi/client". Note that 'script-src-elem' was not explicitly set, so 'script-src' is used as a fallback. The policy is report-only, so the violation has been logged but no further action has been taken. @ https://www.coingecko.com/en/coins/new:0
[    1043ms] [INFO] Loading the script 'https://static.coingecko.com/packs/js/5316-8f5a8ec3588fa6577425.js' violates the following Content Security Policy directive: "script-src https://accounts.google.com/gsi/client". Note that 'script-src-elem' was not explicitly set, so 'script-src' is used as a fallback. The policy is report-only, so the violation has been logged but no further action has been taken. @ https://www.coingecko.com/en/coins/new:0
[    1043ms] [INFO] Loading the script 'https://static.coingecko.com/packs/js/4052-6b094d4ef060a0ce058d.js' violates the following Content Security Policy directive: "script-src https://accounts.google.com/gsi/client". Note that 'script-src-elem' was not explicitly set, so 'script-src' is used as a fallback. The policy is report-only, so the violation has been logged but no further action has been taken. @ https://www.coingecko.com/en/coins/new:0
[    1043ms] [INFO] Loading the script 'https://static.coingecko.com/packs/js/4759-bb3da86498f0a5fd0910.js' violates the following Content Security Policy directive: "script-src https://accounts.google.com/gsi/client". Note that 'script-src-elem' was not explicitly set, so 'script-src' is used as a fallback. The policy is report-only, so the violation has been logged but no further action has been taken. @ https://www.coingecko.com/en/coins/new:0
[    1043ms] [INFO] Loading the script 'https://static.coingecko.com/packs/js/1374-20204fbbc4fa1b667b6f.js' violates the following Content Security Policy directive: "script-src https://accounts.google.com/gsi/client". Note that 'script-src-elem' was not explicitly set, so 'script-src' is used as a fallback. The policy is report-only, so the violation has been logged but no further action has been taken. @ https://www.coingecko.com/en/coins/new:0
[    1043ms] [INFO] Loading the script 'https://static.coingecko.com/packs/js/3337-b6dd051dee8afdfa1248.js' violates the following Content Security Policy directive: "script-src https://accounts.google.com/gsi/client". Note that 'script-src-elem' was not explicitly set, so 'script-src' is used as a fallback. The policy is report-only, so the violation has been logged but no further action has been taken. @ https://www.coingecko.com/en/coins/new:0
[    1043ms] [INFO] Loading the script 'https://static.coingecko.com/packs/js/4089-2d7a15cd0d9e343946fc.js' violates the following Content Security Policy directive: "script-src https://accounts.google.com/gsi/client". Note that 'script-src-elem' was not explicitly set, so 'script-src' is used as a fallback. The policy is report-only, so the violation has been logged but no further action has been taken. @ https://www.coingecko.com/en/coins/new:0
[    1043ms] [INFO] Loading the script 'https://static.coingecko.com/packs/js/1191-ab9c9b0a663f542b5cba.js' violates the following Content Security Policy directive: "script-src https://accounts.google.com/gsi/client". Note that 'script-src-elem' was not explicitly set, so 'script-src' is used as a fallback. The policy is report-only, so the violation has been logged but no further action has been taken. @ https://www.coingecko.com/en/coins/new:0
[    1043ms] [INFO] Loading the script 'https://static.coingecko.com/packs/js/3722-e74585e755b0c03bbab2.js' violates the following Content Security Policy directive: "script-src https://accounts.google.com/gsi/client". Note that 'script-src-elem' was not explicitly set, so 'script-src' is used as a fallback. The policy is report-only, so the violation has been logged but no further action has been taken. @ https://www.coingecko.com/en/coins/new:0
[    1044ms] [INFO] Loading the script 'https://static.coingecko.com/packs/js/7754-5554b85bb7d8b220f3d4.js' violates the following Content Security Policy directive: "script-src https://accounts.google.com/gsi/client". Note that 'script-src-elem' was not explicitly set, so 'script-src' is used as a fallback. The policy is report-only, so the violation has been logged but no further action has been taken. @ https://www.coingecko.com/en/coins/new:0
[    1044ms] [INFO] Loading the script 'https://static.coingecko.com/packs/js/1626-652e5ce588e3baabf234.js' violates the following Content Security Policy directive: "script-src https://accounts.google.com/gsi/client". Note that 'script-src-elem' was not explicitly set, so 'script-src' is used as a fallback. The policy is report-only, so the violation has been logged but no further action has been taken. @ https://www.coingecko.com/en/coins/new:0
[    1044ms] [INFO] Loading the script 'https://static.coingecko.com/packs/js/7815-97e81a7288b4e169337a.js' violates the following Content Security Policy directive: "script-src https://accounts.google.com/gsi/client". Note that 'script-src-elem' was not explicitly set, so 'script-src' is used as a fallback. The policy is report-only, so the violation has been logged but no further action has been taken. @ https://www.coingecko.com/en/coins/new:0
[    1044ms] [INFO] Loading the script 'https://static.coingecko.com/packs/js/v2/application-aa420b820e205c93eb1a.js' violates the following Content Security Policy directive: "script-src https://accounts.google.com/gsi/client". Note that 'script-src-elem' was not explicitly set, so 'script-src' is used as a fallback. The policy is report-only, so the violation has been logged but no further action has been taken. @ https://www.coingecko.com/en/coins/new:0
[    1044ms] [INFO] Loading the script 'https://static.coingecko.com/packs/js/9891-25e91cf5653f58509f56.js' violates the following Content Security Policy directive: "script-src https://accounts.google.com/gsi/client". Note that 'script-src-elem' was not explicitly set, so 'script-src' is used as a fallback. The policy is report-only, so the violation has been logged but no further action has been taken. @ https://www.coingecko.com/en/coins/new:0
[    1044ms] [INFO] Loading the script 'https://static.coingecko.com/packs/js/v2/errors-a26816afcfcbd824f9c4.js' violates the following Content Security Policy directive: "script-src https://accounts.google.com/gsi/client". Note that 'script-src-elem' was not explicitly set, so 'script-src' is used as a fallback. The policy is report-only, so the violation has been logged but no further action has been taken. @ https://www.coingecko.com/en/coins/new:0
[    1044ms] [INFO] Loading the script 'https://static.cloudflareinsights.com/beacon.min.js/v8c78df7c7c0f484497ecbca7046644da1771523124516' violates the following Content Security Policy directive: "script-src https://accounts.google.com/gsi/client". Note that 'script-src-elem' was not explicitly set, so 'script-src' is used as a fallback. The policy is report-only, so the violation has been logged but no further action has been taken. @ https://www.coingecko.com/en/coins/new:0
[    1056ms] [INFO] Connecting to 'https://cdn-apac.onetrust.com/consent/49e8a847-f2c7-4b58-a340-caf0924064fe/49e8a847-f2c7-4b58-a340-caf0924064fe.json' violates the following Content Security Policy directive: "connect-src https://accounts.google.com/gsi/". The policy is report-only, so the violation has been logged but no further action has been taken. @ https://cdn-apac.onetrust.com/scripttemplates/otSDKStub.js:0
[    1119ms] [INFO] Loading the script 'https://cdn.confiant-integrations.net/gptprebidnative/202604301904/wrap.js' violates the following Content Security Policy directive: "script-src https://accounts.google.com/gsi/client". Note that 'script-src-elem' was not explicitly set, so 'script-src' is used as a fallback. The policy is report-only, so the violation has been logged but no further action has been taken. @ https://cdn.confiant-integrations.net/9LK8Exe2khR_0lJTo07N1DnGdH8/gpt_and_prebid/config.js:121
[    1234ms] [INFO] Evaluating a string as JavaScript violates the following Content Security Policy directive because 'unsafe-eval' is not an allowed source of script: "script-src https://accounts.google.com/gsi/client".
 The policy is report-only, so the violation has been logged but no further action has been taken. @ https://static.coingecko.com/packs/js/4759-bb3da86498f0a5fd0910.js:0
[    1236ms] [INFO] Evaluating a string as JavaScript violates the following Content Security Policy directive because 'unsafe-eval' is not an allowed source of script: "script-src https://accounts.google.com/gsi/client".
 The policy is report-only, so the violation has been logged but no further action has been taken. @ https://static.coingecko.com/packs/js/4759-bb3da86498f0a5fd0910.js:0
[    1236ms] [INFO] Evaluating a string as JavaScript violates the following Content Security Policy directive because 'unsafe-eval' is not an allowed source of script: "script-src https://accounts.google.com/gsi/client".
 The policy is report-only, so the violation has been logged but no further action has been taken. @ https://static.coingecko.com/packs/js/4759-bb3da86498f0a5fd0910.js:0
[    1237ms] [INFO] Evaluating a string as JavaScript violates the following Content Security Policy directive because 'unsafe-eval' is not an allowed source of script: "script-src https://accounts.google.com/gsi/client".
 The policy is report-only, so the violation has been logged but no further action has been taken. @ https://static.coingecko.com/packs/js/4759-bb3da86498f0a5fd0910.js:0
[    1240ms] [INFO] Evaluating a string as JavaScript violates the following Content Security Policy directive because 'unsafe-eval' is not an allowed source of script: "script-src https://accounts.google.com/gsi/client".
 The policy is report-only, so the violation has been logged but no further action has been taken. @ https://static.coingecko.com/packs/js/4759-bb3da86498f0a5fd0910.js:0
[    1242ms] [INFO] Evaluating a string as JavaScript violates the following Content Security Policy directive because 'unsafe-eval' is not an allowed source of script: "script-src https://accounts.google.com/gsi/client".
 The policy is report-only, so the violation has been logged but no further action has been taken. @ https://static.coingecko.com/packs/js/4759-bb3da86498f0a5fd0910.js:0
[    1242ms] [INFO] Evaluating a string as JavaScript violates the following Content Security Policy directive because 'unsafe-eval' is not an allowed source of script: "script-src https://accounts.google.com/gsi/client".
 The policy is report-only, so the violation has been logged but no further action has been taken. @ https://static.coingecko.com/packs/js/4759-bb3da86498f0a5fd0910.js:0
[    1243ms] [INFO] Evaluating a string as JavaScript violates the following Content Security Policy directive because 'unsafe-eval' is not an allowed source of script: "script-src https://accounts.google.com/gsi/client".
 The policy is report-only, so the violation has been logged but no further action has been taken. @ https://static.coingecko.com/packs/js/4759-bb3da86498f0a5fd0910.js:0
[    1244ms] [INFO] Evaluating a string as JavaScript violates the following Content Security Policy directive because 'unsafe-eval' is not an allowed source of script: "script-src https://accounts.google.com/gsi/client".
 The policy is report-only, so the violation has been logged but no further action has been taken. @ https://static.coingecko.com/packs/js/4759-bb3da86498f0a5fd0910.js:0
[    1245ms] [INFO] Evaluating a string as JavaScript violates the following Content Security Policy directive because 'unsafe-eval' is not an allowed source of script: "script-src https://accounts.google.com/gsi/client".
 The policy is report-only, so the violation has been logged but no further action has been taken. @ https://static.coingecko.com/packs/js/4759-bb3da86498f0a5fd0910.js:0
[    1246ms] [INFO] Evaluating a string as JavaScript violates the following Content Security Policy directive because 'unsafe-eval' is not an allowed source of script: "script-src https://accounts.google.com/gsi/client".
 The policy is report-only, so the violation has been logged but no further action has been taken. @ https://static.coingecko.com/packs/js/4759-bb3da86498f0a5fd0910.js:0
[    1246ms] [INFO] Evaluating a string as JavaScript violates the following Content Security Policy directive because 'unsafe-eval' is not an allowed source of script: "script-src https://accounts.google.com/gsi/client".
 The policy is report-only, so the violation has been logged but no further action has been taken. @ https://static.coingecko.com/packs/js/4759-bb3da86498f0a5fd0910.js:0
[    1247ms] [INFO] Evaluating a string as JavaScript violates the following Content Security Policy directive because 'unsafe-eval' is not an allowed source of script: "script-src https://accounts.google.com/gsi/client".
 The policy is report-only, so the violation has been logged but no further action has been taken. @ https://static.coingecko.com/packs/js/4759-bb3da86498f0a5fd0910.js:0
[    1249ms] [INFO] Evaluating a string as JavaScript violates the following Content Security Policy directive because 'unsafe-eval' is not an allowed source of script: "script-src https://accounts.google.com/gsi/client".
 The policy is report-only, so the violation has been logged but no further action has been taken. @ https://static.coingecko.com/packs/js/4759-bb3da86498f0a5fd0910.js:0
[    1250ms] [INFO] Evaluating a string as JavaScript violates the following Content Security Policy directive because 'unsafe-eval' is not an allowed source of script: "script-src https://accounts.google.com/gsi/client".
 The policy is report-only, so the violation has been logged but no further action has been taken. @ https://static.coingecko.com/packs/js/4759-bb3da86498f0a5fd0910.js:0
[    1250ms] [INFO] Evaluating a string as JavaScript violates the following Content Security Policy directive because 'unsafe-eval' is not an allowed source of script: "script-src https://accounts.google.com/gsi/client".
 The policy is report-only, so the violation has been logged but no further action has been taken. @ https://static.coingecko.com/packs/js/4759-bb3da86498f0a5fd0910.js:0
[    1250ms] [INFO] Evaluating a string as JavaScript violates the following Content Security Policy directive because 'unsafe-eval' is not an allowed source of script: "script-src https://accounts.google.com/gsi/client".
 The policy is report-only, so the violation has been logged but no further action has been taken. @ https://static.coingecko.com/packs/js/4759-bb3da86498f0a5fd0910.js:0
[    1251ms] [INFO] Evaluating a string as JavaScript violates the following Content Security Policy directive because 'unsafe-eval' is not an allowed source of script: "script-src https://accounts.google.com/gsi/client".
 The policy is report-only, so the violation has been logged but no further action has been taken. @ https://static.coingecko.com/packs/js/4759-bb3da86498f0a5fd0910.js:0
[    1251ms] [INFO] Evaluating a string as JavaScript violates the following Content Security Policy directive because 'unsafe-eval' is not an allowed source of script: "script-src https://accounts.google.com/gsi/client".
 The policy is report-only, so the violation has been logged but no further action has been taken. @ https://static.coingecko.com/packs/js/4759-bb3da86498f0a5fd0910.js:0
[    1252ms] [INFO] Evaluating a string as JavaScript violates the following Content Security Policy directive because 'unsafe-eval' is not an allowed source of script: "script-src https://accounts.google.com/gsi/client".
 The policy is report-only, so the violation has been logged but no further action has been taken. @ https://static.coingecko.com/packs/js/4759-bb3da86498f0a5fd0910.js:0
[    1253ms] [INFO] Evaluating a string as JavaScript violates the following Content Security Policy directive because 'unsafe-eval' is not an allowed source of script: "script-src https://accounts.google.com/gsi/client".
 The policy is report-only, so the violation has been logged but no further action has been taken. @ https://static.coingecko.com/packs/js/4759-bb3da86498f0a5fd0910.js:0
[    1253ms] [INFO] Evaluating a string as JavaScript violates the following Content Security Policy directive because 'unsafe-eval' is not an allowed source of script: "script-src https://accounts.google.com/gsi/client".
 The policy is report-only, so the violation has been logged but no further action has been taken. @ https://static.coingecko.com/packs/js/4759-bb3da86498f0a5fd0910.js:0
[    1254ms] [INFO] Evaluating a string as JavaScript violates the following Content Security Policy directive because 'unsafe-eval' is not an allowed source of script: "script-src https://accounts.google.com/gsi/client".
 The policy is report-only, so the violation has been logged but no further action has been taken. @ https://static.coingecko.com/packs/js/4759-bb3da86498f0a5fd0910.js:0
[    1255ms] [INFO] Evaluating a string as JavaScript violates the following Content Security Policy directive because 'unsafe-eval' is not an allowed source of script: "script-src https://accounts.google.com/gsi/client".
 The policy is report-only, so the violation has been logged but no further action has been taken. @ https://static.coingecko.com/packs/js/4759-bb3da86498f0a5fd0910.js:0
[    1255ms] [INFO] Evaluating a string as JavaScript violates the following Content Security Policy directive because 'unsafe-eval' is not an allowed source of script: "script-src https://accounts.google.com/gsi/client".
 The policy is report-only, so the violation has been logged but no further action has been taken. @ https://static.coingecko.com/packs/js/4759-bb3da86498f0a5fd0910.js:0
[    1256ms] [INFO] Evaluating a string as JavaScript violates the following Content Security Policy directive because 'unsafe-eval' is not an allowed source of script: "script-src https://accounts.google.com/gsi/client".
 The policy is report-only, so the violation has been logged but no further action has been taken. @ https://static.coingecko.com/packs/js/4759-bb3da86498f0a5fd0910.js:0
[    1256ms] [INFO] Evaluating a string as JavaScript violates the following Content Security Policy directive because 'unsafe-eval' is not an allowed source of script: "script-src https://accounts.google.com/gsi/client".
 The policy is report-only, so the violation has been logged but no further action has been taken. @ https://static.coingecko.com/packs/js/4759-bb3da86498f0a5fd0910.js:0
[    1256ms] [INFO] Evaluating a string as JavaScript violates the following Content Security Policy directive because 'unsafe-eval' is not an allowed source of script: "script-src https://accounts.google.com/gsi/client".
 The policy is report-only, so the violation has been logged but no further action has been taken. @ https://static.coingecko.com/packs/js/4759-bb3da86498f0a5fd0910.js:0
[    1257ms] [INFO] Evaluating a string as JavaScript violates the following Content Security Policy directive because 'unsafe-eval' is not an allowed source of script: "script-src https://accounts.google.com/gsi/client".
 The policy is report-only, so the violation has been logged but no further action has been taken. @ https://static.coingecko.com/packs/js/4759-bb3da86498f0a5fd0910.js:0
[    1257ms] [INFO] Evaluating a string as JavaScript violates the following Content Security Policy directive because 'unsafe-eval' is not an allowed source of script: "script-src https://accounts.google.com/gsi/client".
 The policy is report-only, so the violation has been logged but no further action has been taken. @ https://static.coingecko.com/packs/js/4759-bb3da86498f0a5fd0910.js:0
[    1258ms] [INFO] Evaluating a string as JavaScript violates the following Content Security Policy directive because 'unsafe-eval' is not an allowed source of script: "script-src https://accounts.google.com/gsi/client".
 The policy is report-only, so the violation has been logged but no further action has been taken. @ https://static.coingecko.com/packs/js/4759-bb3da86498f0a5fd0910.js:0
[    1258ms] [INFO] Evaluating a string as JavaScript violates the following Content Security Policy directive because 'unsafe-eval' is not an allowed source of script: "script-src https://accounts.google.com/gsi/client".
 The policy is report-only, so the violation has been logged but no further action has been taken. @ https://static.coingecko.com/packs/js/4759-bb3da86498f0a5fd0910.js:0
[    1259ms] [INFO] Evaluating a string as JavaScript violates the following Content Security Policy directive because 'unsafe-eval' is not an allowed source of script: "script-src https://accounts.google.com/gsi/client".
 The policy is report-only, so the violation has been logged but no further action has been taken. @ https://static.coingecko.com/packs/js/4759-bb3da86498f0a5fd0910.js:0
[    1259ms] [INFO] Evaluating a string as JavaScript violates the following Content Security Policy directive because 'unsafe-eval' is not an allowed source of script: "script-src https://accounts.google.com/gsi/client".
 The policy is report-only, so the violation has been logged but no further action has been taken. @ https://static.coingecko.com/packs/js/4759-bb3da86498f0a5fd0910.js:0
[    1260ms] [INFO] Evaluating a string as JavaScript violates the following Content Security Policy directive because 'unsafe-eval' is not an allowed source of script: "script-src https://accounts.google.com/gsi/client".
 The policy is report-only, so the violation has been logged but no further action has been taken. @ https://static.coingecko.com/packs/js/4759-bb3da86498f0a5fd0910.js:0
[    1260ms] [INFO] Evaluating a string as JavaScript violates the following Content Security Policy directive because 'unsafe-eval' is not an allowed source of script: "script-src https://accounts.google.com/gsi/client".
 The policy is report-only, so the violation has been logged but no further action has been taken. @ https://static.coingecko.com/packs/js/4759-bb3da86498f0a5fd0910.js:0
[    1260ms] [INFO] Evaluating a string as JavaScript violates the following Content Security Policy directive because 'unsafe-eval' is not an allowed source of script: "script-src https://accounts.google.com/gsi/client".
 The policy is report-only, so the violation has been logged but no further action has been taken. @ https://static.coingecko.com/packs/js/4759-bb3da86498f0a5fd0910.js:0
[    1261ms] [INFO] Evaluating a string as JavaScript violates the following Content Security Policy directive because 'unsafe-eval' is not an allowed source of script: "script-src https://accounts.google.com/gsi/client".
 The policy is report-only, so the violation has been logged but no further action has been taken. @ https://static.coingecko.com/packs/js/4759-bb3da86498f0a5fd0910.js:0
[    1261ms] [INFO] Evaluating a string as JavaScript violates the following Content Security Policy directive because 'unsafe-eval' is not an allowed source of script: "script-src https://accounts.google.com/gsi/client".
 The policy is report-only, so the violation has been logged but no further action has been taken. @ https://static.coingecko.com/packs/js/4759-bb3da86498f0a5fd0910.js:0
[    1262ms] [INFO] Evaluating a string as JavaScript violates the following Content Security Policy directive because 'unsafe-eval' is not an allowed source of script: "script-src https://accounts.google.com/gsi/client".
 The policy is report-only, so the violation has been logged but no further action has been taken. @ https://static.coingecko.com/packs/js/4759-bb3da86498f0a5fd0910.js:0
[    1262ms] [INFO] Evaluating a string as JavaScript violates the following Content Security Policy directive because 'unsafe-eval' is not an allowed source of script: "script-src https://accounts.google.com/gsi/client".
 The policy is report-only, so the violation has been logged but no further action has been taken. @ https://static.coingecko.com/packs/js/4759-bb3da86498f0a5fd0910.js:0
[    1262ms] [INFO] Evaluating a string as JavaScript violates the following Content Security Policy directive because 'unsafe-eval' is not an allowed source of script: "script-src https://accounts.google.com/gsi/client".
 The policy is report-only, so the violation has been logged but no further action has been taken. @ https://static.coingecko.com/packs/js/4759-bb3da86498f0a5fd0910.js:0
[    1263ms] [INFO] Evaluating a string as JavaScript violates the following Content Security Policy directive because 'unsafe-eval' is not an allowed source of script: "script-src https://accounts.google.com/gsi/client".
 The policy is report-only, so the violation has been logged but no further action has been taken. @ https://static.coingecko.com/packs/js/4759-bb3da86498f0a5fd0910.js:0
[    1263ms] [INFO] Evaluating a string as JavaScript violates the following Content Security Policy directive because 'unsafe-eval' is not an allowed source of script: "script-src https://accounts.google.com/gsi/client".
 The policy is report-only, so the violation has been logged but no further action has been taken. @ https://static.coingecko.com/packs/js/4759-bb3da86498f0a5fd0910.js:0
[    1263ms] [INFO] Evaluating a string as JavaScript violates the following Content Security Policy directive because 'unsafe-eval' is not an allowed source of script: "script-src https://accounts.google.com/gsi/client".
 The policy is report-only, so the violation has been logged but no further action has been taken. @ https://static.coingecko.com/packs/js/4759-bb3da86498f0a5fd0910.js:0
[    1264ms] [INFO] Evaluating a string as JavaScript violates the following Content Security Policy directive because 'unsafe-eval' is not an allowed source of script: "script-src https://accounts.google.com/gsi/client".
 The policy is report-only, so the violation has been logged but no further action has been taken. @ https://static.coingecko.com/packs/js/4759-bb3da86498f0a5fd0910.js:0
[    1264ms] [INFO] Evaluating a string as JavaScript violates the following Content Security Policy directive because 'unsafe-eval' is not an allowed source of script: "script-src https://accounts.google.com/gsi/client".
 The policy is report-only, so the violation has been logged but no further action has been taken. @ https://static.coingecko.com/packs/js/4759-bb3da86498f0a5fd0910.js:0
[    1265ms] [INFO] Evaluating a string as JavaScript violates the following Content Security Policy directive because 'unsafe-eval' is not an allowed source of script: "script-src https://accounts.google.com/gsi/client".
 The policy is report-only, so the violation has been logged but no further action has been taken. @ https://static.coingecko.com/packs/js/4759-bb3da86498f0a5fd0910.js:0
[    1265ms] [INFO] Evaluating a string as JavaScript violates the following Content Security Policy directive because 'unsafe-eval' is not an allowed source of script: "script-src https://accounts.google.com/gsi/client".
 The policy is report-only, so the violation has been logged but no further action has been taken. @ https://static.coingecko.com/packs/js/4759-bb3da86498f0a5fd0910.js:0
[    1267ms] [INFO] Evaluating a string as JavaScript violates the following Content Security Policy directive because 'unsafe-eval' is not an allowed source of script: "script-src https://accounts.google.com/gsi/client".
 The policy is report-only, so the violation has been logged but no further action has been taken. @ https://static.coingecko.com/packs/js/4759-bb3da86498f0a5fd0910.js:0
[    1268ms] [INFO] Evaluating a string as JavaScript violates the following Content Security Policy directive because 'unsafe-eval' is not an allowed source of script: "script-src https://accounts.google.com/gsi/client".
 The policy is report-only, so the violation has been logged but no further action has been taken. @ https://static.coingecko.com/packs/js/4759-bb3da86498f0a5fd0910.js:0
[    1268ms] [INFO] Evaluating a string as JavaScript violates the following Content Security Policy directive because 'unsafe-eval' is not an allowed source of script: "script-src https://accounts.google.com/gsi/client".
 The policy is report-only, so the violation has been logged but no further action has been taken. @ https://static.coingecko.com/packs/js/4759-bb3da86498f0a5fd0910.js:0
[    1269ms] [INFO] Evaluating a string as JavaScript violates the following Content Security Policy directive because 'unsafe-eval' is not an allowed source of script: "script-src https://accounts.google.com/gsi/client".
 The policy is report-only, so the violation has been logged but no further action has been taken. @ https://static.coingecko.com/packs/js/4759-bb3da86498f0a5fd0910.js:0
[    1269ms] [INFO] Evaluating a string as JavaScript violates the following Content Security Policy directive because 'unsafe-eval' is not an allowed source of script: "script-src https://accounts.google.com/gsi/client".
 The policy is report-only, so the violation has been logged but no further action has been taken. @ https://static.coingecko.com/packs/js/4759-bb3da86498f0a5fd0910.js:0
[    1269ms] [INFO] Evaluating a string as JavaScript violates the following Content Security Policy directive because 'unsafe-eval' is not an allowed source of script: "script-src https://accounts.google.com/gsi/client".
 The policy is report-only, so the violation has been logged but no further action has been taken. @ https://static.coingecko.com/packs/js/4759-bb3da86498f0a5fd0910.js:0
[    1270ms] [INFO] Evaluating a string as JavaScript violates the following Content Security Policy directive because 'unsafe-eval' is not an allowed source of script: "script-src https://accounts.google.com/gsi/client".
 The policy is report-only, so the violation has been logged but no further action has been taken. @ https://static.coingecko.com/packs/js/4759-bb3da86498f0a5fd0910.js:0
[    1270ms] [INFO] Evaluating a string as JavaScript violates the following Content Security Policy directive because 'unsafe-eval' is not an allowed source of script: "script-src https://accounts.google.com/gsi/client".
 The policy is report-only, so the violation has been logged but no further action has been taken. @ https://static.coingecko.com/packs/js/4759-bb3da86498f0a5fd0910.js:0
[    1272ms] [INFO] Evaluating a string as JavaScript violates the following Content Security Policy directive because 'unsafe-eval' is not an allowed source of script: "script-src https://accounts.google.com/gsi/client".
 The policy is report-only, so the violation has been logged but no further action has been taken. @ https://static.coingecko.com/packs/js/4759-bb3da86498f0a5fd0910.js:0
[    1277ms] [INFO] Evaluating a string as JavaScript violates the following Content Security Policy directive because 'unsafe-eval' is not an allowed source of script: "script-src https://accounts.google.com/gsi/client".
 The policy is report-only, so the violation has been logged but no further action has been taken. @ https://static.coingecko.com/packs/js/4759-bb3da86498f0a5fd0910.js:0
[    1278ms] [INFO] Evaluating a string as JavaScript violates the following Content Security Policy directive because 'unsafe-eval' is not an allowed source of script: "script-src https://accounts.google.com/gsi/client".
 The policy is report-only, so the violation has been logged but no further action has been taken. @ https://static.coingecko.com/packs/js/4759-bb3da86498f0a5fd0910.js:0
[    1279ms] [INFO] Evaluating a string as JavaScript violates the following Content Security Policy directive because 'unsafe-eval' is not an allowed source of script: "script-src https://accounts.google.com/gsi/client".
 The policy is report-only, so the violation has been logged but no further action has been taken. @ https://static.coingecko.com/packs/js/4759-bb3da86498f0a5fd0910.js:0
[    1281ms] [INFO] Evaluating a string as JavaScript violates the following Content Security Policy directive because 'unsafe-eval' is not an allowed source of script: "script-src https://accounts.google.com/gsi/client".
 The policy is report-only, so the violation has been logged but no further action has been taken. @ https://static.coingecko.com/packs/js/4759-bb3da86498f0a5fd0910.js:0
[    1288ms] [INFO] Evaluating a string as JavaScript violates the following Content Security Policy directive because 'unsafe-eval' is not an allowed source of script: "script-src https://accounts.google.com/gsi/client".
 The policy is report-only, so the violation has been logged but no further action has been taken. @ https://static.coingecko.com/packs/js/4759-bb3da86498f0a5fd0910.js:0
[    1289ms] [INFO] Evaluating a string as JavaScript violates the following Content Security Policy directive because 'unsafe-eval' is not an allowed source of script: "script-src https://accounts.google.com/gsi/client".
 The policy is report-only, so the violation has been logged but no further action has been taken. @ https://static.coingecko.com/packs/js/4759-bb3da86498f0a5fd0910.js:0
[    1290ms] [INFO] Evaluating a string as JavaScript violates the following Content Security Policy directive because 'unsafe-eval' is not an allowed source of script: "script-src https://accounts.google.com/gsi/client".
 The policy is report-only, so the violation has been logged but no further action has been taken. @ https://static.coingecko.com/packs/js/4759-bb3da86498f0a5fd0910.js:0
[    1290ms] [INFO] Evaluating a string as JavaScript violates the following Content Security Policy directive because 'unsafe-eval' is not an allowed source of script: "script-src https://accounts.google.com/gsi/client".
 The policy is report-only, so the violation has been logged but no further action has been taken. @ https://static.coingecko.com/packs/js/4759-bb3da86498f0a5fd0910.js:0
[    1292ms] [INFO] Evaluating a string as JavaScript violates the following Content Security Policy directive because 'unsafe-eval' is not an allowed source of script: "script-src https://accounts.google.com/gsi/client".
 The policy is report-only, so the violation has been logged but no further action has been taken. @ https://static.coingecko.com/packs/js/4759-bb3da86498f0a5fd0910.js:0
[    1293ms] [INFO] Evaluating a string as JavaScript violates the following Content Security Policy directive because 'unsafe-eval' is not an allowed source of script: "script-src https://accounts.google.com/gsi/client".
 The policy is report-only, so the violation has been logged but no further action has been taken. @ https://static.coingecko.com/packs/js/4759-bb3da86498f0a5fd0910.js:0
[    1293ms] [INFO] Evaluating a string as JavaScript violates the following Content Security Policy directive because 'unsafe-eval' is not an allowed source of script: "script-src https://accounts.google.com/gsi/client".
 The policy is report-only, so the violation has been logged but no further action has been taken. @ https://static.coingecko.com/packs/js/4759-bb3da86498f0a5fd0910.js:0
[    1293ms] [INFO] Evaluating a string as JavaScript violates the following Content Security Policy directive because 'unsafe-eval' is not an allowed source of script: "script-src https://accounts.google.com/gsi/client".
 The policy is report-only, so the violation has been logged but no further action has been taken. @ https://static.coingecko.com/packs/js/4759-bb3da86498f0a5fd0910.js:0
[    1294ms] [INFO] Evaluating a string as JavaScript violates the following Content Security Policy directive because 'unsafe-eval' is not an allowed source of script: "script-src https://accounts.google.com/gsi/client".
 The policy is report-only, so the violation has been logged but no further action has been taken. @ https://static.coingecko.com/packs/js/4759-bb3da86498f0a5fd0910.js:0
[    1294ms] [INFO] Evaluating a string as JavaScript violates the following Content Security Policy directive because 'unsafe-eval' is not an allowed source of script: "script-src https://accounts.google.com/gsi/client".
 The policy is report-only, so the violation has been logged but no further action has been taken. @ https://static.coingecko.com/packs/js/4759-bb3da86498f0a5fd0910.js:0
[    1295ms] [INFO] Evaluating a string as JavaScript violates the following Content Security Policy directive because 'unsafe-eval' is not an allowed source of script: "script-src https://accounts.google.com/gsi/client".
 The policy is report-only, so the violation has been logged but no further action has been taken. @ https://static.coingecko.com/packs/js/4759-bb3da86498f0a5fd0910.js:0
[    1295ms] [INFO] Evaluating a string as JavaScript violates the following Content Security Policy directive because 'unsafe-eval' is not an allowed source of script: "script-src https://accounts.google.com/gsi/client".
 The policy is report-only, so the violation has been logged but no further action has been taken. @ https://static.coingecko.com/packs/js/4759-bb3da86498f0a5fd0910.js:0
[    1296ms] [INFO] Evaluating a string as JavaScript violates the following Content Security Policy directive because 'unsafe-eval' is not an allowed source of script: "script-src https://accounts.google.com/gsi/client".
 The policy is report-only, so the violation has been logged but no further action has been taken. @ https://static.coingecko.com/packs/js/4759-bb3da86498f0a5fd0910.js:0
[    1296ms] [INFO] Evaluating a string as JavaScript violates the following Content Security Policy directive because 'unsafe-eval' is not an allowed source of script: "script-src https://accounts.google.com/gsi/client".
 The policy is report-only, so the violation has been logged but no further action has been taken. @ https://static.coingecko.com/packs/js/4759-bb3da86498f0a5fd0910.js:0
[    1297ms] [INFO] Evaluating a string as JavaScript violates the following Content Security Policy directive because 'unsafe-eval' is not an allowed source of script: "script-src https://accounts.google.com/gsi/client".
 The policy is report-only, so the violation has been logged but no further action has been taken. @ https://static.coingecko.com/packs/js/4759-bb3da86498f0a5fd0910.js:0
[    1297ms] [INFO] Evaluating a string as JavaScript violates the following Content Security Policy directive because 'unsafe-eval' is not an allowed source of script: "script-src https://accounts.google.com/gsi/client".
 The policy is report-only, so the violation has been logged but no further action has been taken. @ https://static.coingecko.com/packs/js/4759-bb3da86498f0a5fd0910.js:0
[    1298ms] [INFO] Evaluating a string as JavaScript violates the following Content Security Policy directive because 'unsafe-eval' is not an allowed source of script: "script-src https://accounts.google.com/gsi/client".
 The policy is report-only, so the violation has been logged but no further action has been taken. @ https://static.coingecko.com/packs/js/4759-bb3da86498f0a5fd0910.js:0
[    1298ms] [INFO] Evaluating a string as JavaScript violates the following Content Security Policy directive because 'unsafe-eval' is not an allowed source of script: "script-src https://accounts.google.com/gsi/client".
 The policy is report-only, so the violation has been logged but no further action has been taken. @ https://static.coingecko.com/packs/js/4759-bb3da86498f0a5fd0910.js:0
[    1299ms] [INFO] Evaluating a string as JavaScript violates the following Content Security Policy directive because 'unsafe-eval' is not an allowed source of script: "script-src https://accounts.google.com/gsi/client".
 The policy is report-only, so the violation has been logged but no further action has been taken. @ https://static.coingecko.com/packs/js/4759-bb3da86498f0a5fd0910.js:0
[    1300ms] [INFO] Evaluating a string as JavaScript violates the following Content Security Policy directive because 'unsafe-eval' is not an allowed source of script: "script-src https://accounts.google.com/gsi/client".
 The policy is report-only, so the violation has been logged but no further action has been taken. @ https://static.coingecko.com/packs/js/4759-bb3da86498f0a5fd0910.js:0
[    1301ms] [INFO] Evaluating a string as JavaScript violates the following Content Security Policy directive because 'unsafe-eval' is not an allowed source of script: "script-src https://accounts.google.com/gsi/client".
 The policy is report-only, so the violation has been logged but no further action has been taken. @ https://static.coingecko.com/packs/js/4759-bb3da86498f0a5fd0910.js:0
[    1302ms] [INFO] Evaluating a string as JavaScript violates the following Content Security Policy directive because 'unsafe-eval' is not an allowed source of script: "script-src https://accounts.google.com/gsi/client".
 The policy is report-only, so the violation has been logged but no further action has been taken. @ https://static.coingecko.com/packs/js/4759-bb3da86498f0a5fd0910.js:0
[    1302ms] [INFO] Evaluating a string as JavaScript violates the following Content Security Policy directive because 'unsafe-eval' is not an allowed source of script: "script-src https://accounts.google.com/gsi/client".
 The policy is report-only, so the violation has been logged but no further action has been taken. @ https://static.coingecko.com/packs/js/4759-bb3da86498f0a5fd0910.js:0
[    1303ms] [INFO] Evaluating a string as JavaScript violates the following Content Security Policy directive because 'unsafe-eval' is not an allowed source of script: "script-src https://accounts.google.com/gsi/client".
 The policy is report-only, so the violation has been logged but no further action has been taken. @ https://static.coingecko.com/packs/js/4759-bb3da86498f0a5fd0910.js:0
[    1304ms] [INFO] Evaluating a string as JavaScript violates the following Content Security Policy directive because 'unsafe-eval' is not an allowed source of script: "script-src https://accounts.google.com/gsi/client".
 The policy is report-only, so the violation has been logged but no further action has been taken. @ https://static.coingecko.com/packs/js/4759-bb3da86498f0a5fd0910.js:0
[    1304ms] [INFO] Evaluating a string as JavaScript violates the following Content Security Policy directive because 'unsafe-eval' is not an allowed source of script: "script-src https://accounts.google.com/gsi/client".
 The policy is report-only, so the violation has been logged but no further action has been taken. @ https://static.coingecko.com/packs/js/4759-bb3da86498f0a5fd0910.js:0
[    1305ms] [INFO] Evaluating a string as JavaScript violates the following Content Security Policy directive because 'unsafe-eval' is not an allowed source of script: "script-src https://accounts.google.com/gsi/client".
 The policy is report-only, so the violation has been logged but no further action has been taken. @ https://static.coingecko.com/packs/js/4759-bb3da86498f0a5fd0910.js:0
[    1305ms] [INFO] Evaluating a string as JavaScript violates the following Content Security Policy directive because 'unsafe-eval' is not an allowed source of script: "script-src https://accounts.google.com/gsi/client".
 The policy is report-only, so the violation has been logged but no further action has been taken. @ https://static.coingecko.com/packs/js/4759-bb3da86498f0a5fd0910.js:0
[    1305ms] [INFO] Evaluating a string as JavaScript violates the following Content Security Policy directive because 'unsafe-eval' is not an allowed source of script: "script-src https://accounts.google.com/gsi/client".
 The policy is report-only, so the violation has been logged but no further action has been taken. @ https://static.coingecko.com/packs/js/4759-bb3da86498f0a5fd0910.js:0
[    1305ms] [INFO] Evaluating a string as JavaScript violates the following Content Security Policy directive because 'unsafe-eval' is not an allowed source of script: "script-src https://accounts.google.com/gsi/client".
 The policy is report-only, so the violation has been logged but no further action has been taken. @ https://static.coingecko.com/packs/js/4759-bb3da86498f0a5fd0910.js:0
[    1306ms] [INFO] Evaluating a string as JavaScript violates the following Content Security Policy directive because 'unsafe-eval' is not an allowed source of script: "script-src https://accounts.google.com/gsi/client".
 The policy is report-only, so the violation has been logged but no further action has been taken. @ https://static.coingecko.com/packs/js/4759-bb3da86498f0a5fd0910.js:0
[    1306ms] [INFO] Evaluating a string as JavaScript violates the following Content Security Policy directive because 'unsafe-eval' is not an allowed source of script: "script-src https://accounts.google.com/gsi/client".
 The policy is report-only, so the violation has been logged but no further action has been taken. @ https://static.coingecko.com/packs/js/4759-bb3da86498f0a5fd0910.js:0
[    1306ms] [INFO] Evaluating a string as JavaScript violates the following Content Security Policy directive because 'unsafe-eval' is not an allowed source of script: "script-src https://accounts.google.com/gsi/client".
 The policy is report-only, so the violation has been logged but no further action has been taken. @ https://static.coingecko.com/packs/js/4759-bb3da86498f0a5fd0910.js:0
[    1306ms] [INFO] Evaluating a string as JavaScript violates the following Content Security Policy directive because 'unsafe-eval' is not an allowed source of script: "script-src https://accounts.google.com/gsi/client".
 The policy is report-only, so the violation has been logged but no further action has been taken. @ https://static.coingecko.com/packs/js/4759-bb3da86498f0a5fd0910.js:0
[    1307ms] [INFO] Evaluating a string as JavaScript violates the following Content Security Policy directive because 'unsafe-eval' is not an allowed source of script: "script-src https://accounts.google.com/gsi/client".
 The policy is report-only, so the violation has been logged but no further action has been taken. @ https://static.coingecko.com/packs/js/4759-bb3da86498f0a5fd0910.js:0
[    1307ms] [INFO] Evaluating a string as JavaScript violates the following Content Security Policy directive because 'unsafe-eval' is not an allowed source of script: "script-src https://accounts.google.com/gsi/client".
 The policy is report-only, so the violation has been logged but no further action has been taken. @ https://static.coingecko.com/packs/js/4759-bb3da86498f0a5fd0910.js:0
[    1307ms] [INFO] Evaluating a string as JavaScript violates the following Content Security Policy directive because 'unsafe-eval' is not an allowed source of script: "script-src https://accounts.google.com/gsi/client".
 The policy is report-only, so the violation has been logged but no further action has been taken. @ https://static.coingecko.com/packs/js/4759-bb3da86498f0a5fd0910.js:0
[    1307ms] [INFO] Evaluating a string as JavaScript violates the following Content Security Policy directive because 'unsafe-eval' is not an allowed source of script: "script-src https://accounts.google.com/gsi/client".
 The policy is report-only, so the violation has been logged but no further action has been taken. @ https://static.coingecko.com/packs/js/4759-bb3da86498f0a5fd0910.js:0
[    1307ms] [INFO] Evaluating a string as JavaScript violates the following Content Security Policy directive because 'unsafe-eval' is not an allowed source of script: "script-src https://accounts.google.com/gsi/client".
 The policy is report-only, so the violation has been logged but no further action has been taken. @ https://static.coingecko.com/packs/js/4759-bb3da86498f0a5fd0910.js:0
[    1308ms] [INFO] Evaluating a string as JavaScript violates the following Content Security Policy directive because 'unsafe-eval' is not an allowed source of script: "script-src https://accounts.google.com/gsi/client".
 The policy is report-only, so the violation has been logged but no further action has been taken. @ https://static.coingecko.com/packs/js/4759-bb3da86498f0a5fd0910.js:0
[    1309ms] [INFO] Evaluating a string as JavaScript violates the following Content Security Policy directive because 'unsafe-eval' is not an allowed source of script: "script-src https://accounts.google.com/gsi/client".
 The policy is report-only, so the violation has been logged but no further action has been taken. @ https://static.coingecko.com/packs/js/4759-bb3da86498f0a5fd0910.js:0
[    1309ms] [INFO] Evaluating a string as JavaScript violates the following Content Security Policy directive because 'unsafe-eval' is not an allowed source of script: "script-src https://accounts.google.com/gsi/client".
 The policy is report-only, so the violation has been logged but no further action has been taken. @ https://static.coingecko.com/packs/js/4759-bb3da86498f0a5fd0910.js:0
[    1309ms] [INFO] Evaluating a string as JavaScript violates the following Content Security Policy directive because 'unsafe-eval' is not an allowed source of script: "script-src https://accounts.google.com/gsi/client".
 The policy is report-only, so the violation has been logged but no further action has been taken. @ https://static.coingecko.com/packs/js/4759-bb3da86498f0a5fd0910.js:0
[    1310ms] [INFO] Evaluating a string as JavaScript violates the following Content Security Policy directive because 'unsafe-eval' is not an allowed source of script: "script-src https://accounts.google.com/gsi/client".
 The policy is report-only, so the violation has been logged but no further action has been taken. @ https://static.coingecko.com/packs/js/4759-bb3da86498f0a5fd0910.js:0
[    1312ms] [INFO] Evaluating a string as JavaScript violates the following Content Security Policy directive because 'unsafe-eval' is not an allowed source of script: "script-src https://accounts.google.com/gsi/client".
 The policy is report-only, so the violation has been logged but no further action has been taken. @ https://static.coingecko.com/packs/js/4759-bb3da86498f0a5fd0910.js:0
[    1313ms] [INFO] Evaluating a string as JavaScript violates the following Content Security Policy directive because 'unsafe-eval' is not an allowed source of script: "script-src https://accounts.google.com/gsi/client".
 The policy is report-only, so the violation has been logged but no further action has been taken. @ https://static.coingecko.com/packs/js/4759-bb3da86498f0a5fd0910.js:0
[    1313ms] [INFO] Evaluating a string as JavaScript violates the following Content Security Policy directive because 'unsafe-eval' is not an allowed source of script: "script-src https://accounts.google.com/gsi/client".
 The policy is report-only, so the violation has been logged but no further action has been taken. @ https://static.coingecko.com/packs/js/4759-bb3da86498f0a5fd0910.js:0
[    1313ms] [INFO] Evaluating a string as JavaScript violates the following Content Security Policy directive because 'unsafe-eval' is not an allowed source of script: "script-src https://accounts.google.com/gsi/client".
 The policy is report-only, so the violation has been logged but no further action has been taken. @ https://static.coingecko.com/packs/js/4759-bb3da86498f0a5fd0910.js:0
[    1314ms] [INFO] Evaluating a string as JavaScript violates the following Content Security Policy directive because 'unsafe-eval' is not an allowed source of script: "script-src https://accounts.google.com/gsi/client".
 The policy is report-only, so the violation has been logged but no further action has been taken. @ https://static.coingecko.com/packs/js/4759-bb3da86498f0a5fd0910.js:0
[    1314ms] [INFO] Evaluating a string as JavaScript violates the following Content Security Policy directive because 'unsafe-eval' is not an allowed source of script: "script-src https://accounts.google.com/gsi/client".
 The policy is report-only, so the violation has been logged but no further action has been taken. @ https://static.coingecko.com/packs/js/4759-bb3da86498f0a5fd0910.js:0
[    1314ms] [INFO] Evaluating a string as JavaScript violates the following Content Security Policy directive because 'unsafe-eval' is not an allowed source of script: "script-src https://accounts.google.com/gsi/client".
 The policy is report-only, so the violation has been logged but no further action has been taken. @ https://static.coingecko.com/packs/js/4759-bb3da86498f0a5fd0910.js:0
[    1315ms] [INFO] Evaluating a string as JavaScript violates the following Content Security Policy directive because 'unsafe-eval' is not an allowed source of script: "script-src https://accounts.google.com/gsi/client".
 The policy is report-only, so the violation has been logged but no further action has been taken. @ https://static.coingecko.com/packs/js/4759-bb3da86498f0a5fd0910.js:0
[    1315ms] [INFO] Evaluating a string as JavaScript violates the following Content Security Policy directive because 'unsafe-eval' is not an allowed source of script: "script-src https://accounts.google.com/gsi/client".
 The policy is report-only, so the violation has been logged but no further action has been taken. @ https://static.coingecko.com/packs/js/4759-bb3da86498f0a5fd0910.js:0
[    1316ms] [INFO] Evaluating a string as JavaScript violates the following Content Security Policy directive because 'unsafe-eval' is not an allowed source of script: "script-src https://accounts.google.com/gsi/client".
 The policy is report-only, so the violation has been logged but no further action has been taken. @ https://static.coingecko.com/packs/js/4759-bb3da86498f0a5fd0910.js:0
[    1316ms] [INFO] Evaluating a string as JavaScript violates the following Content Security Policy directive because 'unsafe-eval' is not an allowed source of script: "script-src https://accounts.google.com/gsi/client".
 The policy is report-only, so the violation has been logged but no further action has been taken. @ https://static.coingecko.com/packs/js/4759-bb3da86498f0a5fd0910.js:0
[    1317ms] [INFO] Evaluating a string as JavaScript violates the following Content Security Policy directive because 'unsafe-eval' is not an allowed source of script: "script-src https://accounts.google.com/gsi/client".
 The policy is report-only, so the violation has been logged but no further action has been taken. @ https://static.coingecko.com/packs/js/4759-bb3da86498f0a5fd0910.js:0
[    1317ms] [INFO] Evaluating a string as JavaScript violates the following Content Security Policy directive because 'unsafe-eval' is not an allowed source of script: "script-src https://accounts.google.com/gsi/client".
 The policy is report-only, so the violation has been logged but no further action has been taken. @ https://static.coingecko.com/packs/js/4759-bb3da86498f0a5fd0910.js:0
[    1318ms] [INFO] Evaluating a string as JavaScript violates the following Content Security Policy directive because 'unsafe-eval' is not an allowed source of script: "script-src https://accounts.google.com/gsi/client".
 The policy is report-only, so the violation has been logged but no further action has been taken. @ https://static.coingecko.com/packs/js/4759-bb3da86498f0a5fd0910.js:0
[    1318ms] [INFO] Evaluating a string as JavaScript violates the following Content Security Policy directive because 'unsafe-eval' is not an allowed source of script: "script-src https://accounts.google.com/gsi/client".
 The policy is report-only, so the violation has been logged but no further action has been taken. @ https://static.coingecko.com/packs/js/4759-bb3da86498f0a5fd0910.js:0
[    1319ms] [INFO] Evaluating a string as JavaScript violates the following Content Security Policy directive because 'unsafe-eval' is not an allowed source of script: "script-src https://accounts.google.com/gsi/client".
 The policy is report-only, so the violation has been logged but no further action has been taken. @ https://static.coingecko.com/packs/js/4759-bb3da86498f0a5fd0910.js:0
[    1319ms] [INFO] Evaluating a string as JavaScript violates the following Content Security Policy directive because 'unsafe-eval' is not an allowed source of script: "script-src https://accounts.google.com/gsi/client".
 The policy is report-only, so the violation has been logged but no further action has been taken. @ https://static.coingecko.com/packs/js/4759-bb3da86498f0a5fd0910.js:0
[    1319ms] [INFO] Evaluating a string as JavaScript violates the following Content Security Policy directive because 'unsafe-eval' is not an allowed source of script: "script-src https://accounts.google.com/gsi/client".
 The policy is report-only, so the violation has been logged but no further action has been taken. @ https://static.coingecko.com/packs/js/4759-bb3da86498f0a5fd0910.js:0
[    1319ms] [INFO] Evaluating a string as JavaScript violates the following Content Security Policy directive because 'unsafe-eval' is not an allowed source of script: "script-src https://accounts.google.com/gsi/client".
 The policy is report-only, so the violation has been logged but no further action has been taken. @ https://static.coingecko.com/packs/js/4759-bb3da86498f0a5fd0910.js:0
[    1320ms] [INFO] Evaluating a string as JavaScript violates the following Content Security Policy directive because 'unsafe-eval' is not an allowed source of script: "script-src https://accounts.google.com/gsi/client".
 The policy is report-only, so the violation has been logged but no further action has been taken. @ https://static.coingecko.com/packs/js/4759-bb3da86498f0a5fd0910.js:0
[    1320ms] [INFO] Evaluating a string as JavaScript violates the following Content Security Policy directive because 'unsafe-eval' is not an allowed source of script: "script-src https://accounts.google.com/gsi/client".
 The policy is report-only, so the violation has been logged but no further action has been taken. @ https://static.coingecko.com/packs/js/4759-bb3da86498f0a5fd0910.js:0
[    1320ms] [INFO] Evaluating a string as JavaScript violates the following Content Security Policy directive because 'unsafe-eval' is not an allowed source of script: "script-src https://accounts.google.com/gsi/client".
 The policy is report-only, so the violation has been logged but no further action has been taken. @ https://static.coingecko.com/packs/js/4759-bb3da86498f0a5fd0910.js:0
[    1321ms] [INFO] Evaluating a string as JavaScript violates the following Content Security Policy directive because 'unsafe-eval' is not an allowed source of script: "script-src https://accounts.google.com/gsi/client".
 The policy is report-only, so the violation has been logged but no further action has been taken. @ https://static.coingecko.com/packs/js/4759-bb3da86498f0a5fd0910.js:0
[    1321ms] [INFO] Evaluating a string as JavaScript violates the following Content Security Policy directive because 'unsafe-eval' is not an allowed source of script: "script-src https://accounts.google.com/gsi/client".
 The policy is report-only, so the violation has been logged but no further action has been taken. @ https://static.coingecko.com/packs/js/4759-bb3da86498f0a5fd0910.js:0
[    1321ms] [INFO] Evaluating a string as JavaScript violates the following Content Security Policy directive because 'unsafe-eval' is not an allowed source of script: "script-src https://accounts.google.com/gsi/client".
 The policy is report-only, so the violation has been logged but no further action has been taken. @ https://static.coingecko.com/packs/js/4759-bb3da86498f0a5fd0910.js:0
[    1321ms] [INFO] Evaluating a string as JavaScript violates the following Content Security Policy directive because 'unsafe-eval' is not an allowed source of script: "script-src https://accounts.google.com/gsi/client".
 The policy is report-only, so the violation has been logged but no further action has been taken. @ https://static.coingecko.com/packs/js/4759-bb3da86498f0a5fd0910.js:0
[    1322ms] [INFO] Evaluating a string as JavaScript violates the following Content Security Policy directive because 'unsafe-eval' is not an allowed source of script: "script-src https://accounts.google.com/gsi/client".
 The policy is report-only, so the violation has been logged but no further action has been taken. @ https://static.coingecko.com/packs/js/4759-bb3da86498f0a5fd0910.js:0
[    1323ms] [INFO] Evaluating a string as JavaScript violates the following Content Security Policy directive because 'unsafe-eval' is not an allowed source of script: "script-src https://accounts.google.com/gsi/client".
 The policy is report-only, so the violation has been logged but no further action has been taken. @ https://static.coingecko.com/packs/js/4759-bb3da86498f0a5fd0910.js:0
[    1324ms] [INFO] Evaluating a string as JavaScript violates the following Content Security Policy directive because 'unsafe-eval' is not an allowed source of script: "script-src https://accounts.google.com/gsi/client".
 The policy is report-only, so the violation has been logged but no further action has been taken. @ https://static.coingecko.com/packs/js/4759-bb3da86498f0a5fd0910.js:0
[    1324ms] [INFO] Evaluating a string as JavaScript violates the following Content Security Policy directive because 'unsafe-eval' is not an allowed source of script: "script-src https://accounts.google.com/gsi/client".
 The policy is report-only, so the violation has been logged but no further action has been taken. @ https://static.coingecko.com/packs/js/4759-bb3da86498f0a5fd0910.js:0
[    1324ms] [INFO] Evaluating a string as JavaScript violates the following Content Security Policy directive because 'unsafe-eval' is not an allowed source of script: "script-src https://accounts.google.com/gsi/client".
 The policy is report-only, so the violation has been logged but no further action has been taken. @ https://static.coingecko.com/packs/js/4759-bb3da86498f0a5fd0910.js:0
[    1325ms] [INFO] Evaluating a string as JavaScript violates the following Content Security Policy directive because 'unsafe-eval' is not an allowed source of script: "script-src https://accounts.google.com/gsi/client".
 The policy is report-only, so the violation has been logged but no further action has been taken. @ https://static.coingecko.com/packs/js/4759-bb3da86498f0a5fd0910.js:0
[    1325ms] [INFO] Evaluating a string as JavaScript violates the following Content Security Policy directive because 'unsafe-eval' is not an allowed source of script: "script-src https://accounts.google.com/gsi/client".
 The policy is report-only, so the violation has been logged but no further action has been taken. @ https://static.coingecko.com/packs/js/4759-bb3da86498f0a5fd0910.js:0
[    1325ms] [INFO] Evaluating a string as JavaScript violates the following Content Security Policy directive because 'unsafe-eval' is not an allowed source of script: "script-src https://accounts.google.com/gsi/client".
 The policy is report-only, so the violation has been logged but no further action has been taken. @ https://static.coingecko.com/packs/js/4759-bb3da86498f0a5fd0910.js:0
[    1327ms] [INFO] Evaluating a string as JavaScript violates the following Content Security Policy directive because 'unsafe-eval' is not an allowed source of script: "script-src https://accounts.google.com/gsi/client".
 The policy is report-only, so the violation has been logged but no further action has been taken. @ https://static.coingecko.com/packs/js/4759-bb3da86498f0a5fd0910.js:0
[    1328ms] [INFO] Evaluating a string as JavaScript violates the following Content Security Policy directive because 'unsafe-eval' is not an allowed source of script: "script-src https://accounts.google.com/gsi/client".
 The policy is report-only, so the violation has been logged but no further action has been taken. @ https://static.coingecko.com/packs/js/4759-bb3da86498f0a5fd0910.js:0
[    1328ms] [INFO] Evaluating a string as JavaScript violates the following Content Security Policy directive because 'unsafe-eval' is not an allowed source of script: "script-src https://accounts.google.com/gsi/client".
 The policy is report-only, so the violation has been logged but no further action has been taken. @ https://static.coingecko.com/packs/js/4759-bb3da86498f0a5fd0910.js:0
[    1329ms] [INFO] Evaluating a string as JavaScript violates the following Content Security Policy directive because 'unsafe-eval' is not an allowed source of script: "script-src https://accounts.google.com/gsi/client".
 The policy is report-only, so the violation has been logged but no further action has been taken. @ https://static.coingecko.com/packs/js/4759-bb3da86498f0a5fd0910.js:0
[    1329ms] [INFO] Evaluating a string as JavaScript violates the following Content Security Policy directive because 'unsafe-eval' is not an allowed source of script: "script-src https://accounts.google.com/gsi/client".
 The policy is report-only, so the violation has been logged but no further action has been taken. @ https://static.coingecko.com/packs/js/4759-bb3da86498f0a5fd0910.js:0
[    1329ms] [INFO] Evaluating a string as JavaScript violates the following Content Security Policy directive because 'unsafe-eval' is not an allowed source of script: "script-src https://accounts.google.com/gsi/client".
 The policy is report-only, so the violation has been logged but no further action has been taken. @ https://static.coingecko.com/packs/js/4759-bb3da86498f0a5fd0910.js:0
[    1331ms] [INFO] Evaluating a string as JavaScript violates the following Content Security Policy directive because 'unsafe-eval' is not an allowed source of script: "script-src https://accounts.google.com/gsi/client".
 The policy is report-only, so the violation has been logged but no further action has been taken. @ https://static.coingecko.com/packs/js/4759-bb3da86498f0a5fd0910.js:0
[    1332ms] [INFO] Evaluating a string as JavaScript violates the following Content Security Policy directive because 'unsafe-eval' is not an allowed source of script: "script-src https://accounts.google.com/gsi/client".
 The policy is report-only, so the violation has been logged but no further action has been taken. @ https://static.coingecko.com/packs/js/4759-bb3da86498f0a5fd0910.js:0
[    1333ms] [INFO] Evaluating a string as JavaScript violates the following Content Security Policy directive because 'unsafe-eval' is not an allowed source of script: "script-src https://accounts.google.com/gsi/client".
 The policy is report-only, so the violation has been logged but no further action has been taken. @ https://static.coingecko.com/packs/js/4759-bb3da86498f0a5fd0910.js:0
[    1333ms] [INFO] Evaluating a string as JavaScript violates the following Content Security Policy directive because 'unsafe-eval' is not an allowed source of script: "script-src https://accounts.google.com/gsi/client".
 The policy is report-only, so the violation has been logged but no further action has been taken. @ https://static.coingecko.com/packs/js/4759-bb3da86498f0a5fd0910.js:0
[    1334ms] [INFO] Evaluating a string as JavaScript violates the following Content Security Policy directive because 'unsafe-eval' is not an allowed source of script: "script-src https://accounts.google.com/gsi/client".
 The policy is report-only, so the violation has been logged but no further action has been taken. @ https://static.coingecko.com/packs/js/4759-bb3da86498f0a5fd0910.js:0
[    1335ms] [INFO] Evaluating a string as JavaScript violates the following Content Security Policy directive because 'unsafe-eval' is not an allowed source of script: "script-src https://accounts.google.com/gsi/client".
 The policy is report-only, so the violation has been logged but no further action has been taken. @ https://static.coingecko.com/packs/js/4759-bb3da86498f0a5fd0910.js:0
[    1335ms] [INFO] Evaluating a string as JavaScript violates the following Content Security Policy directive because 'unsafe-eval' is not an allowed source of script: "script-src https://accounts.google.com/gsi/client".
 The policy is report-only, so the violation has been logged but no further action has been taken. @ https://static.coingecko.com/packs/js/4759-bb3da86498f0a5fd0910.js:0
[    1335ms] [INFO] Evaluating a string as JavaScript violates the following Content Security Policy directive because 'unsafe-eval' is not an allowed source of script: "script-src https://accounts.google.com/gsi/client".
 The policy is report-only, so the violation has been logged but no further action has been taken. @ https://static.coingecko.com/packs/js/4759-bb3da86498f0a5fd0910.js:0
[    1336ms] [INFO] Evaluating a string as JavaScript violates the following Content Security Policy directive because 'unsafe-eval' is not an allowed source of script: "script-src https://accounts.google.com/gsi/client".
 The policy is report-only, so the violation has been logged but no further action has been taken. @ https://static.coingecko.com/packs/js/4759-bb3da86498f0a5fd0910.js:0
[    1336ms] [INFO] Evaluating a string as JavaScript violates the following Content Security Policy directive because 'unsafe-eval' is not an allowed source of script: "script-src https://accounts.google.com/gsi/client".
 The policy is report-only, so the violation has been logged but no further action has been taken. @ https://static.coingecko.com/packs/js/4759-bb3da86498f0a5fd0910.js:0
[    1336ms] [INFO] Evaluating a string as JavaScript violates the following Content Security Policy directive because 'unsafe-eval' is not an allowed source of script: "script-src https://accounts.google.com/gsi/client".
 The policy is report-only, so the violation has been logged but no further action has been taken. @ https://static.coingecko.com/packs/js/4759-bb3da86498f0a5fd0910.js:0
[    1337ms] [INFO] Evaluating a string as JavaScript violates the following Content Security Policy directive because 'unsafe-eval' is not an allowed source of script: "script-src https://accounts.google.com/gsi/client".
 The policy is report-only, so the violation has been logged but no further action has been taken. @ https://static.coingecko.com/packs/js/4759-bb3da86498f0a5fd0910.js:0
[    1337ms] [INFO] Evaluating a string as JavaScript violates the following Content Security Policy directive because 'unsafe-eval' is not an allowed source of script: "script-src https://accounts.google.com/gsi/client".
 The policy is report-only, so the violation has been logged but no further action has been taken. @ https://static.coingecko.com/packs/js/4759-bb3da86498f0a5fd0910.js:0
[    1337ms] [INFO] Evaluating a string as JavaScript violates the following Content Security Policy directive because 'unsafe-eval' is not an allowed source of script: "script-src https://accounts.google.com/gsi/client".
 The policy is report-only, so the violation has been logged but no further action has been taken. @ https://static.coingecko.com/packs/js/4759-bb3da86498f0a5fd0910.js:0
[    1337ms] [INFO] Evaluating a string as JavaScript violates the following Content Security Policy directive because 'unsafe-eval' is not an allowed source of script: "script-src https://accounts.google.com/gsi/client".
 The policy is report-only, so the violation has been logged but no further action has been taken. @ https://static.coingecko.com/packs/js/4759-bb3da86498f0a5fd0910.js:0
[    1338ms] [INFO] Evaluating a string as JavaScript violates the following Content Security Policy directive because 'unsafe-eval' is not an allowed source of script: "script-src https://accounts.google.com/gsi/client".
 The policy is report-only, so the violation has been logged but no further action has been taken. @ https://static.coingecko.com/packs/js/4759-bb3da86498f0a5fd0910.js:0
[    1338ms] [INFO] Evaluating a string as JavaScript violates the following Content Security Policy directive because 'unsafe-eval' is not an allowed source of script: "script-src https://accounts.google.com/gsi/client".
 The policy is report-only, so the violation has been logged but no further action has been taken. @ https://static.coingecko.com/packs/js/4759-bb3da86498f0a5fd0910.js:0
[    1338ms] [INFO] Evaluating a string as JavaScript violates the following Content Security Policy directive because 'unsafe-eval' is not an allowed source of script: "script-src https://accounts.google.com/gsi/client".
 The policy is report-only, so the violation has been logged but no further action has been taken. @ https://static.coingecko.com/packs/js/4759-bb3da86498f0a5fd0910.js:0
[    1339ms] [INFO] Evaluating a string as JavaScript violates the following Content Security Policy directive because 'unsafe-eval' is not an allowed source of script: "script-src https://accounts.google.com/gsi/client".
 The policy is report-only, so the violation has been logged but no further action has been taken. @ https://static.coingecko.com/packs/js/4759-bb3da86498f0a5fd0910.js:0
[    1368ms] [ERROR] no consent config, check the config cookie name @ https://static.coingecko.com/packs/js/3722-e74585e755b0c03bbab2.js:0
[    1388ms] [INFO] Connecting to 'wss://cables.coingecko.com/cable' violates the following Content Security Policy directive: "connect-src https://accounts.google.com/gsi/". The policy is report-only, so the violation has been logged but no further action has been taken. @ https://static.coingecko.com/packs/js/4089-2d7a15cd0d9e343946fc.js:0
[    1398ms] [INFO] Connecting to 'https://o4508323025911808.ingest.us.sentry.io/api/4508339685621761/envelope/?sentry_version=7&sentry_key=b9d74d9f9f5ffb2451d8883fe57f25c7&sentry_client=sentry.javascript.browser%2F8.55.0' violates the following Content Security Policy directive: "connect-src https://accounts.google.com/gsi/". The policy is report-only, so the violation has been logged but no further action has been taken. @ https://static.coingecko.com/packs/js/1191-ab9c9b0a663f542b5cba.js:1
[    1398ms] [INFO] Connecting to 'https://o4508323025911808.ingest.us.sentry.io/api/4508339685621761/envelope/?sentry_version=7&sentry_key=b9d74d9f9f5ffb2451d8883fe57f25c7&sentry_client=sentry.javascript.browser%2F8.55.0' violates the following Content Security Policy directive: "connect-src https://accounts.google.com/gsi/". The policy is report-only, so the violation has been logged but no further action has been taken. @ https://static.coingecko.com/packs/js/1191-ab9c9b0a663f542b5cba.js:1
[    1408ms] [INFO] Connecting to 'https://www.coingecko.com/accounts/logged_in_user.json' violates the following Content Security Policy directive: "connect-src https://accounts.google.com/gsi/". The policy is report-only, so the violation has been logged but no further action has been taken. @ https://static.coingecko.com/packs/js/1191-ab9c9b0a663f542b5cba.js:1
[    1408ms] [INFO] Connecting to 'https://www.coingecko.com/accounts/logged_in_user.json' violates the following Content Security Policy directive: "connect-src https://accounts.google.com/gsi/". The policy is report-only, so the violation has been logged but no further action has been taken. @ https://static.coingecko.com/packs/js/1191-ab9c9b0a663f542b5cba.js:1
[    1409ms] [INFO] Connecting to 'https://www.coingecko.com/accounts/csrf_meta.json' violates the following Content Security Policy directive: "connect-src https://accounts.google.com/gsi/". The policy is report-only, so the violation has been logged but no further action has been taken. @ https://static.coingecko.com/packs/js/1191-ab9c9b0a663f542b5cba.js:1
[    1409ms] [INFO] Connecting to 'https://www.coingecko.com/accounts/csrf_meta.json' violates the following Content Security Policy directive: "connect-src https://accounts.google.com/gsi/". The policy is report-only, so the violation has been logged but no further action has been taken. @ https://static.coingecko.com/packs/js/1191-ab9c9b0a663f542b5cba.js:1
[    1420ms] [INFO] Connecting to 'https://www.coingecko.com/accounts/analytics_user_data.json' violates the following Content Security Policy directive: "connect-src https://accounts.google.com/gsi/". The policy is report-only, so the violation has been logged but no further action has been taken. @ https://static.coingecko.com/packs/js/1191-ab9c9b0a663f542b5cba.js:1
[    1420ms] [INFO] Connecting to 'https://www.coingecko.com/accounts/analytics_user_data.json' violates the following Content Security Policy directive: "connect-src https://accounts.google.com/gsi/". The policy is report-only, so the violation has been logged but no further action has been taken. @ https://static.coingecko.com/packs/js/1191-ab9c9b0a663f542b5cba.js:1
[    1446ms] [ERROR] no consent config, check the config cookie name @ https://static.coingecko.com/packs/js/1191-ab9c9b0a663f542b5cba.js:1
[    1474ms] [INFO] Connecting to 'https://unpkg.com/@rive-app/canvas@2.30.0/rive.wasm' violates the following Content Security Policy directive: "connect-src https://accounts.google.com/gsi/". The policy is report-only, so the violation has been logged but no further action has been taken. @ https://static.coingecko.com/packs/js/1191-ab9c9b0a663f542b5cba.js:1
[    1474ms] [INFO] Connecting to 'https://unpkg.com/@rive-app/canvas@2.30.0/rive.wasm' violates the following Content Security Policy directive: "connect-src https://accounts.google.com/gsi/". The policy is report-only, so the violation has been logged but no further action has been taken. @ https://static.coingecko.com/packs/js/1191-ab9c9b0a663f542b5cba.js:1
[    1528ms] [INFO] Connecting to 'https://geolocation.onetrust.com/cookieconsentpub/v1/geo/location' violates the following Content Security Policy directive: "connect-src https://accounts.google.com/gsi/". The policy is report-only, so the violation has been logged but no further action has been taken. @ https://static.coingecko.com/packs/js/1191-ab9c9b0a663f542b5cba.js:1
[    1546ms] [VERBOSE] [DOM] Password forms should have (optionally hidden) username fields for accessibility: (More info: https://goo.gl/9p2vKq) %o @ https://www.coingecko.com/en/coins/new:0
[    1546ms] [VERBOSE] [DOM] Input elements should have autocomplete attributes (suggested: "current-password"): (More info: https://goo.gl/9p2vKq) %o @ https://www.coingecko.com/en/coins/new:0
[    1558ms] [ERROR] Framing 'https://challenges.cloudflare.com/' violates the following report-only Content Security Policy directive: "frame-src https://accounts.google.com/gsi/". The violation has been logged, but no further action has been taken.
 @ https://challenges.cloudflare.com/:0
[    1675ms] [INFO] Loading the script 'blob:https://www.coingecko.com/b00ca4e4-8a7d-44db-adfd-ddef466e4456' violates the following Content Security Policy directive: "script-src https://accounts.google.com/gsi/client". Note that 'script-src-elem' was not explicitly set, so 'script-src' is used as a fallback. The policy is report-only, so the violation has been logged but no further action has been taken. @ https://cdn.confiant-integrations.net/gptprebidnative/202604301904/wrap.js:49
[    1697ms] [INFO] Loading the script 'https://cdn-apac.onetrust.com/scripttemplates/202601.2.0/otBannerSdk.js' violates the following Content Security Policy directive: "script-src https://accounts.google.com/gsi/client". Note that 'script-src-elem' was not explicitly set, so 'script-src' is used as a fallback. The policy is report-only, so the violation has been logged but no further action has been taken. @ https://cdn-apac.onetrust.com/scripttemplates/otSDKStub.js:0
[    1698ms] [INFO] Compiling or instantiating a WebAssembly module violates the following Content Security policy directive because 'unsafe-eval' is not an allowed source of script: "script-src https://accounts.google.com/gsi/client". The policy is report-only, so the violation has been logged but no further action has been taken. @ https://static.coingecko.com/packs/js/4052-6b094d4ef060a0ce058d.js:0
[    1699ms] [ERROR] Framing 'https://challenges.cloudflare.com/' violates the following report-only Content Security Policy directive: "frame-src https://accounts.google.com/gsi/". The violation has been logged, but no further action has been taken.
 @ https://challenges.cloudflare.com/:0
[    1782ms] [INFO] Executing inline script violates the following Content Security Policy directive 'script-src https://accounts.google.com/gsi/client'. Either the 'unsafe-inline' keyword, a hash ('sha256-hum4orv69BbPMH5BGGf8dlrxk3RAcUgRiS7XE2rq8Qc='), or a nonce ('nonce-...') is required to enable inline execution. The policy is report-only, so the violation has been logged but no further action has been taken. @ https://html-load.cc/script/d3d3LmNvaW5nZWNrby5jb20.js:1
[    1821ms] [INFO] Connecting to 'https://pagead2.googlesyndication.com/pagead/js/adsbygoogle.js' violates the following Content Security Policy directive: "connect-src https://accounts.google.com/gsi/". The policy is report-only, so the violation has been logged but no further action has been taken. @ https://static.coingecko.com/packs/js/1191-ab9c9b0a663f542b5cba.js:1
[    1821ms] [INFO] Connecting to 'https://pagead2.googlesyndication.com/pagead/js/adsbygoogle.js' violates the following Content Security Policy directive: "connect-src https://accounts.google.com/gsi/". The policy is report-only, so the violation has been logged but no further action has been taken. @ https://static.coingecko.com/packs/js/1191-ab9c9b0a663f542b5cba.js:1
[    1821ms] [INFO] Connecting to 'https://static.criteo.net/js/ld/publishertag.prebid.js' violates the following Content Security Policy directive: "connect-src https://accounts.google.com/gsi/". The policy is report-only, so the violation has been logged but no further action has been taken. @ https://static.coingecko.com/packs/js/1191-ab9c9b0a663f542b5cba.js:1
[    1821ms] [INFO] Connecting to 'https://static.criteo.net/js/ld/publishertag.prebid.js' violates the following Content Security Policy directive: "connect-src https://accounts.google.com/gsi/". The policy is report-only, so the violation has been logged but no further action has been taken. @ https://static.coingecko.com/packs/js/1191-ab9c9b0a663f542b5cba.js:1
[    1829ms] [INFO] Loading the script 'https://pagead2.googlesyndication.com/pagead/js/adsbygoogle.js' violates the following Content Security Policy directive: "script-src https://accounts.google.com/gsi/client". Note that 'script-src-elem' was not explicitly set, so 'script-src' is used as a fallback. The policy is report-only, so the violation has been logged but no further action has been taken. @ https://html-load.cc/script/d3d3LmNvaW5nZWNrby5jb20.js:1
[    1841ms] [ERROR] no consent config, check the config cookie name @ https://static.coingecko.com/packs/js/1191-ab9c9b0a663f542b5cba.js:1
[    1848ms] [INFO] Connecting to 'https://www.coingecko.com/en/portfolios/quick_add_coins_logged_out?coin_ids=&lop_coin_ids=' violates the following Content Security Policy directive: "connect-src https://accounts.google.com/gsi/". The policy is report-only, so the violation has been logged but no further action has been taken. @ https://static.coingecko.com/packs/js/1191-ab9c9b0a663f542b5cba.js:1
[    1848ms] [INFO] Connecting to 'https://www.coingecko.com/en/portfolios/quick_add_coins_logged_out?coin_ids=&lop_coin_ids=' violates the following Content Security Policy directive: "connect-src https://accounts.google.com/gsi/". The policy is report-only, so the violation has been logged but no further action has been taken. @ https://static.coingecko.com/packs/js/1191-ab9c9b0a663f542b5cba.js:1
[    1899ms] [INFO] Connecting to 'https://cdn-apac.onetrust.com/consent/49e8a847-f2c7-4b58-a340-caf0924064fe/019c9cde-a773-72b4-8c50-651e42514509/en.json' violates the following Content Security Policy directive: "connect-src https://accounts.google.com/gsi/". The policy is report-only, so the violation has been logged but no further action has been taken. @ https://static.coingecko.com/packs/js/1191-ab9c9b0a663f542b5cba.js:1
[    1899ms] [INFO] Connecting to 'https://cdn-apac.onetrust.com/consent/49e8a847-f2c7-4b58-a340-caf0924064fe/019c9cde-a773-72b4-8c50-651e42514509/en.json' violates the following Content Security Policy directive: "connect-src https://accounts.google.com/gsi/". The policy is report-only, so the violation has been logged but no further action has been taken. @ https://static.coingecko.com/packs/js/1191-ab9c9b0a663f542b5cba.js:1
[    2130ms] [INFO] Connecting to 'https://cdn-apac.onetrust.com/consent/49e8a847-f2c7-4b58-a340-caf0924064fe/019c9cde-a773-72b4-8c50-651e42514509/bLayout-en.json' violates the following Content Security Policy directive: "connect-src https://accounts.google.com/gsi/". The policy is report-only, so the violation has been logged but no further action has been taken. @ https://static.coingecko.com/packs/js/1191-ab9c9b0a663f542b5cba.js:1
[    2130ms] [INFO] Connecting to 'https://cdn-apac.onetrust.com/consent/49e8a847-f2c7-4b58-a340-caf0924064fe/019c9cde-a773-72b4-8c50-651e42514509/bLayout-en.json' violates the following Content Security Policy directive: "connect-src https://accounts.google.com/gsi/". The policy is report-only, so the violation has been logged but no further action has been taken. @ https://static.coingecko.com/packs/js/1191-ab9c9b0a663f542b5cba.js:1
[    2131ms] [INFO] Connecting to 'https://cdn-apac.onetrust.com/scripttemplates/202601.2.0/assets/v2/otPcCenter.json' violates the following Content Security Policy directive: "connect-src https://accounts.google.com/gsi/". The policy is report-only, so the violation has been logged but no further action has been taken. @ https://static.coingecko.com/packs/js/1191-ab9c9b0a663f542b5cba.js:1
[    2131ms] [INFO] Connecting to 'https://cdn-apac.onetrust.com/scripttemplates/202601.2.0/assets/v2/otPcCenter.json' violates the following Content Security Policy directive: "connect-src https://accounts.google.com/gsi/". The policy is report-only, so the violation has been logged but no further action has been taken. @ https://static.coingecko.com/packs/js/1191-ab9c9b0a663f542b5cba.js:1
[    2132ms] [INFO] Connecting to 'https://cdn-apac.onetrust.com/scripttemplates/202601.2.0/assets/otCommonStyles.css' violates the following Content Security Policy directive: "connect-src https://accounts.google.com/gsi/". The policy is report-only, so the violation has been logged but no further action has been taken. @ https://static.coingecko.com/packs/js/1191-ab9c9b0a663f542b5cba.js:1
[    2132ms] [INFO] Connecting to 'https://cdn-apac.onetrust.com/scripttemplates/202601.2.0/assets/otCommonStyles.css' violates the following Content Security Policy directive: "connect-src https://accounts.google.com/gsi/". The policy is report-only, so the violation has been logged but no further action has been taken. @ https://static.coingecko.com/packs/js/1191-ab9c9b0a663f542b5cba.js:1
[    2163ms] [INFO] Connecting to 'https://www.coingecko.com/rive/searching.riv' violates the following Content Security Policy directive: "connect-src https://accounts.google.com/gsi/". The policy is report-only, so the violation has been logged but no further action has been taken. @ https://static.coingecko.com/packs/js/1191-ab9c9b0a663f542b5cba.js:1
[    2164ms] [INFO] Connecting to 'https://www.coingecko.com/rive/searching.riv' violates the following Content Security Policy directive: "connect-src https://accounts.google.com/gsi/". The policy is report-only, so the violation has been logged but no further action has been taken. @ https://static.coingecko.com/packs/js/1191-ab9c9b0a663f542b5cba.js:1
[    2164ms] [INFO] Connecting to 'https://www.coingecko.com/rive/searching.riv' violates the following Content Security Policy directive: "connect-src https://accounts.google.com/gsi/". The policy is report-only, so the violation has been logged but no further action has been taken. @ https://static.coingecko.com/packs/js/1191-ab9c9b0a663f542b5cba.js:1
[    2165ms] [INFO] Connecting to 'https://www.coingecko.com/rive/searching.riv' violates the following Content Security Policy directive: "connect-src https://accounts.google.com/gsi/". The policy is report-only, so the violation has been logged but no further action has been taken. @ https://static.coingecko.com/packs/js/1191-ab9c9b0a663f542b5cba.js:1
[    2195ms] [INFO] Connecting to 'https://www.coingecko.com/cdn-cgi/rum?' violates the following Content Security Policy directive: "connect-src https://accounts.google.com/gsi/". The policy is report-only, so the violation has been logged but no further action has been taken. @ https://static.coingecko.com/packs/js/1191-ab9c9b0a663f542b5cba.js:1
[    2219ms] [INFO] Evaluating a string as JavaScript violates the following Content Security Policy directive because 'unsafe-eval' is not an allowed source of script: "script-src https://accounts.google.com/gsi/client".
 The policy is report-only, so the violation has been logged but no further action has been taken. @ https://static.coingecko.com/packs/js/4759-bb3da86498f0a5fd0910.js:0
[    2232ms] [INFO] Executing inline script violates the following Content Security Policy directive 'script-src https://accounts.google.com/gsi/client'. Either the 'unsafe-inline' keyword, a hash ('sha256-qnEXc6JOcUA3hlt3yQu8lhpnA0co588sIFhkPfqd56o='), or a nonce ('nonce-...') is required to enable inline execution. The policy is report-only, so the violation has been logged but no further action has been taken. @ https://cdn-apac.onetrust.com/scripttemplates/202601.2.0/otBannerSdk.js:6
[    2232ms] [INFO] Loading the script 'https://www.googletagmanager.com/gtm.js?id=GTM-NP34MX7' violates the following Content Security Policy directive: "script-src https://accounts.google.com/gsi/client". Note that 'script-src-elem' was not explicitly set, so 'script-src' is used as a fallback. The policy is report-only, so the violation has been logged but no further action has been taken. @ :11
[    2237ms] [INFO] Loading the script 'https://adtech.coingecko.com/ascendeum/pub/asc.coingecko.js' violates the following Content Security Policy directive: "script-src https://accounts.google.com/gsi/client". Note that 'script-src-elem' was not explicitly set, so 'script-src' is used as a fallback. The policy is report-only, so the violation has been logged but no further action has been taken. @ https://cdn-apac.onetrust.com/scripttemplates/202601.2.0/otBannerSdk.js:6
[    2241ms] [INFO] Loading the script 'https://btloader.com/tag?o=5172243878903808&upapi=true' violates the following Content Security Policy directive: "script-src https://accounts.google.com/gsi/client". Note that 'script-src-elem' was not explicitly set, so 'script-src' is used as a fallback. The policy is report-only, so the violation has been logged but no further action has been taken. @ https://cdn-apac.onetrust.com/scripttemplates/202601.2.0/otBannerSdk.js:6
[    2249ms] [INFO] Connecting to 'https://cdn-apac.onetrust.com/logos/static/ot_guard_logo.svg' violates the following Content Security Policy directive: "connect-src https://accounts.google.com/gsi/". The policy is report-only, so the violation has been logged but no further action has been taken. @ https://static.coingecko.com/packs/js/1191-ab9c9b0a663f542b5cba.js:1
[    2249ms] [INFO] Connecting to 'https://cdn-apac.onetrust.com/logos/static/ot_guard_logo.svg' violates the following Content Security Policy directive: "connect-src https://accounts.google.com/gsi/". The policy is report-only, so the violation has been logged but no further action has been taken. @ https://static.coingecko.com/packs/js/1191-ab9c9b0a663f542b5cba.js:1
[    2488ms] [INFO] Connecting to 'https://ad-delivery.net/px.gif?ch=2&e=0.5027102543518797' violates the following Content Security Policy directive: "connect-src https://accounts.google.com/gsi/". The policy is report-only, so the violation has been logged but no further action has been taken. @ https://static.coingecko.com/packs/js/1191-ab9c9b0a663f542b5cba.js:1
[    2488ms] [INFO] Connecting to 'https://ad-delivery.net/px.gif?ch=2&e=0.5027102543518797' violates the following Content Security Policy directive: "connect-src https://accounts.google.com/gsi/". The policy is report-only, so the violation has been logged but no further action has been taken. @ https://static.coingecko.com/packs/js/1191-ab9c9b0a663f542b5cba.js:1
[    2489ms] [INFO] Connecting to 'https://ad.doubleclick.net/favicon.ico?ad=300x250&ad_box_=1&adnet=1&showad=1&size=250x250&e=0.5370491375110646' violates the following Content Security Policy directive: "connect-src https://accounts.google.com/gsi/". The policy is report-only, so the violation has been logged but no further action has been taken. @ https://static.coingecko.com/packs/js/1191-ab9c9b0a663f542b5cba.js:1
[    2490ms] [INFO] Connecting to 'https://ad.doubleclick.net/favicon.ico?ad=300x250&ad_box_=1&adnet=1&showad=1&size=250x250&e=0.5370491375110646' violates the following Content Security Policy directive: "connect-src https://accounts.google.com/gsi/". The policy is report-only, so the violation has been logged but no further action has been taken. @ https://static.coingecko.com/packs/js/1191-ab9c9b0a663f542b5cba.js:1
[    2491ms] [INFO] Connecting to 'https://ad-delivery.net/px.gif?ch=1&e=0.7097494839258057' violates the following Content Security Policy directive: "connect-src https://accounts.google.com/gsi/". The policy is report-only, so the violation has been logged but no further action has been taken. @ https://static.coingecko.com/packs/js/1191-ab9c9b0a663f542b5cba.js:1
[    2491ms] [INFO] Connecting to 'https://ad-delivery.net/px.gif?ch=1&e=0.7097494839258057' violates the following Content Security Policy directive: "connect-src https://accounts.google.com/gsi/". The policy is report-only, so the violation has been logged but no further action has been taken. @ https://static.coingecko.com/packs/js/1191-ab9c9b0a663f542b5cba.js:1
[    2492ms] [INFO] Connecting to 'https://ab.dns-finder.com/meta/dns' violates the following Content Security Policy directive: "connect-src https://accounts.google.com/gsi/". The policy is report-only, so the violation has been logged but no further action has been taken. @ https://static.coingecko.com/packs/js/1191-ab9c9b0a663f542b5cba.js:1
[    2493ms] [INFO] Connecting to 'https://ab.dns-finder.com/meta/dns' violates the following Content Security Policy directive: "connect-src https://accounts.google.com/gsi/". The policy is report-only, so the violation has been logged but no further action has been taken. @ https://static.coingecko.com/packs/js/1191-ab9c9b0a663f542b5cba.js:1
[    2502ms] [INFO] Connecting to 'https://cdn.api.btloader.com/device?orgid=5172243878903808&fullVersionList=%5B%7B%22brand%22%3A%22Chromium%22%2C%22version%22%3A%22148.0.7778.96%22%7D%2C%7B%22brand%22%3A%22Google+Chrome%22%2C%22version%22%3A%22148.0.7778.96%22%7D%2C%7B%22brand%22%3A%22Not%2FA%29Brand%22%2C%22version%22%3A%2299.0.0.0%22%7D%5D&upapi=true' violates the following Content Security Policy directive: "connect-src https://accounts.google.com/gsi/". The policy is report-only, so the violation has been logged but no further action has been taken. @ https://static.coingecko.com/packs/js/1191-ab9c9b0a663f542b5cba.js:1
[    2502ms] [INFO] Connecting to 'https://cdn.api.btloader.com/device?orgid=5172243878903808&fullVersionList=%5B%7B%22brand%22%3A%22Chromium%22%2C%22version%22%3A%22148.0.7778.96%22%7D%2C%7B%22brand%22%3A%22Google+Chrome%22%2C%22version%22%3A%22148.0.7778.96%22%7D%2C%7B%22brand%22%3A%22Not%2FA%29Brand%22%2C%22version%22%3A%2299.0.0.0%22%7D%5D&upapi=true' violates the following Content Security Policy directive: "connect-src https://accounts.google.com/gsi/". The policy is report-only, so the violation has been logged but no further action has been taken. @ https://static.coingecko.com/packs/js/1191-ab9c9b0a663f542b5cba.js:1
[    2502ms] [ERROR] Framing 'https://cdn.btloader.com/' violates the following report-only Content Security Policy directive: "frame-src https://accounts.google.com/gsi/". The violation has been logged, but no further action has been taken.
 @ https://btloader.com/:0
[    2538ms] [WARNING] Form submission canceled because the form is not connected @ https://challenges.cloudflare.com/cdn-cgi/challenge-platform/h/b/turnstile/f/ov2/av0/rch/vvgmp/0x4AAAAAABkuQIhLBgY-YxvO/auto/fbE/new/normal?lang=auto:0
[    2586ms] [INFO] Connecting to 'https://asc-a.hbwrapper.com/' violates the following Content Security Policy directive: "connect-src https://accounts.google.com/gsi/". The policy is report-only, so the violation has been logged but no further action has been taken. @ https://static.coingecko.com/packs/js/1191-ab9c9b0a663f542b5cba.js:1
[    2586ms] [INFO] Connecting to 'https://asc-a.hbwrapper.com/' violates the following Content Security Policy directive: "connect-src https://accounts.google.com/gsi/". The policy is report-only, so the violation has been logged but no further action has been taken. @ https://static.coingecko.com/packs/js/1191-ab9c9b0a663f542b5cba.js:1
[    2595ms] [INFO] Connecting to 'https://cloudflare.com/cdn-cgi/trace' violates the following Content Security Policy directive: "connect-src https://accounts.google.com/gsi/". The policy is report-only, so the violation has been logged but no further action has been taken. @ https://static.coingecko.com/packs/js/1191-ab9c9b0a663f542b5cba.js:1
[    2595ms] [INFO] Connecting to 'https://cloudflare.com/cdn-cgi/trace' violates the following Content Security Policy directive: "connect-src https://accounts.google.com/gsi/". The policy is report-only, so the violation has been logged but no further action has been taken. @ https://static.coingecko.com/packs/js/1191-ab9c9b0a663f542b5cba.js:1
[    2596ms] [INFO] Loading the script 'https://securepubads.g.doubleclick.net/tag/js/gpt.js' violates the following Content Security Policy directive: "script-src https://accounts.google.com/gsi/client". Note that 'script-src-elem' was not explicitly set, so 'script-src' is used as a fallback. The policy is report-only, so the violation has been logged but no further action has been taken. @ https://adtech.coingecko.com/ascendeum/pub/asc.coingecko.js:3
[    2596ms] [INFO] Loading the script 'https://c.amazon-adsystem.com/aax2/apstag.js' violates the following Content Security Policy directive: "script-src https://accounts.google.com/gsi/client". Note that 'script-src-elem' was not explicitly set, so 'script-src' is used as a fallback. The policy is report-only, so the violation has been logged but no further action has been taken. @ https://adtech.coingecko.com/ascendeum/pub/asc.coingecko.js:3
[    2597ms] [INFO] Evaluating a string as JavaScript violates the following Content Security Policy directive because 'unsafe-eval' is not an allowed source of script: "script-src https://accounts.google.com/gsi/client".
 The policy is report-only, so the violation has been logged but no further action has been taken. @ https://adtech.coingecko.com/ascendeum/pub/asc.coingecko.js:3
[    2598ms] [INFO] Evaluating a string as JavaScript violates the following Content Security Policy directive because 'unsafe-eval' is not an allowed source of script: "script-src https://accounts.google.com/gsi/client".
 The policy is report-only, so the violation has been logged but no further action has been taken. @ https://adtech.coingecko.com/ascendeum/pub/asc.coingecko.js:3
[    2598ms] [INFO] Evaluating a string as JavaScript violates the following Content Security Policy directive because 'unsafe-eval' is not an allowed source of script: "script-src https://accounts.google.com/gsi/client".
 The policy is report-only, so the violation has been logged but no further action has been taken. @ https://adtech.coingecko.com/ascendeum/pub/asc.coingecko.js:3
[    2601ms] [LOG] linux @ https://static.coingecko.com/packs/js/1191-ab9c9b0a663f542b5cba.js:1
[    2602ms] [LOG] tablet @ https://static.coingecko.com/packs/js/1191-ab9c9b0a663f542b5cba.js:1
[    2602ms] [LOG] asia @ https://static.coingecko.com/packs/js/1191-ab9c9b0a663f542b5cba.js:1
[    2636ms] [INFO] Connecting to 'https://cdn.jsdelivr.net/gh/prebid/currency-file@1/latest.json' violates the following Content Security Policy directive: "connect-src https://accounts.google.com/gsi/". The policy is report-only, so the violation has been logged but no further action has been taken. @ https://static.coingecko.com/packs/js/1191-ab9c9b0a663f542b5cba.js:1
[    2636ms] [INFO] Connecting to 'https://cdn.jsdelivr.net/gh/prebid/currency-file@1/latest.json' violates the following Content Security Policy directive: "connect-src https://accounts.google.com/gsi/". The policy is report-only, so the violation has been logged but no further action has been taken. @ https://static.coingecko.com/packs/js/1191-ab9c9b0a663f542b5cba.js:1
[    2648ms] [INFO] Connecting to 'https://lexicon.33across.com/v1/envelope?pid=0013300001bYlR3AAK&gdpr=0&src=pbjs&ver=9.53.5&coppa=0' violates the following Content Security Policy directive: "connect-src https://accounts.google.com/gsi/". The policy is report-only, so the violation has been logged but no further action has been taken. @ https://static.coingecko.com/packs/js/1191-ab9c9b0a663f542b5cba.js:1
[    2648ms] [INFO] Connecting to 'https://lexicon.33across.com/v1/envelope?pid=0013300001bYlR3AAK&gdpr=0&src=pbjs&ver=9.53.5&coppa=0' violates the following Content Security Policy directive: "connect-src https://accounts.google.com/gsi/". The policy is report-only, so the violation has been logged but no further action has been taken. @ https://static.coingecko.com/packs/js/1191-ab9c9b0a663f542b5cba.js:1
[    2650ms] [INFO] Connecting to 'https://id5-sync.com/api/config/prebid' violates the following Content Security Policy directive: "connect-src https://accounts.google.com/gsi/". The policy is report-only, so the violation has been logged but no further action has been taken. @ https://static.coingecko.com/packs/js/1191-ab9c9b0a663f542b5cba.js:1
[    2650ms] [INFO] Connecting to 'https://id5-sync.com/api/config/prebid' violates the following Content Security Policy directive: "connect-src https://accounts.google.com/gsi/". The policy is report-only, so the violation has been logged but no further action has been taken. @ https://static.coingecko.com/packs/js/1191-ab9c9b0a663f542b5cba.js:1
[    2652ms] [INFO] Connecting to 'https://match.adsrvr.org/track/rid?ttd_pid=q82i15a&fmt=json' violates the following Content Security Policy directive: "connect-src https://accounts.google.com/gsi/". The policy is report-only, so the violation has been logged but no further action has been taken. @ https://static.coingecko.com/packs/js/1191-ab9c9b0a663f542b5cba.js:1
[    2653ms] [INFO] Connecting to 'https://match.adsrvr.org/track/rid?ttd_pid=q82i15a&fmt=json' violates the following Content Security Policy directive: "connect-src https://accounts.google.com/gsi/". The policy is report-only, so the violation has been logged but no further action has been taken. @ https://static.coingecko.com/packs/js/1191-ab9c9b0a663f542b5cba.js:1
[    2671ms] [ERROR] Framing 'https://btloader.com/' violates the following report-only Content Security Policy directive: "frame-src https://accounts.google.com/gsi/". The violation has been logged, but no further action has been taken.
 @ https://btloader.com/:0
[    2676ms] [WARNING] Unrecognized feature: 'conversion-measurement'. @ https://adtech.coingecko.com/ascendeum/pub/asc.coingecko.js:3
[    2688ms] [ERROR] Framing 'https://cdn.btloader.com/' violates the following report-only Content Security Policy directive: "frame-src https://accounts.google.com/gsi/". The violation has been logged, but no further action has been taken.
 @ https://btloader.com/:0
[    2692ms] [ERROR] Framing 'https://tpc.googlesyndication.com/' violates the following report-only Content Security Policy directive: "frame-src https://accounts.google.com/gsi/". The violation has been logged, but no further action has been taken.
 @ https://adtech.coingecko.com/:0
[    2695ms] [ERROR] Framing 'https://tpc.googlesyndication.com/' violates the following report-only Content Security Policy directive: "frame-src https://accounts.google.com/gsi/". The violation has been logged, but no further action has been taken.
 @ https://adtech.coingecko.com/:0
[    2769ms] [ERROR] Framing 'https://btloader.com/' violates the following report-only Content Security Policy directive: "frame-src https://accounts.google.com/gsi/". The violation has been logged, but no further action has been taken.
 @ https://btloader.com/:0
[    2771ms] [INFO] Connecting to 'https://api.btloader.com/exd?tid=Bpm3q351Fc-qn7vZKtQWV-9e254d21cb&sid=1MP1vKeN-gjdaD9M7C-9e254d21cb&cv=2.1.189-1-gf2b7278&upapi=true' violates the following Content Security Policy directive: "connect-src https://accounts.google.com/gsi/". The policy is report-only, so the violation has been logged but no further action has been taken. @ https://static.coingecko.com/packs/js/1191-ab9c9b0a663f542b5cba.js:1
[    2771ms] [INFO] Connecting to 'https://api.btloader.com/exd?tid=Bpm3q351Fc-qn7vZKtQWV-9e254d21cb&sid=1MP1vKeN-gjdaD9M7C-9e254d21cb&cv=2.1.189-1-gf2b7278&upapi=true' violates the following Content Security Policy directive: "connect-src https://accounts.google.com/gsi/". The policy is report-only, so the violation has been logged but no further action has been taken. @ https://static.coingecko.com/packs/js/1191-ab9c9b0a663f542b5cba.js:1
[    2789ms] [INFO] Loading the script 'https://www.googletagmanager.com/gtag/js?id=G-LJR3232ZPB&cx=c&gtm=4e65c0' violates the following Content Security Policy directive: "script-src https://accounts.google.com/gsi/client". Note that 'script-src-elem' was not explicitly set, so 'script-src' is used as a fallback. The policy is report-only, so the violation has been logged but no further action has been taken. @ https://www.googletagmanager.com/gtm.js?id=GTM-NP34MX7:266
[    2792ms] [INFO] Loading the script 'https://www.googletagmanager.com/gtag/js?id=AW-17414124131&cx=c&gtm=4e65c0' violates the following Content Security Policy directive: "script-src https://accounts.google.com/gsi/client". Note that 'script-src-elem' was not explicitly set, so 'script-src' is used as a fallback. The policy is report-only, so the violation has been logged but no further action has been taken. @ https://www.googletagmanager.com/gtm.js?id=GTM-NP34MX7:266
[    2794ms] [INFO] Loading the script 'https://www.googletagmanager.com/gtag/js?id=AW-17441483823&cx=c&gtm=4e65c0' violates the following Content Security Policy directive: "script-src https://accounts.google.com/gsi/client". Note that 'script-src-elem' was not explicitly set, so 'script-src' is used as a fallback. The policy is report-only, so the violation has been logged but no further action has been taken. @ https://www.googletagmanager.com/gtm.js?id=GTM-NP34MX7:266
[    2838ms] [INFO] Loading the script 'https://script.crazyegg.com/pages/scripts/0113/7527.js' violates the following Content Security Policy directive: "script-src https://accounts.google.com/gsi/client". Note that 'script-src-elem' was not explicitly set, so 'script-src' is used as a fallback. The policy is report-only, so the violation has been logged but no further action has been taken. @ https://www.googletagmanager.com/gtm.js?id=GTM-NP34MX7:266
[    2840ms] [INFO] Loading the script 'https://www.redditstatic.com/ads/pixel.js' violates the following Content Security Policy directive: "script-src https://accounts.google.com/gsi/client". Note that 'script-src-elem' was not explicitly set, so 'script-src' is used as a fallback. The policy is report-only, so the violation has been logged but no further action has been taken. @ https://www.googletagmanager.com/gtm.js?id=GTM-NP34MX7:266
[    2843ms] [INFO] Loading the script 'https://static.ads-twitter.com/uwt.js' violates the following Content Security Policy directive: "script-src https://accounts.google.com/gsi/client". Note that 'script-src-elem' was not explicitly set, so 'script-src' is used as a fallback. The policy is report-only, so the violation has been logged but no further action has been taken. @ https://www.googletagmanager.com/gtm.js?id=GTM-NP34MX7:266
[    2855ms] [INFO] Executing inline script violates the following Content Security Policy directive 'script-src https://accounts.google.com/gsi/client'. Either the 'unsafe-inline' keyword, a hash ('sha256-62cY3zlkLl82xJwbNbSlDxNZQYG2wtbTBJ1y+kjdVUc='), or a nonce ('nonce-...') is required to enable inline execution. The policy is report-only, so the violation has been logged but no further action has been taken. @ https://www.googletagmanager.com/gtm.js?id=GTM-NP34MX7:951
[    2856ms] [INFO] Connecting to 'https://www.google.com/ccm/collect?rcb=3&frm=0&ae=g&en=page_view&dl=https%3A%2F%2Fwww.coingecko.com%2Fen%2Fcoins%2Fnew&scrsrc=www.googletagmanager.com&rnd=1853969905.1778742273&auid=494939319.1778742273&navt=n&npa=0&ep.ads_data_redaction=0&gtm=45He65c0v852934946za200zd852934946xea&gcd=13l3l3l3l1l1&dma=0&tag_exp=0~115938466~115938469&apve=1&apvf=f&apvc=1&tft=1778742272835&tfd=2848' violates the following Content Security Policy directive: "connect-src https://accounts.google.com/gsi/". The policy is report-only, so the violation has been logged but no further action has been taken. @ https://static.coingecko.com/packs/js/1191-ab9c9b0a663f542b5cba.js:1
[    2857ms] [INFO] Connecting to 'https://www.google.com/ccm/collect?rcb=3&frm=0&ae=g&en=page_view&dl=https%3A%2F%2Fwww.coingecko.com%2Fen%2Fcoins%2Fnew&scrsrc=www.googletagmanager.com&rnd=1853969905.1778742273&auid=494939319.1778742273&navt=n&npa=0&ep.ads_data_redaction=0&gtm=45He65c0v852934946za200zd852934946xea&gcd=13l3l3l3l1l1&dma=0&tag_exp=0~115938466~115938469&apve=1&apvf=f&apvc=1&tft=1778742272835&tfd=2848' violates the following Content Security Policy directive: "connect-src https://accounts.google.com/gsi/". The policy is report-only, so the violation has been logged but no further action has been taken. @ https://static.coingecko.com/packs/js/1191-ab9c9b0a663f542b5cba.js:1
[    2908ms] [INFO] Loading the script 'https://securepubads.g.doubleclick.net/pagead/managed/js/gpt/m202605070101/pubads_impl.js' violates the following Content Security Policy directive: "script-src https://accounts.google.com/gsi/client". Note that 'script-src-elem' was not explicitly set, so 'script-src' is used as a fallback. The policy is report-only, so the violation has been logged but no further action has been taken. @ https://securepubads.g.doubleclick.net/tag/js/gpt.js:10
[    2913ms] [INFO] Connecting to 'https://ad-delivery.net/px.gif?ch=1&e=0.6931833238778752' violates the following Content Security Policy directive: "connect-src https://accounts.google.com/gsi/". The policy is report-only, so the violation has been logged but no further action has been taken. @ https://static.coingecko.com/packs/js/1191-ab9c9b0a663f542b5cba.js:1
[    2914ms] [INFO] Connecting to 'https://ad-delivery.net/px.gif?ch=1&e=0.6931833238778752' violates the following Content Security Policy directive: "connect-src https://accounts.google.com/gsi/". The policy is report-only, so the violation has been logged but no further action has been taken. @ https://static.coingecko.com/packs/js/1191-ab9c9b0a663f542b5cba.js:1
[    3059ms] [ERROR] Framing 'https://tpc.googlesyndication.com/' violates the following report-only Content Security Policy directive: "frame-src https://accounts.google.com/gsi/". The violation has been logged, but no further action has been taken.
 @ https://adtech.coingecko.com/:0
[    3060ms] [ERROR] Framing 'https://tpc.googlesyndication.com/' violates the following report-only Content Security Policy directive: "frame-src https://accounts.google.com/gsi/". The violation has been logged, but no further action has been taken.
 @ https://adtech.coingecko.com/:0
[    3138ms] [INFO] Loading the script 'https://config.aps.amazon-adsystem.com/configs/8a94db63-9a31-4fa1-a155-4843713e91f8' violates the following Content Security Policy directive: "script-src https://accounts.google.com/gsi/client". Note that 'script-src-elem' was not explicitly set, so 'script-src' is used as a fallback. The policy is report-only, so the violation has been logged but no further action has been taken. @ https://c.amazon-adsystem.com/aax2/apstag.js:2
[    3144ms] [INFO] Connecting to 'https://c.amazon-adsystem.com/bao-csm/aps-comm/aps_csm.js' violates the following Content Security Policy directive: "connect-src https://accounts.google.com/gsi/". The policy is report-only, so the violation has been logged but no further action has been taken. @ https://static.coingecko.com/packs/js/1191-ab9c9b0a663f542b5cba.js:1
[    3155ms] [INFO] Connecting to 'https://ad.doubleclick.net/favicon.ico?ad=300x250&ad_box_=1&adnet=1&showad=1&size=250x250&e=0.2904115220901724' violates the following Content Security Policy directive: "connect-src https://accounts.google.com/gsi/". The policy is report-only, so the violation has been logged but no further action has been taken. @ https://static.coingecko.com/packs/js/1191-ab9c9b0a663f542b5cba.js:1
[    3155ms] [INFO] Connecting to 'https://ad.doubleclick.net/favicon.ico?ad=300x250&ad_box_=1&adnet=1&showad=1&size=250x250&e=0.2904115220901724' violates the following Content Security Policy directive: "connect-src https://accounts.google.com/gsi/". The policy is report-only, so the violation has been logged but no further action has been taken. @ https://static.coingecko.com/packs/js/1191-ab9c9b0a663f542b5cba.js:1
[    3156ms] [INFO] Connecting to 'https://ad-delivery.net/px.gif?ch=2&e=0.5692479435593033' violates the following Content Security Policy directive: "connect-src https://accounts.google.com/gsi/". The policy is report-only, so the violation has been logged but no further action has been taken. @ https://static.coingecko.com/packs/js/1191-ab9c9b0a663f542b5cba.js:1
[    3157ms] [INFO] Connecting to 'https://ad-delivery.net/px.gif?ch=2&e=0.5692479435593033' violates the following Content Security Policy directive: "connect-src https://accounts.google.com/gsi/". The policy is report-only, so the violation has been logged but no further action has been taken. @ https://static.coingecko.com/packs/js/1191-ab9c9b0a663f542b5cba.js:1
[    3259ms] [WARNING] [GPT] PubAdsService.setTargeting is deprecated, use googletag.setConfig({targeting: ...}) instead.
https://goo.gle/gpt-message#170 @ https://static.coingecko.com/packs/js/1191-ab9c9b0a663f542b5cba.js:1
[    3259ms] [WARNING] [GPT] Invalid arguments: PubAdsService.setTargeting('kevelcoin', null).
https://goo.gle/gpt-message#96 @ https://static.coingecko.com/packs/js/1191-ab9c9b0a663f542b5cba.js:1
[    3260ms] [WARNING] [GPT] Invalid arguments: PubAdsService.setTargeting('kevelchain', null).
https://goo.gle/gpt-message#96 @ https://static.coingecko.com/packs/js/1191-ab9c9b0a663f542b5cba.js:1
[    3260ms] [WARNING] [GPT] Invalid arguments: PubAdsService.setTargeting('kevelcategories', null).
https://goo.gle/gpt-message#96 @ https://static.coingecko.com/packs/js/1191-ab9c9b0a663f542b5cba.js:1
[    3260ms] [WARNING] [GPT] Invalid arguments: PubAdsService.setTargeting('keveldeveloper', null).
https://goo.gle/gpt-message#96 @ https://static.coingecko.com/packs/js/1191-ab9c9b0a663f542b5cba.js:1
[    3278ms] [INFO] Evaluating a string as JavaScript violates the following Content Security Policy directive because 'unsafe-eval' is not an allowed source of script: "script-src https://accounts.google.com/gsi/client".
 The policy is report-only, so the violation has been logged but no further action has been taken. @ https://c.amazon-adsystem.com/aax2/apstag.js:4
[    3375ms] [INFO] Connecting to 'https://analytics.google.com/g/collect?v=2&tid=G-LJR3232ZPB&gtm=45je65c0v888113550z8852934946za20gzb852934946zd852934946&_p=1778742272212&_gaz=1&gcd=13l3l3l3l1l1&npa=0&dma=0&_eu=AAAAAGAC&are=1&cid=1683176636.1778742273&frm=0&pscdl=noapi&rcb=9&sr=1280x720&uaa=x86&uab=64&uafvl=Chromium%3B148.0.7778.96%7CGoogle%2520Chrome%3B148.0.7778.96%7CNot%252FA)Brand%3B99.0.0.0&uam=&uamb=0&uap=Linux&uapv=&uaw=0&ul=en-gb&gaf=2&_s=1&tag_exp=0~115616985~115938466~115938469~118128922~119013244&sid=1778742273&sct=1&seg=0&dl=https%3A%2F%2Fwww.coingecko.com%2Fen%2Fcoins%2Fnew&dt=&en=page_view&_fv=1&_nsi=1&_ss=1&tfd=3366' violates the following Content Security Policy directive: "connect-src https://accounts.google.com/gsi/". The policy is report-only, so the violation has been logged but no further action has been taken. @ https://static.coingecko.com/packs/js/1191-ab9c9b0a663f542b5cba.js:1
[    3376ms] [INFO] Connecting to 'https://analytics.google.com/g/collect?v=2&tid=G-LJR3232ZPB&gtm=45je65c0v888113550z8852934946za20gzb852934946zd852934946&_p=1778742272212&_gaz=1&gcd=13l3l3l3l1l1&npa=0&dma=0&_eu=AAAAAGAC&are=1&cid=1683176636.1778742273&frm=0&pscdl=noapi&rcb=9&sr=1280x720&uaa=x86&uab=64&uafvl=Chromium%3B148.0.7778.96%7CGoogle%2520Chrome%3B148.0.7778.96%7CNot%252FA)Brand%3B99.0.0.0&uam=&uamb=0&uap=Linux&uapv=&uaw=0&ul=en-gb&gaf=2&_s=1&tag_exp=0~115616985~115938466~115938469~118128922~119013244&sid=1778742273&sct=1&seg=0&dl=https%3A%2F%2Fwww.coingecko.com%2Fen%2Fcoins%2Fnew&dt=&en=page_view&_fv=1&_nsi=1&_ss=1&tfd=3366' violates the following Content Security Policy directive: "connect-src https://accounts.google.com/gsi/". The policy is report-only, so the violation has been logged but no further action has been taken. @ https://static.coingecko.com/packs/js/1191-ab9c9b0a663f542b5cba.js:1
[    3377ms] [INFO] Connecting to 'https://stats.g.doubleclick.net/g/collect?v=2&tid=G-LJR3232ZPB&cid=1683176636.1778742273&gtm=45je65c0v888113550z8852934946za20gzb852934946zd852934946&rcb=9&aip=1&dma=0&gcd=13l3l3l3l1l1&npa=0&frm=0&tag_exp=0~115616985~115938466~115938469~118128922~119013244' violates the following Content Security Policy directive: "connect-src https://accounts.google.com/gsi/". The policy is report-only, so the violation has been logged but no further action has been taken. @ https://www.googletagmanager.com/gtag/js?id=G-LJR3232ZPB&cx=c&gtm=4e65c0:305
[    3377ms] [INFO] Connecting to 'https://stats.g.doubleclick.net/g/collect?v=2&tid=G-LJR3232ZPB&cid=1683176636.1778742273&gtm=45je65c0v888113550z8852934946za20gzb852934946zd852934946&rcb=9&aip=1&dma=0&gcd=13l3l3l3l1l1&npa=0&frm=0&tag_exp=0~115616985~115938466~115938469~118128922~119013244' violates the following Content Security Policy directive: "connect-src https://accounts.google.com/gsi/". The policy is report-only, so the violation has been logged but no further action has been taken. @ https://www.googletagmanager.com/gtag/js?id=G-LJR3232ZPB&cx=c&gtm=4e65c0:305
[    3473ms] [INFO] Loading the script 'https://googleads.g.doubleclick.net/pagead/viewthroughconversion/17414124131/?random=1778742273420&cv=11&fst=1778742273420&bg=ffffff&guid=ON&async=1&en=gtag.config&gtm=45be65c0v9226231428z8852934946za20gzb852934946zd852934946xec&gcd=13l3l3l3l1l1&dma=0&tag_exp=0~115938466~115938469&u_w=1280&u_h=720&url=https%3A%2F%2Fwww.coingecko.com%2Fen%2Fcoins%2Fnew&rcb=13&frm=0&hn=www.googleadservices.com&npa=0&pscdl=noapi&auid=494939319.1778742273&uaa=x86&uab=64&uafvl=Chromium%3B148.0.7778.96%7CGoogle%2520Chrome%3B148.0.7778.96%7CNot%252FA)Brand%3B99.0.0.0&uamb=0&uam=&uap=Linux&uapv=&uaw=0&data=event%3Dgtag.config&rfmt=3&fmt=4' violates the following Content Security Policy directive: "script-src https://accounts.google.com/gsi/client". Note that 'script-src-elem' was not explicitly set, so 'script-src' is used as a fallback. The policy is report-only, so the violation has been logged but no further action has been taken. @ https://www.googletagmanager.com/gtag/js?id=AW-17414124131&cx=c&gtm=4e65c0:164
[    3475ms] [INFO] Connecting to 'https://www.google.com/rmkt/collect/17414124131/?random=1778742273420&cv=11&fst=1778742273420&fmt=8&bg=ffffff&guid=ON&async=1&en=gtag.config&gtm=45be65c0v9226231428z8852934946za20gzb852934946zd852934946xec&gcd=13l3l3l3l1l1&dma=0&tag_exp=0~115938466~115938469&u_w=1280&u_h=720&url=https%3A%2F%2Fwww.coingecko.com%2Fen%2Fcoins%2Fnew&rcb=13&frm=0&hn=www.googleadservices.com&npa=0&pscdl=noapi&auid=494939319.1778742273&uaa=x86&uab=64&uafvl=Chromium%3B148.0.7778.96%7CGoogle%2520Chrome%3B148.0.7778.96%7CNot%252FA)Brand%3B99.0.0.0&uamb=0&uam=&uap=Linux&uapv=&uaw=0&data=event%3Dgtag.config&gcp=5' violates the following Content Security Policy directive: "connect-src https://accounts.google.com/gsi/". The policy is report-only, so the violation has been logged but no further action has been taken. @ https://static.coingecko.com/packs/js/1191-ab9c9b0a663f542b5cba.js:1
[    3475ms] [INFO] Connecting to 'https://www.google.com/rmkt/collect/17414124131/?random=1778742273420&cv=11&fst=1778742273420&fmt=8&bg=ffffff&guid=ON&async=1&en=gtag.config&gtm=45be65c0v9226231428z8852934946za20gzb852934946zd852934946xec&gcd=13l3l3l3l1l1&dma=0&tag_exp=0~115938466~115938469&u_w=1280&u_h=720&url=https%3A%2F%2Fwww.coingecko.com%2Fen%2Fcoins%2Fnew&rcb=13&frm=0&hn=www.googleadservices.com&npa=0&pscdl=noapi&auid=494939319.1778742273&uaa=x86&uab=64&uafvl=Chromium%3B148.0.7778.96%7CGoogle%2520Chrome%3B148.0.7778.96%7CNot%252FA)Brand%3B99.0.0.0&uamb=0&uam=&uap=Linux&uapv=&uaw=0&data=event%3Dgtag.config&gcp=5' violates the following Content Security Policy directive: "connect-src https://accounts.google.com/gsi/". The policy is report-only, so the violation has been logged but no further action has been taken. @ https://static.coingecko.com/packs/js/1191-ab9c9b0a663f542b5cba.js:1
[    3477ms] [INFO] Connecting to 'https://www.google.com/ccm/collect?rcb=13&frm=0&en=page_view&dl=https%3A%2F%2Fwww.coingecko.com%2Fen%2Fcoins%2Fnew&scrsrc=www.googletagmanager.com&rnd=1853969905.1778742273&auid=494939319.1778742273&navt=n&npa=0&gtm=45be65c0v9226231428z8852934946za20gzb852934946zd852934946xec&gcd=13l3l3l3l1l1&dma=0&tag_exp=0~115938466~115938469&apve=1&apvf=f&apvc=0&tids=AW-17414124131&tid=AW-17414124131&tft=1778742273456&tfd=3469' violates the following Content Security Policy directive: "connect-src https://accounts.google.com/gsi/". The policy is report-only, so the violation has been logged but no further action has been taken. @ https://static.coingecko.com/packs/js/1191-ab9c9b0a663f542b5cba.js:1
[    3478ms] [INFO] Connecting to 'https://www.google.com/ccm/collect?rcb=13&frm=0&en=page_view&dl=https%3A%2F%2Fwww.coingecko.com%2Fen%2Fcoins%2Fnew&scrsrc=www.googletagmanager.com&rnd=1853969905.1778742273&auid=494939319.1778742273&navt=n&npa=0&gtm=45be65c0v9226231428z8852934946za20gzb852934946zd852934946xec&gcd=13l3l3l3l1l1&dma=0&tag_exp=0~115938466~115938469&apve=1&apvf=f&apvc=0&tids=AW-17414124131&tid=AW-17414124131&tft=1778742273456&tfd=3469' violates the following Content Security Policy directive: "connect-src https://accounts.google.com/gsi/". The policy is report-only, so the violation has been logged but no further action has been taken. @ https://static.coingecko.com/packs/js/1191-ab9c9b0a663f542b5cba.js:1
[    3534ms] [LOG] The next request for the Private Access Token challenge may return a 401 and show a warning in console. @ https://challenges.cloudflare.com/cdn-cgi/challenge-platform/h/b/turnstile/f/ov2/av0/rch/vvgmp/0x4AAAAAABkuQIhLBgY-YxvO/auto/fbE/new/normal?lang=auto:0
[    3560ms] [ERROR] Failed to load resource: the server responded with a status of 401 () @ https://challenges.cloudflare.com/cdn-cgi/challenge-platform/h/b/pat/9fb80c9d6e91731f/1778742271940/88c79de78e0dffa8035f051bf33dca8ee2ba6116343ee7abffee46e45f7ab39e/To33g4rFJsUsROO:0
[    3569ms] [INFO] Loading the script 'https://googleads.g.doubleclick.net/pagead/viewthroughconversion/17441483823/?random=1778742273519&cv=11&fst=1778742273519&bg=ffffff&guid=ON&async=1&en=gtag.config&gtm=45be65c0v9226725750z8852934946za20gzb852934946zd852934946xec&gcd=13l3l3l3l1l1&dma=0&tag_exp=0~115616985~115938466~115938469&u_w=1280&u_h=720&url=https%3A%2F%2Fwww.coingecko.com%2Fen%2Fcoins%2Fnew&rcb=13&frm=0&hn=www.googleadservices.com&npa=0&pscdl=noapi&auid=494939319.1778742273&uaa=x86&uab=64&uafvl=Chromium%3B148.0.7778.96%7CGoogle%2520Chrome%3B148.0.7778.96%7CNot%252FA)Brand%3B99.0.0.0&uamb=0&uam=&uap=Linux&uapv=&uaw=0&data=event%3Dgtag.config&rfmt=3&fmt=4' violates the following Content Security Policy directive: "script-src https://accounts.google.com/gsi/client". Note that 'script-src-elem' was not explicitly set, so 'script-src' is used as a fallback. The policy is report-only, so the violation has been logged but no further action has been taken. @ https://www.googletagmanager.com/gtag/js?id=AW-17441483823&cx=c&gtm=4e65c0:156
[    3570ms] [LOG] /.*.*=.*/ @ https://challenges.cloudflare.com/cdn-cgi/challenge-platform/h/b/turnstile/f/ov2/av0/rch/vvgmp/0x4AAAAAABkuQIhLBgY-YxvO/auto/fbE/new/normal?lang=auto:0
[    3570ms] [LOG] /.*.*=.*/ @ https://challenges.cloudflare.com/cdn-cgi/challenge-platform/h/b/turnstile/f/ov2/av0/rch/vvgmp/0x4AAAAAABkuQIhLBgY-YxvO/auto/fbE/new/normal?lang=auto:0
[    3570ms] [LOG] function () { [native code] } @ https://challenges.cloudflare.com/cdn-cgi/challenge-platform/h/b/turnstile/f/ov2/av0/rch/vvgmp/0x4AAAAAABkuQIhLBgY-YxvO/auto/fbE/new/normal?lang=auto:0
[    3570ms] [LOG] function () { [native code] } @ https://challenges.cloudflare.com/cdn-cgi/challenge-platform/h/b/turnstile/f/ov2/av0/rch/vvgmp/0x4AAAAAABkuQIhLBgY-YxvO/auto/fbE/new/normal?lang=auto:0
[    3570ms] [INFO] Connecting to 'https://www.google.com/rmkt/collect/17441483823/?random=1778742273519&cv=11&fst=1778742273519&fmt=8&bg=ffffff&guid=ON&async=1&en=gtag.config&gtm=45be65c0v9226725750z8852934946za20gzb852934946zd852934946xec&gcd=13l3l3l3l1l1&dma=0&tag_exp=0~115616985~115938466~115938469&u_w=1280&u_h=720&url=https%3A%2F%2Fwww.coingecko.com%2Fen%2Fcoins%2Fnew&rcb=13&frm=0&hn=www.googleadservices.com&npa=0&pscdl=noapi&auid=494939319.1778742273&uaa=x86&uab=64&uafvl=Chromium%3B148.0.7778.96%7CGoogle%2520Chrome%3B148.0.7778.96%7CNot%252FA)Brand%3B99.0.0.0&uamb=0&uam=&uap=Linux&uapv=&uaw=0&data=event%3Dgtag.config&gcp=5' violates the following Content Security Policy directive: "connect-src https://accounts.google.com/gsi/". The policy is report-only, so the violation has been logged but no further action has been taken. @ https://static.coingecko.com/packs/js/1191-ab9c9b0a663f542b5cba.js:1
[    3571ms] [LOG] JSHandle@node @ https://challenges.cloudflare.com/cdn-cgi/challenge-platform/h/b/turnstile/f/ov2/av0/rch/vvgmp/0x4AAAAAABkuQIhLBgY-YxvO/auto/fbE/new/normal?lang=auto:0
[    3571ms] [LOG] JSHandle@node @ https://challenges.cloudflare.com/cdn-cgi/challenge-platform/h/b/turnstile/f/ov2/av0/rch/vvgmp/0x4AAAAAABkuQIhLBgY-YxvO/auto/fbE/new/normal?lang=auto:0
[    3571ms] [INFO] Connecting to 'https://www.google.com/rmkt/collect/17441483823/?random=1778742273519&cv=11&fst=1778742273519&fmt=8&bg=ffffff&guid=ON&async=1&en=gtag.config&gtm=45be65c0v9226725750z8852934946za20gzb852934946zd852934946xec&gcd=13l3l3l3l1l1&dma=0&tag_exp=0~115616985~115938466~115938469&u_w=1280&u_h=720&url=https%3A%2F%2Fwww.coingecko.com%2Fen%2Fcoins%2Fnew&rcb=13&frm=0&hn=www.googleadservices.com&npa=0&pscdl=noapi&auid=494939319.1778742273&uaa=x86&uab=64&uafvl=Chromium%3B148.0.7778.96%7CGoogle%2520Chrome%3B148.0.7778.96%7CNot%252FA)Brand%3B99.0.0.0&uamb=0&uam=&uap=Linux&uapv=&uaw=0&data=event%3Dgtag.config&gcp=5' violates the following Content Security Policy directive: "connect-src https://accounts.google.com/gsi/". The policy is report-only, so the violation has been logged but no further action has been taken. @ https://static.coingecko.com/packs/js/1191-ab9c9b0a663f542b5cba.js:1
[    3571ms] [COUNT]  : 1 @ https://challenges.cloudflare.com/cdn-cgi/challenge-platform/h/b/turnstile/f/ov2/av0/rch/vvgmp/0x4AAAAAABkuQIhLBgY-YxvO/auto/fbE/new/normal?lang=auto:0
[    3571ms] [COUNT]  : 1 @ https://challenges.cloudflare.com/cdn-cgi/challenge-platform/h/b/turnstile/f/ov2/av0/rch/vvgmp/0x4AAAAAABkuQIhLBgY-YxvO/auto/fbE/new/normal?lang=auto:0
[    3572ms] [DIR]  Error @ https://challenges.cloudflare.com/cdn-cgi/challenge-platform/h/b/turnstile/f/ov2/av0/rch/vvgmp/0x4AAAAAABkuQIhLBgY-YxvO/auto/fbE/new/normal?lang=auto:0
[    3572ms] [DIR]  Error @ https://challenges.cloudflare.com/cdn-cgi/challenge-platform/h/b/turnstile/f/ov2/av0/rch/vvgmp/0x4AAAAAABkuQIhLBgY-YxvO/auto/fbE/new/normal?lang=auto:0
[    3573ms] [DIRXML] %c%d font-size:0;color:transparent Error @ https://challenges.cloudflare.com/cdn-cgi/challenge-platform/h/b/turnstile/f/ov2/av0/rch/vvgmp/0x4AAAAAABkuQIhLBgY-YxvO/auto/fbE/new/normal?lang=auto:0
[    3573ms] [DIRXML] %c%d font-size:0;color:transparent Error @ https://challenges.cloudflare.com/cdn-cgi/challenge-platform/h/b/turnstile/f/ov2/av0/rch/vvgmp/0x4AAAAAABkuQIhLBgY-YxvO/auto/fbE/new/normal?lang=auto:0
[    3573ms] [ERROR] %c%d font-size:0;color:transparent NaN @ https://challenges.cloudflare.com/cdn-cgi/challenge-platform/h/b/turnstile/f/ov2/av0/rch/vvgmp/0x4AAAAAABkuQIhLBgY-YxvO/auto/fbE/new/normal?lang=auto:0
[    3573ms] [INFO] Connecting to 'https://www.google.com/ccm/collect?rcb=13&frm=0&en=page_view&dl=https%3A%2F%2Fwww.coingecko.com%2Fen%2Fcoins%2Fnew&scrsrc=www.googletagmanager.com&rnd=1853969905.1778742273&auid=494939319.1778742273&navt=n&npa=0&gtm=45be65c0v9226725750z8852934946za20gzb852934946zd852934946xec&gcd=13l3l3l3l1l1&dma=0&tag_exp=0~115616985~115938466~115938469&apve=1&apvf=f&apvc=0&tids=AW-17441483823&tid=AW-17441483823&tft=1778742273552&tfd=3564' violates the following Content Security Policy directive: "connect-src https://accounts.google.com/gsi/". The policy is report-only, so the violation has been logged but no further action has been taken. @ https://static.coingecko.com/packs/js/1191-ab9c9b0a663f542b5cba.js:1
[    3573ms] [ERROR] %c%d font-size:0;color:transparent NaN @ https://challenges.cloudflare.com/cdn-cgi/challenge-platform/h/b/turnstile/f/ov2/av0/rch/vvgmp/0x4AAAAAABkuQIhLBgY-YxvO/auto/fbE/new/normal?lang=auto:0
[    3573ms] [INFO] Connecting to 'https://www.google.com/ccm/collect?rcb=13&frm=0&en=page_view&dl=https%3A%2F%2Fwww.coingecko.com%2Fen%2Fcoins%2Fnew&scrsrc=www.googletagmanager.com&rnd=1853969905.1778742273&auid=494939319.1778742273&navt=n&npa=0&gtm=45be65c0v9226725750z8852934946za20gzb852934946zd852934946xec&gcd=13l3l3l3l1l1&dma=0&tag_exp=0~115616985~115938466~115938469&apve=1&apvf=f&apvc=0&tids=AW-17441483823&tid=AW-17441483823&tft=1778742273552&tfd=3564' violates the following Content Security Policy directive: "connect-src https://accounts.google.com/gsi/". The policy is report-only, so the violation has been logged but no further action has been taken. @ https://static.coingecko.com/packs/js/1191-ab9c9b0a663f542b5cba.js:1
[    3574ms] [INFO] %c%d font-size:0;color:transparent NaN @ https://challenges.cloudflare.com/cdn-cgi/challenge-platform/h/b/turnstile/f/ov2/av0/rch/vvgmp/0x4AAAAAABkuQIhLBgY-YxvO/auto/fbE/new/normal?lang=auto:0
[    3574ms] [INFO] %c%d font-size:0;color:transparent NaN @ https://challenges.cloudflare.com/cdn-cgi/challenge-platform/h/b/turnstile/f/ov2/av0/rch/vvgmp/0x4AAAAAABkuQIhLBgY-YxvO/auto/fbE/new/normal?lang=auto:0
[    3574ms] [LOG] %c%d font-size:0;color:transparent NaN @ https://challenges.cloudflare.com/cdn-cgi/challenge-platform/h/b/turnstile/f/ov2/av0/rch/vvgmp/0x4AAAAAABkuQIhLBgY-YxvO/auto/fbE/new/normal?lang=auto:0
[    3574ms] [LOG] %c%d font-size:0;color:transparent NaN @ https://challenges.cloudflare.com/cdn-cgi/challenge-platform/h/b/turnstile/f/ov2/av0/rch/vvgmp/0x4AAAAAABkuQIhLBgY-YxvO/auto/fbE/new/normal?lang=auto:0
[    3574ms] [TABLE] %c%d font-size:0;color:transparent Error @ https://challenges.cloudflare.com/cdn-cgi/challenge-platform/h/b/turnstile/f/ov2/av0/rch/vvgmp/0x4AAAAAABkuQIhLBgY-YxvO/auto/fbE/new/normal?lang=auto:0
[    3574ms] [TABLE] %c%d font-size:0;color:transparent Error @ https://challenges.cloudflare.com/cdn-cgi/challenge-platform/h/b/turnstile/f/ov2/av0/rch/vvgmp/0x4AAAAAABkuQIhLBgY-YxvO/auto/fbE/new/normal?lang=auto:0
[    3575ms] [WARNING] %c%d font-size:0;color:transparent NaN @ https://challenges.cloudflare.com/cdn-cgi/challenge-platform/h/b/turnstile/f/ov2/av0/rch/vvgmp/0x4AAAAAABkuQIhLBgY-YxvO/auto/fbE/new/normal?lang=auto:0
[    3575ms] [WARNING] %c%d font-size:0;color:transparent NaN @ https://challenges.cloudflare.com/cdn-cgi/challenge-platform/h/b/turnstile/f/ov2/av0/rch/vvgmp/0x4AAAAAABkuQIhLBgY-YxvO/auto/fbE/new/normal?lang=auto:0
[    3636ms] [WARNING] Failed to parse audio contentType: audio/mp4; codecs=ac-3 @ https://challenges.cloudflare.com/cdn-cgi/challenge-platform/h/b/turnstile/f/ov2/av0/rch/vvgmp/0x4AAAAAABkuQIhLBgY-YxvO/auto/fbE/new/normal?lang=auto:0
[    3636ms] [WARNING] Failed to parse audio contentType: audio/mp4; codecs=ec-3 @ https://challenges.cloudflare.com/cdn-cgi/challenge-platform/h/b/turnstile/f/ov2/av0/rch/vvgmp/0x4AAAAAABkuQIhLBgY-YxvO/auto/fbE/new/normal?lang=auto:0
[    3639ms] [WARNING] Invalid (ambiguous) video codec string: video/webm; codecs=vp9 @ https://challenges.cloudflare.com/cdn-cgi/challenge-platform/h/b/turnstile/f/ov2/av0/rch/vvgmp/0x4AAAAAABkuQIhLBgY-YxvO/auto/fbE/new/normal?lang=auto:0
[    3639ms] [WARNING] Failed to parse video contentType: video/ogg; codecs=theora @ https://challenges.cloudflare.com/cdn-cgi/challenge-platform/h/b/turnstile/f/ov2/av0/rch/vvgmp/0x4AAAAAABkuQIhLBgY-YxvO/auto/fbE/new/normal?lang=auto:0
[    3653ms] [INFO] Connecting to 'https://pixel-config.reddit.com/pixels/a2_f80iomx7q2y6/config' violates the following Content Security Policy directive: "connect-src https://accounts.google.com/gsi/". The policy is report-only, so the violation has been logged but no further action has been taken. @ https://static.coingecko.com/packs/js/1191-ab9c9b0a663f542b5cba.js:1
[    3886ms] [INFO] Connecting to 'https://ad-delivery.net/px.gif?ch=2&e=0.3416791453872635' violates the following Content Security Policy directive: "connect-src https://accounts.google.com/gsi/". The policy is report-only, so the violation has been logged but no further action has been taken. @ https://static.coingecko.com/packs/js/1191-ab9c9b0a663f542b5cba.js:1
[    3886ms] [INFO] Connecting to 'https://ad-delivery.net/px.gif?ch=2&e=0.3416791453872635' violates the following Content Security Policy directive: "connect-src https://accounts.google.com/gsi/". The policy is report-only, so the violation has been logged but no further action has been taken. @ https://static.coingecko.com/packs/js/1191-ab9c9b0a663f542b5cba.js:1
[    3888ms] [INFO] Connecting to 'https://ad.doubleclick.net/favicon.ico?ad=300x250&ad_box_=1&adnet=1&showad=1&size=250x250&e=0.06662709358185503' violates the following Content Security Policy directive: "connect-src https://accounts.google.com/gsi/". The policy is report-only, so the violation has been logged but no further action has been taken. @ https://static.coingecko.com/packs/js/1191-ab9c9b0a663f542b5cba.js:1
[    3888ms] [INFO] Connecting to 'https://ad.doubleclick.net/favicon.ico?ad=300x250&ad_box_=1&adnet=1&showad=1&size=250x250&e=0.06662709358185503' violates the following Content Security Policy directive: "connect-src https://accounts.google.com/gsi/". The policy is report-only, so the violation has been logged but no further action has been taken. @ https://static.coingecko.com/packs/js/1191-ab9c9b0a663f542b5cba.js:1
[    3891ms] [INFO] Connecting to 'https://ad-delivery.net/px.gif?ch=1&e=0.1015274075168141' violates the following Content Security Policy directive: "connect-src https://accounts.google.com/gsi/". The policy is report-only, so the violation has been logged but no further action has been taken. @ https://static.coingecko.com/packs/js/1191-ab9c9b0a663f542b5cba.js:1
[    3892ms] [INFO] Connecting to 'https://ad-delivery.net/px.gif?ch=1&e=0.1015274075168141' violates the following Content Security Policy directive: "connect-src https://accounts.google.com/gsi/". The policy is report-only, so the violation has been logged but no further action has been taken. @ https://static.coingecko.com/packs/js/1191-ab9c9b0a663f542b5cba.js:1
[    3893ms] [INFO] Connecting to 'https://ab.dns-finder.com/meta/dns' violates the following Content Security Policy directive: "connect-src https://accounts.google.com/gsi/". The policy is report-only, so the violation has been logged but no further action has been taken. @ https://static.coingecko.com/packs/js/1191-ab9c9b0a663f542b5cba.js:1
[    3893ms] [INFO] Connecting to 'https://ab.dns-finder.com/meta/dns' violates the following Content Security Policy directive: "connect-src https://accounts.google.com/gsi/". The policy is report-only, so the violation has been logged but no further action has been taken. @ https://static.coingecko.com/packs/js/1191-ab9c9b0a663f542b5cba.js:1
[    3967ms] [ERROR] Permissions policy violation: xr-spatial-tracking is not allowed in this document. @ https://challenges.cloudflare.com/cdn-cgi/challenge-platform/h/b/turnstile/f/ov2/av0/rch/vvgmp/0x4AAAAAABkuQIhLBgY-YxvO/auto/fbE/new/normal?lang=auto:0
[    3968ms] [ERROR] Permissions policy violation: xr-spatial-tracking is not allowed in this document. @ https://challenges.cloudflare.com/cdn-cgi/challenge-platform/h/b/turnstile/f/ov2/av0/rch/vvgmp/0x4AAAAAABkuQIhLBgY-YxvO/auto/fbE/new/normal?lang=auto:0
[    4154ms] [INFO] Connecting to 'https://ad-delivery.net/px.gif?ch=1&e=0.1874922108538617' violates the following Content Security Policy directive: "connect-src https://accounts.google.com/gsi/". The policy is report-only, so the violation has been logged but no further action has been taken. @ https://static.coingecko.com/packs/js/1191-ab9c9b0a663f542b5cba.js:1
[    4154ms] [INFO] Connecting to 'https://ad-delivery.net/px.gif?ch=1&e=0.1874922108538617' violates the following Content Security Policy directive: "connect-src https://accounts.google.com/gsi/". The policy is report-only, so the violation has been logged but no further action has been taken. @ https://static.coingecko.com/packs/js/1191-ab9c9b0a663f542b5cba.js:1
[    4342ms] [INFO] Connecting to 'https://ad.doubleclick.net/favicon.ico?ad=300x250&ad_box_=1&adnet=1&showad=1&size=250x250&e=0.3733587667460263' violates the following Content Security Policy directive: "connect-src https://accounts.google.com/gsi/". The policy is report-only, so the violation has been logged but no further action has been taken. @ https://static.coingecko.com/packs/js/1191-ab9c9b0a663f542b5cba.js:1
[    4342ms] [INFO] Connecting to 'https://ad.doubleclick.net/favicon.ico?ad=300x250&ad_box_=1&adnet=1&showad=1&size=250x250&e=0.3733587667460263' violates the following Content Security Policy directive: "connect-src https://accounts.google.com/gsi/". The policy is report-only, so the violation has been logged but no further action has been taken. @ https://static.coingecko.com/packs/js/1191-ab9c9b0a663f542b5cba.js:1
[    4353ms] [INFO] Connecting to 'https://ad-delivery.net/px.gif?ch=2&e=0.6122229782449299' violates the following Content Security Policy directive: "connect-src https://accounts.google.com/gsi/". The policy is report-only, so the violation has been logged but no further action has been taken. @ https://static.coingecko.com/packs/js/1191-ab9c9b0a663f542b5cba.js:1
[    4353ms] [INFO] Connecting to 'https://ad-delivery.net/px.gif?ch=2&e=0.6122229782449299' violates the following Content Security Policy directive: "connect-src https://accounts.google.com/gsi/". The policy is report-only, so the violation has been logged but no further action has been taken. @ https://static.coingecko.com/packs/js/1191-ab9c9b0a663f542b5cba.js:1
[    4371ms] [INFO] Connecting to 'https://lb.eu-1-id5-sync.com/lb/v1' violates the following Content Security Policy directive: "connect-src https://accounts.google.com/gsi/". The policy is report-only, so the violation has been logged but no further action has been taken. @ https://static.coingecko.com/packs/js/1191-ab9c9b0a663f542b5cba.js:1
[    4372ms] [INFO] Connecting to 'https://lb.eu-1-id5-sync.com/lb/v1' violates the following Content Security Policy directive: "connect-src https://accounts.google.com/gsi/". The policy is report-only, so the violation has been logged but no further action has been taken. @ https://static.coingecko.com/packs/js/1191-ab9c9b0a663f542b5cba.js:1
[    4541ms] [ERROR] This document requires 'TrustedHTML' assignment. The action has been blocked. @ https://challenges.cloudflare.com/cdn-cgi/challenge-platform/h/b/turnstile/f/ov2/av0/rch/vvgmp/0x4AAAAAABkuQIhLBgY-YxvO/auto/fbE/new/normal?lang=auto:0
[    4541ms] [ERROR] This document requires 'TrustedHTML' assignment. The action has been blocked. @ https://challenges.cloudflare.com/cdn-cgi/challenge-platform/h/b/turnstile/f/ov2/av0/rch/vvgmp/0x4AAAAAABkuQIhLBgY-YxvO/auto/fbE/new/normal?lang=auto:0
[    4543ms] [ERROR] This document requires 'TrustedScript' assignment. The action has been blocked. @ https://challenges.cloudflare.com/cdn-cgi/challenge-platform/h/b/turnstile/f/ov2/av0/rch/vvgmp/0x4AAAAAABkuQIhLBgY-YxvO/auto/fbE/new/normal?lang=auto:0
[    4543ms] [ERROR] This document requires 'TrustedScript' assignment. The action has been blocked. @ https://challenges.cloudflare.com/cdn-cgi/challenge-platform/h/b/turnstile/f/ov2/av0/rch/vvgmp/0x4AAAAAABkuQIhLBgY-YxvO/auto/fbE/new/normal?lang=auto:0
[    4544ms] [ERROR] This document requires 'TrustedScriptURL' assignment. The action has been blocked. @ https://challenges.cloudflare.com/cdn-cgi/challenge-platform/h/b/turnstile/f/ov2/av0/rch/vvgmp/0x4AAAAAABkuQIhLBgY-YxvO/auto/fbE/new/normal?lang=auto:0
[    4544ms] [ERROR] This document requires 'TrustedScriptURL' assignment. The action has been blocked. @ https://challenges.cloudflare.com/cdn-cgi/challenge-platform/h/b/turnstile/f/ov2/av0/rch/vvgmp/0x4AAAAAABkuQIhLBgY-YxvO/auto/fbE/new/normal?lang=auto:0
[    4560ms] [ERROR] Executing inline script violates the following Content Security Policy directive 'script-src 'nonce-6Bz4ZzRxD4DG01mYR7eTKh' 'unsafe-eval''. Either the 'unsafe-inline' keyword, a hash ('sha256-eJGI0Ik4oYe/PKLDOt4wcN76wYs8h+Ew05pMzdY6xG8='), or a nonce ('nonce-...') is required to enable inline execution. The action has been blocked. @ about:srcdoc:0
[    4560ms] [ERROR] Executing inline script violates the following Content Security Policy directive 'script-src 'nonce-6Bz4ZzRxD4DG01mYR7eTKh' 'unsafe-eval''. Either the 'unsafe-inline' keyword, a hash ('sha256-eJGI0Ik4oYe/PKLDOt4wcN76wYs8h+Ew05pMzdY6xG8='), or a nonce ('nonce-...') is required to enable inline execution. The action has been blocked. @ about:srcdoc:0
[    4561ms] [ERROR] This document requires 'TrustedScript' assignment. The action has been blocked. @ https://challenges.cloudflare.com/cdn-cgi/challenge-platform/h/b/turnstile/f/ov2/av0/rch/vvgmp/0x4AAAAAABkuQIhLBgY-YxvO/auto/fbE/new/normal?lang=auto:0
[    4561ms] [ERROR] This document requires 'TrustedScript' assignment. The action has been blocked. @ https://challenges.cloudflare.com/cdn-cgi/challenge-platform/h/b/turnstile/f/ov2/av0/rch/vvgmp/0x4AAAAAABkuQIhLBgY-YxvO/auto/fbE/new/normal?lang=auto:0
[    4793ms] [INFO] Connecting to 'https://ad.doubleclick.net/favicon.ico?ad=300x250&ad_box_=1&adnet=1&showad=1&size=250x250&e=0.7197782448364681' violates the following Content Security Policy directive: "connect-src https://accounts.google.com/gsi/". The policy is report-only, so the violation has been logged but no further action has been taken. @ https://static.coingecko.com/packs/js/1191-ab9c9b0a663f542b5cba.js:1
[    4793ms] [INFO] Connecting to 'https://ad.doubleclick.net/favicon.ico?ad=300x250&ad_box_=1&adnet=1&showad=1&size=250x250&e=0.7197782448364681' violates the following Content Security Policy directive: "connect-src https://accounts.google.com/gsi/". The policy is report-only, so the violation has been logged but no further action has been taken. @ https://static.coingecko.com/packs/js/1191-ab9c9b0a663f542b5cba.js:1
[    4809ms] [INFO] Connecting to 'https://ad-delivery.net/px.gif?ch=2&e=0.8062384043168145' violates the following Content Security Policy directive: "connect-src https://accounts.google.com/gsi/". The policy is report-only, so the violation has been logged but no further action has been taken. @ https://static.coingecko.com/packs/js/1191-ab9c9b0a663f542b5cba.js:1
[    4809ms] [INFO] Connecting to 'https://ad-delivery.net/px.gif?ch=2&e=0.8062384043168145' violates the following Content Security Policy directive: "connect-src https://accounts.google.com/gsi/". The policy is report-only, so the violation has been logged but no further action has been taken. @ https://static.coingecko.com/packs/js/1191-ab9c9b0a663f542b5cba.js:1
[    4967ms] [INFO] Connecting to 'https://www.coingecko.com/cdn-cgi/challenge-platform/h/b/rc/9fb80c9d6e91731f' violates the following Content Security Policy directive: "connect-src https://accounts.google.com/gsi/". The policy is report-only, so the violation has been logged but no further action has been taken. @ https://static.coingecko.com/packs/js/1191-ab9c9b0a663f542b5cba.js:1
[    4967ms] [INFO] Connecting to 'https://www.coingecko.com/cdn-cgi/challenge-platform/h/b/rc/9fb80c9d6e91731f' violates the following Content Security Policy directive: "connect-src https://accounts.google.com/gsi/". The policy is report-only, so the violation has been logged but no further action has been taken. @ https://static.coingecko.com/packs/js/1191-ab9c9b0a663f542b5cba.js:1
[    4977ms] [INFO] Connecting to 'https://id5-sync.com/g/v2/336.json' violates the following Content Security Policy directive: "connect-src https://accounts.google.com/gsi/". The policy is report-only, so the violation has been logged but no further action has been taken. @ https://static.coingecko.com/packs/js/1191-ab9c9b0a663f542b5cba.js:1
[    4977ms] [INFO] Connecting to 'https://id5-sync.com/g/v2/336.json' violates the following Content Security Policy directive: "connect-src https://accounts.google.com/gsi/". The policy is report-only, so the violation has been logged but no further action has been taken. @ https://static.coingecko.com/packs/js/1191-ab9c9b0a663f542b5cba.js:1
[    5242ms] [INFO] Connecting to 'https://ad.doubleclick.net/favicon.ico?ad=300x250&ad_box_=1&adnet=1&showad=1&size=250x250&e=0.8971176374320996' violates the following Content Security Policy directive: "connect-src https://accounts.google.com/gsi/". The policy is report-only, so the violation has been logged but no further action has been taken. @ https://static.coingecko.com/packs/js/1191-ab9c9b0a663f542b5cba.js:1
[    5243ms] [INFO] Connecting to 'https://ad.doubleclick.net/favicon.ico?ad=300x250&ad_box_=1&adnet=1&showad=1&size=250x250&e=0.8971176374320996' violates the following Content Security Policy directive: "connect-src https://accounts.google.com/gsi/". The policy is report-only, so the violation has been logged but no further action has been taken. @ https://static.coingecko.com/packs/js/1191-ab9c9b0a663f542b5cba.js:1
[    5263ms] [INFO] Connecting to 'https://ad-delivery.net/px.gif?ch=2&e=0.41868042464708566' violates the following Content Security Policy directive: "connect-src https://accounts.google.com/gsi/". The policy is report-only, so the violation has been logged but no further action has been taken. @ https://static.coingecko.com/packs/js/1191-ab9c9b0a663f542b5cba.js:1
[    5263ms] [INFO] Connecting to 'https://ad-delivery.net/px.gif?ch=2&e=0.41868042464708566' violates the following Content Security Policy directive: "connect-src https://accounts.google.com/gsi/". The policy is report-only, so the violation has been logged but no further action has been taken. @ https://static.coingecko.com/packs/js/1191-ab9c9b0a663f542b5cba.js:1
[    5702ms] [INFO] Connecting to 'https://ad.doubleclick.net/favicon.ico?ad=300x250&ad_box_=1&adnet=1&showad=1&size=250x250&e=0.34200948760560324' violates the following Content Security Policy directive: "connect-src https://accounts.google.com/gsi/". The policy is report-only, so the violation has been logged but no further action has been taken. @ https://static.coingecko.com/packs/js/1191-ab9c9b0a663f542b5cba.js:1
[    5702ms] [INFO] Connecting to 'https://ad.doubleclick.net/favicon.ico?ad=300x250&ad_box_=1&adnet=1&showad=1&size=250x250&e=0.34200948760560324' violates the following Content Security Policy directive: "connect-src https://accounts.google.com/gsi/". The policy is report-only, so the violation has been logged but no further action has been taken. @ https://static.coingecko.com/packs/js/1191-ab9c9b0a663f542b5cba.js:1
[    5720ms] [INFO] Connecting to 'https://ad-delivery.net/px.gif?ch=2&e=0.11789012943953092' violates the following Content Security Policy directive: "connect-src https://accounts.google.com/gsi/". The policy is report-only, so the violation has been logged but no further action has been taken. @ https://static.coingecko.com/packs/js/1191-ab9c9b0a663f542b5cba.js:1
[    5720ms] [INFO] Connecting to 'https://ad-delivery.net/px.gif?ch=2&e=0.11789012943953092' violates the following Content Security Policy directive: "connect-src https://accounts.google.com/gsi/". The policy is report-only, so the violation has been logged but no further action has been taken. @ https://static.coingecko.com/packs/js/1191-ab9c9b0a663f542b5cba.js:1
[    6177ms] [INFO] Connecting to 'https://api.btloader.com/country?o=5172243878903808' violates the following Content Security Policy directive: "connect-src https://accounts.google.com/gsi/". The policy is report-only, so the violation has been logged but no further action has been taken. @ https://static.coingecko.com/packs/js/1191-ab9c9b0a663f542b5cba.js:1
[    6177ms] [INFO] Connecting to 'https://api.btloader.com/country?o=5172243878903808' violates the following Content Security Policy directive: "connect-src https://accounts.google.com/gsi/". The policy is report-only, so the violation has been logged but no further action has been taken. @ https://static.coingecko.com/packs/js/1191-ab9c9b0a663f542b5cba.js:1
[    6181ms] [INFO] Connecting to 'https://api.btloader.com/pv?nlf=false&tid=Bpm3q351Fc-qn7vZKtQWV-9e254d21cb&sid=1MP1vKeN-gjdaD9M7C-9e254d21cb&cv=2.1.189-1-gf2b7278&upapi=true' violates the following Content Security Policy directive: "connect-src https://accounts.google.com/gsi/". The policy is report-only, so the violation has been logged but no further action has been taken. @ https://static.coingecko.com/packs/js/1191-ab9c9b0a663f542b5cba.js:1
[    6181ms] [INFO] Connecting to 'https://api.btloader.com/pv?nlf=false&tid=Bpm3q351Fc-qn7vZKtQWV-9e254d21cb&sid=1MP1vKeN-gjdaD9M7C-9e254d21cb&cv=2.1.189-1-gf2b7278&upapi=true' violates the following Content Security Policy directive: "connect-src https://accounts.google.com/gsi/". The policy is report-only, so the violation has been logged but no further action has been taken. @ https://static.coingecko.com/packs/js/1191-ab9c9b0a663f542b5cba.js:1
[    7962ms] [WARNING] The resource https://challenges.cloudflare.com/cdn-cgi/challenge-platform/h/b/cmg/1 was preloaded using link preload but not used within a few seconds from the window's load event. Please make sure it has an appropriate `as` value and it is preloaded intentionally. @ https://challenges.cloudflare.com/cdn-cgi/challenge-platform/h/b/turnstile/f/ov2/av0/rch/vvgmp/0x4AAAAAABkuQIhLBgY-YxvO/auto/fbE/new/normal?lang=auto:0
[    9468ms] [WARNING] The resource https://static.coingecko.com/s/coingecko-logo-4e0a4227c866a5c8b23ca06323b2aa1e3b08b0ef6fd0b26020c94044415ad9ab.png was preloaded using link preload but not used within a few seconds from the window's load event. Please make sure it has an appropriate `as` value and it is preloaded intentionally. @ https://www.coingecko.com/en/coins/new:0
[   63290ms] [ERROR] Framing 'https://cm.g.doubleclick.net/' violates the following report-only Content Security Policy directive: "frame-src https://accounts.google.com/gsi/". The violation has been logged, but no further action has been taken.
 @ https://securepubads.g.doubleclick.net/:0
[   63445ms] [ERROR] Framing 'https://cm.g.doubleclick.net/' violates the following report-only Content Security Policy directive: "frame-src https://accounts.google.com/gsi/". The violation has been logged, but no further action has been taken.
 @ https://securepubads.g.doubleclick.net/:0
[   66474ms] [WARNING] The resource https://static.coingecko.com/s/coingecko-logo-4e0a4227c866a5c8b23ca06323b2aa1e3b08b0ef6fd0b26020c94044415ad9ab.png was preloaded using link preload but not used within a few seconds from the window's load event. Please make sure it has an appropriate `as` value and it is preloaded intentionally. @ https://www.coingecko.com/en/coins/new:0
